Course Code,Course Title,HE Institution,Course Level,Category,2021,2022,2023,2024,2025
AC120,International Business,American College,8,Business and administration,294,218,218,269,278
AC137,Liberal Arts,American College,8,Humanities (except languages),271,244,269,254,293
AD101,First Year Art and Design  (Common Entry -  portfolio),National College of Art and Design,8,Arts,554,529,559,512,515
AD102,Graphic Design and Moving Image Design (portfolio),National College of Art and Design,8,Arts,538,506,638,694,538
AD103,Textile and Surface Design and Jewellery and Objects (portfolio),National College of Art and Design,8,Arts,505,484,558,568,514
AD104,Fine Art and Applied Art (portfolio),National College of Art and Design,8,Arts,,,,524,582
AD202,Education and Art  or Design (Second Level Teaching - portfolio),National College of Art and Design,8,Education,591,593,554,605,600
AD211,Fashion Design (portfolio),National College of Art and Design,8,Arts,760,638,700,695,604
AD212,Product Design (portfolio),National College of Art and Design,8,Arts,413,486,458,426,413
AD215,Visual Culture,National College of Art and Design,8,Arts,337,350,337,319,316
AD217,Illustration (portfolio),National College of Art and Design,8,Arts,738,670,714,727,657
AD222,Interaction Design (portfolio),National College of Art and Design,8,Information and Communication Technologies (ICTs),444,605,550,893,400
AU170,Health Science with Physiotherapy Studies,Atlantic Technological University,6,Health,,,466,467,522
AU171,Health Science with Occupational Therapy Studies,Atlantic Technological University,6,Health,,,462,437,490
AU172,Health Science with Dietetics Studies,Atlantic Technological University,6,Health,,,316,320,359
AU173,Dental Nursing,Atlantic Technological University,6,Health,,,328,253,232
AU174,Pharmacy Technician,Atlantic Technological University,6,Health,,,210,201,232
AU190,"Early Childhood Care, Health and Education",Atlantic Technological University,6,Welfare,,,161,170,163
AU200,Business - Common Entry,Atlantic Technological University,7,Business and administration,,,224,233,178
AU210,Law with Criminal Justice,Atlantic Technological University,7,Law,,,206,204,232
AU220,Culinary Arts,Atlantic Technological University,7,Personal services,,,196,160,187
AU221,Tourism and Hospitality Operations,Atlantic Technological University,7,Personal services,,,178,222,262
AU222,Sport and Exercise,Atlantic Technological University,7,Personal services,,,220,243,224
AU234,Design - common entry,Atlantic Technological University,7,Arts,,,,,227
AU240,Quantity Surveying,Atlantic Technological University,7,Architecture and construction,,,242,226,260
AU241,Civil Engineering,Atlantic Technological University,7,Architecture and construction,,,242,280,298
AU242,Construction - Common Entry,Atlantic Technological University,7,Architecture and construction,,,266,235,251
AU243,Building Engineering - Common Entry,Atlantic Technological University,7,Architecture and construction,,,246,264,208
AU251,Mechanical Engineering,Atlantic Technological University,7,Engineering and engineering trades,,,245,257,271
AU260,Computer Games Development,Atlantic Technological University,7,Information and Communication Technologies (ICTs),,,241,268,268
AU261,Computing,Atlantic Technological University,7,Information and Communication Technologies (ICTs),,,178,206,243
AU262,Cybersecurity and Digital Forensics,Atlantic Technological University,7,Information and Communication Technologies (ICTs),,,250,261,242
AU270,Science - Common Entry,Atlantic Technological University,7,Biological and related sciences,,,180,225,208
AU271,Veterinary Nursing,Atlantic Technological University,7,Veterinary,,,388,380,409
AU272,Agriculture,Atlantic Technological University,7,Agriculture,,,225,251,251
AU300,Business - Accounting,Atlantic Technological University,8,Business and administration,,,316,332,326
AU301,Business,Atlantic Technological University,8,Business and administration,,,282,287,287
AU302,Marketing with Online Technologies,Atlantic Technological University,8,Business and administration,,,302,307,300
AU310,LLB (Law),Atlantic Technological University,8,Law,,,330,327,326
AU311,Corporate Law,Atlantic Technological University,8,Law,,,,319,301
AU312,Communications with English,Atlantic Technological University,8,Arts,,,303,307,316
AU320,Sports and Exercise - Common Entry,Atlantic Technological University,8,Personal services,,,310,317,300
AU321,Athletic Therapy and Exercise Rehabilitation,Atlantic Technological University,8,Personal services,,,361,357,365
AU322,Hospitality Management,Atlantic Technological University,8,Personal services,,,261,291,296
AU331,Animation,Atlantic Technological University,8,Arts,,,,,301
AU332,Film and Media Production,Atlantic Technological University,8,Arts,,,,,302
AU333,Graphic Design and Illustration,Atlantic Technological University,8,Arts,,,,,309
AU334,Fashion Design with Promotion,Atlantic Technological University,8,Arts,,,,,346
AU340,Fire Safety Engineering,Atlantic Technological University,8,Architecture and construction,,,300,310,301
AU341,Quantity Surveying,Atlantic Technological University,8,Architecture and construction,,,322,341,347
AU342,Construction Management,Atlantic Technological University,8,Architecture and construction,,,300,300,327
AU343,Architectural Technology,Atlantic Technological University,8,Architecture and construction,,,327,326,330
AU350,Mechanical Engineering,Atlantic Technological University,8,Engineering and engineering trades,,,321,360,384
AU351,Electronic Engineering,Atlantic Technological University,8,Engineering and engineering trades,,,309,342,307
AU354,Electric Vehicle Engineering,Atlantic Technological University,8,Engineering and engineering trades,,,,,320
AU360,Applied Computing,Atlantic Technological University,8,Information and Communication Technologies (ICTs),,,307,308,353
AU361,Computer Science,Atlantic Technological University,8,Information and Communication Technologies (ICTs),,,308,327,307
AU362,Cyberpsychology,Atlantic Technological University,8,Information and Communication Technologies (ICTs),,,310,320,300
AU363,Computing in Data Science and Artificial Intelligence,Atlantic Technological University,8,Information and Communication Technologies (ICTs),,,296,345,371
AU370,Food Science and Nutrition,Atlantic Technological University,8,Biological and related sciences,,,301,308,310
AU371,Agriculture - Common Entry,Atlantic Technological University,8,Agriculture,,,317,316,312
AU372,Bioanalytical Science,Atlantic Technological University,8,Biological and related sciences,,,319,369,348
AU373,Pharmaceutical and Medicinal Science,Atlantic Technological University,8,Biological and related sciences,,,322,346,319
AU380,General Nursing,Atlantic Technological University,8,Health,,,350,343,340
AU381,Mental Health Nursing,Atlantic Technological University,8,Health,,,260,272,270
AU382,Intellectual Disability Nursing,Atlantic Technological University,8,Health,,,242,271,288
AU390,"Early Childhood Care, Health and Education",Atlantic Technological University,8,Welfare,,,302,300,301
AU391,Health and Social Care,Atlantic Technological University,8,Welfare,,,307,308,306
AU401,Business,Atlantic Technological University,6,Business and administration,,,161,162,170
AU425,Heritage,Atlantic Technological University,6,Social and behavioural sciences,,,181,250,204
AU426,Business in Tourism,Atlantic Technological University,6,Personal services,,,259,214,196
AU429,Culinary Arts Professional Chef Programme,Atlantic Technological University,6,Personal services,,,190,216,188
AU491,Early Childhood Education and Care,Atlantic Technological University,6,Education,,,182,187,163
AU501,Business,Atlantic Technological University,7,Business and administration,,,222,224,233
AU502,Business Information Systems,Atlantic Technological University,7,Information and Communication Technologies (ICTs),,,238,253,232
AU503,Marketing and Sales,Atlantic Technological University,7,Business and administration,,,251,251,238
AU506,Agri-Business Management,Atlantic Technological University,7,Agriculture,,,243,,
AU518,Art (portfolio),Atlantic Technological University,7,Arts,,,552,513,679
AU519,Design - Common Entry,Atlantic Technological University,7,Arts,,,254,251,241
AU531,Gastronomy Science and Food Innovation,Atlantic Technological University,7,Manufacturing and processing,,,300,232,282
AU532,"Tourism, Hospitality & Event Management - Common Entry",Atlantic Technological University,7,Personal services,,,,224,233
AU535,Construction Management,Atlantic Technological University,7,Architecture and construction,,,262,262,297
AU536,Quantity Surveying and Construction Economics,Atlantic Technological University,7,Architecture and construction,,,250,251,
AU537,Architectural Technology,Atlantic Technological University,7,Architecture and construction,,,268,255,254
AU538,Civil Engineering,Atlantic Technological University,7,Architecture and construction,,,300,302,300
AU542,Software and Electronic Engineering,Atlantic Technological University,7,Engineering and engineering trades,,,239,250,262
AU545,Mechanical Engineering,Atlantic Technological University,7,Engineering and engineering trades,,,301,303,283
AU547,Biomedical Engineering,Atlantic Technological University,7,Engineering and engineering trades,,,308,300,308
AU549,Engineering - Common Entry,Atlantic Technological University,7,Engineering and engineering trades,,,347,317,300
AU555,Applied Freshwater and Marine Biology,Atlantic Technological University,7,Biological and related sciences,,,305,300,302
AU556,Science - undenominated,Atlantic Technological University,7,Biological and related sciences,,,283,280,289
AU557,Agriculture and Environmental Management,Atlantic Technological University,7,Agriculture,,,270,269,261
AU568,Chemical and Pharmaceutical Science,Atlantic Technological University,7,Environment,,,,306,281
AU569,Applied Biology and Biopharmaceutical Science,Atlantic Technological University,7,Biological and related sciences,,,307,282,295
AU576,Computing in Software Development,Atlantic Technological University,7,Information and Communication Technologies (ICTs),,,271,263,252
AU577,Computing and Digital Media,Atlantic Technological University,7,Information and Communication Technologies (ICTs),,,259,254,251
AU583,"Furniture Design, Making and Technology - Common Entry",Atlantic Technological University,7,Arts,,,336,320,351
AU590,Outdoor Education and Leisure,Atlantic Technological University,7,Personal services,,,195,244,220
AU593,Applied Social Care,Atlantic Technological University,7,Welfare,,,251,251,231
AU600,Accounting,Atlantic Technological University,8,Business and administration,,,311,310,325
AU601,Business,Atlantic Technological University,8,Business and administration,,,280,280,280
AU602,Business Information Systems,Atlantic Technological University,8,Information and Communication Technologies (ICTs),,,307,307,320
AU603,Marketing and Sales,Atlantic Technological University,8,Business and administration,,,300,308,300
AU604,Finance and Economics,Atlantic Technological University,8,Business and administration,,,319,310,307
AU605,Business with Entrepreneurship,Atlantic Technological University,8,Business and administration,,,281,303,300
AU606,Agri-Business Management,Atlantic Technological University,8,Agriculture,,,300,284,300
AU607,Digital Accounting,Atlantic Technological University,8,Business and administration,,,301,348,349
AU615,Film and Documentary,Atlantic Technological University,8,Arts,,,311,321,302
AU616,"Communications, Media and Storytelling",Atlantic Technological University,8,Arts,,,308,303,301
AU617,Animation and Game Design,Atlantic Technological University,8,Arts,,,400,401,400
AU618,Art (portfolio),Atlantic Technological University,8,Arts,,,552,838,926
AU620,Education (Art and Design and Communication Graphics),Atlantic Technological University,8,Education,,,400,410,400
AU621,Textile and Fashion Design,Atlantic Technological University,8,Arts,,,,326,317
AU622,Interior Design,Atlantic Technological University,8,Arts,,,,318,311
AU623,Graphic Design and Illustration,Atlantic Technological University,8,Arts,,,,318,316
AU624,Product Design,Atlantic Technological University,8,Arts,,,,310,309
AU625,Heritage,Atlantic Technological University,8,Social and behavioural sciences,,,320,337,340
AU628,International Tourism Management,Atlantic Technological University,8,Personal services,,,287,281,316
AU629,Event Management with Public Relations,Atlantic Technological University,8,Personal services,,,263,280,288
AU630,International Hotel and Hospitality Management,Atlantic Technological University,8,Personal services,,,274,288,300
AU631,Gastronomy Science and Food Innovation,Atlantic Technological University,8,Manufacturing and processing,,,271,281,300
AU635,Construction Management,Atlantic Technological University,8,Architecture and construction,,,330,332,351
AU636,Quantity Surveying and Construction Economics,Atlantic Technological University,8,Architecture and construction,,,348,351,350
AU637,Architectural Technology,Atlantic Technological University,8,Architecture and construction,,,332,327,339
AU638,Civil Engineering,Atlantic Technological University,8,Architecture and construction,,,400,410,440
AU642,Software and Electronic Engineering,Atlantic Technological University,8,Engineering and engineering trades,,,307,309,300
AU645,Mechanical Engineering,Atlantic Technological University,8,Engineering and engineering trades,,,431,430,441
AU646,Energy Engineering,Atlantic Technological University,8,Engineering and engineering trades,,,337,328,320
AU647,Biomedical Engineering,Atlantic Technological University,8,Engineering and engineering trades,,,380,392,420
AU648,Agricultural Engineering,Atlantic Technological University,8,Engineering and engineering trades,,,327,334,326
AU649,Engineering - Common Entry,Atlantic Technological University,8,Engineering and engineering trades,,,465,462,465
AU650,Manufacturing Engineering Design,Atlantic Technological University,8,Manufacturing and processing,,,302,319,327
AU655,Applied Freshwater and Marine Biology,Atlantic Technological University,8,Biological and related sciences,,,401,400,400
AU656,Science - undenominated,Atlantic Technological University,8,Biological and related sciences,,,400,350,376
AU657,Agriculture and Environmental Management,Atlantic Technological University,8,Agriculture,,,320,311,310
AU662,Sport and Exercise Science,Atlantic Technological University,8,Personal services,,,360,356,400
AU663,Public Health Nutrition,Atlantic Technological University,8,Biological and related sciences,,,366,357,340
AU664,Sports Coaching,Atlantic Technological University,8,Education,,,320,318,307
AU668,Chemical and Pharmaceutical Science,Atlantic Technological University,8,Environment,,,362,361,409
AU669,Forensic Science and Analysis,Atlantic Technological University,8,Physical sciences,,,400,380,419
AU670,Applied Biology and Biopharmaceutical Science,Atlantic Technological University,8,Biological and related sciences,,,400,378,402
AU671,Medical Science,Atlantic Technological University,8,Health,,,506,490,485
AU675,Physics and Instrumentation,Atlantic Technological University,8,Physical sciences,,,312,317,333
AU676,Computing in Software Development,Atlantic Technological University,8,Information and Communication Technologies (ICTs),,,362,341,321
AU677,Computing and Digital Media,Atlantic Technological University,8,Information and Communication Technologies (ICTs),,,302,300,327
AU680,"Education (Design, Graphics and Construction)",Atlantic Technological University,8,Education,,,400,400,410
AU681,Furniture Design and Manufacture,Atlantic Technological University,8,Arts,,,400,400,409
AU682,Furniture Making and Architectural Woodworking,Atlantic Technological University,8,Arts,,,382,403,401
AU683,Furniture Design Making and Technology - Common Entry,Atlantic Technological University,8,Arts,,,388,409,403
AU690,General Nursing,Atlantic Technological University,8,Health,,,350,342,349
AU691,Mental Health Nursing,Atlantic Technological University,8,Health,,,261,273,271
AU693,Geography and Outdoor Education,Atlantic Technological University,8,Humanities (except languages),,,290,352,307
AU694,History and Geography,Atlantic Technological University,8,Humanities (except languages),,,280,280,317
AU695,Early Childhood Education and Care,Atlantic Technological University,8,Education,,,280,308,303
AU696,Applied Social Care,Atlantic Technological University,8,Welfare,,,307,309,310
AU698,Psychology,Atlantic Technological University,8,Social and behavioural sciences,,,357,358,352
AU699,Outdoor and Environmental Education - Common Entry,Atlantic Technological University,8,Personal services,,,,330,367
AU725,Computing,Atlantic Technological University,6,Information and Communication Technologies (ICTs),,,199,174,186
AU730,Science,Atlantic Technological University,6,Biological and related sciences,,,206,168,161
AU800,Business,Atlantic Technological University,7,Business and administration,,,224,224,179
AU802,Marketing,Atlantic Technological University,7,Business and administration,,,262,253,232
AU803,International Tourism and Event Management,Atlantic Technological University,7,Personal services,,,200,225,226
AU804,Applied Sport with Business,Atlantic Technological University,7,Personal services,,,225,242,223
AU820,Interior Architecture and Design,Atlantic Technological University,7,Architecture and construction,,,273,270,271
AU821,Creative Design,Atlantic Technological University,7,Arts,,,264,231,225
AU822,Fine Art (portfolio),Atlantic Technological University,7,Arts,,,340,371,256
AU823,Performing Arts,Atlantic Technological University,7,Arts,,,253,229,233
AU830,Engineering - Common  Entry,Atlantic Technological University,7,Engineering and engineering trades,,,290,270,270
AU831,Mechatronic Engineering,Atlantic Technological University,7,Engineering and engineering trades,,,307,252,309
AU833,Mechanical Engineering,Atlantic Technological University,7,Engineering and engineering trades,,,241,260,271
AU835,Civil Engineering,Atlantic Technological University,7,Architecture and construction,,,262,289,291
AU836,Quantity Surveying,Atlantic Technological University,7,Architecture and construction,,,221,224,260
AU837,Advanced Wood and Sustainable Building Technology,Atlantic Technological University,7,Architecture and construction,,,217,225,235
AU845,Computing - Common Entry,Atlantic Technological University,7,Information and Communication Technologies (ICTs),,,269,,249
AU846,Computer Networks and Cyber Security,Atlantic Technological University,7,Information and Communication Technologies (ICTs),,,223,253,241
AU847,Software Development,Atlantic Technological University,7,Information and Communication Technologies (ICTs),,,260,264,223
AU848,Games Development,Atlantic Technological University,7,Information and Communication Technologies (ICTs),,,232,257,260
AU855,Environmental Science with Ecology,Atlantic Technological University,7,Environment,,,288,280,242
AU856,Occupational Safety and Health,Atlantic Technological University,7,Hygiene and occupational health services,,,281,246,242
AU857,Pharmaceutical Science with Drug Development,Atlantic Technological University,7,Physical sciences,,,,241,263
AU858,Biomedical Science,Atlantic Technological University,7,Health,,,250,262,243
AU859,Forensic Investigation and Analysis,Atlantic Technological University,7,Biological and related sciences,,,260,260,244
AU861,Health Science and Physiology,Atlantic Technological University,7,Health,,,283,273,271
AU862,Human Nutrition,Atlantic Technological University,7,Health,,,280,281,261
AU900,Business,Atlantic Technological University,8,Business and administration,,,287,280,281
AU901,Business and ICT,Atlantic Technological University,8,Business and administration,,,317,317,326
AU902,Accounting,Atlantic Technological University,8,Business and administration,,,312,316,320
AU903,Sport with Business,Atlantic Technological University,8,Personal services,,,300,310,307
AU904,Marketing,Atlantic Technological University,8,Business and administration,,,327,305,300
AU905,Tourism and Event Management,Atlantic Technological University,8,Personal services,,,309,284,288
AU906,Business and Irish,Atlantic Technological University,8,Languages,,,307,339,386
AU915,Law and Business,Atlantic Technological University,8,Law,,,337,300,316
AU916,Sociology and Politics,Atlantic Technological University,8,Social and behavioural sciences,,,319,328,326
AU917,English and Psychology,Atlantic Technological University,8,Social and behavioural sciences,,,358,357,351
AU918,Social Care Practice,Atlantic Technological University,8,Welfare,,,300,300,303
AU919,Early Education and Care,Atlantic Technological University,8,Welfare,,,283,290,301
AU925,Architecture,Atlantic Technological University,8,Architecture and construction,,,430,440,420
AU926,Interior Architecture and Design,Atlantic Technological University,8,Architecture and construction,,,416,401,400
AU927,Creative Design,Atlantic Technological University,8,Arts,,,323,312,305
AU928,Fine Art (portfolio),Atlantic Technological University,8,Arts,,,362,371,378
AU929,Writing and Literature,Atlantic Technological University,8,Languages,,,327,306,317
AU930,Writing and Literature (online),Atlantic Technological University,8,Languages,,,336,305,337
AU931,Performing Arts,Atlantic Technological University,8,Arts,,,321,309,309
AU940,Engineering - Common  Entry,Atlantic Technological University,8,Engineering and engineering trades,,,371,413,401
AU943,Mechanical Engineering,Atlantic Technological University,8,Engineering and engineering trades,,,322,413,409
AU944,Civil Engineering,Atlantic Technological University,8,Architecture and construction,,,361,418,424
AU945,Quantity Surveying,Atlantic Technological University,8,Architecture and construction,,,321,346,344
AU946,Construction Project Management and Applied Technology,Atlantic Technological University,8,Architecture and construction,,,304,301,300
AU955,Computing - Common Entry,Atlantic Technological University,8,Information and Communication Technologies (ICTs),,,308,307,308
AU956,Computer Networks and Cyber Security,Atlantic Technological University,8,Information and Communication Technologies (ICTs),,,300,308,300
AU957,Software Development,Atlantic Technological University,8,Information and Communication Technologies (ICTs),,,300,321,322
AU965,Science - Common Entry,Atlantic Technological University,8,Biological and related sciences,,,346,402,357
AU966,Environmental Science with Ecology,Atlantic Technological University,8,Environment,,,340,339,307
AU967,Occupational Safety and Health,Atlantic Technological University,8,Hygiene and occupational health services,,,351,310,300
AU968,Pharmaceutical Science with Drug Development,Atlantic Technological University,8,Physical sciences,,,300,300,319
AU969,Biomedical Science,Atlantic Technological University,8,Health,,,358,351,336
AU970,Forensic Investigation and Analysis,Atlantic Technological University,8,Biological and related sciences,,,340,317,320
AU971,Health Science and Physical Activity,Atlantic Technological University,8,Health,,,327,321,338
AU972,Human Nutrition,Atlantic Technological University,8,Health,,,377,341,349
AU973,Clinical Measurement Physiology,Atlantic Technological University,8,Health,,,453,465,462
AU985,"Education, Home Economics and Biology - with concurrent Teacher Education",Atlantic Technological University,8,Education,,,520,510,453
AU986,"Education, Home Economics and Religious Ed - with concurrent Teacher Education",Atlantic Technological University,8,Education,,,462,424,400
AU987,"Education, Home Economics and Irish - with concurrent Teacher Education",Atlantic Technological University,8,Education,,,442,429,398
AU988,"Education, Home Economics - with concurrent Teacher Education",Atlantic Technological University,8,Education,,,507,475,408
AU989,"Nutrition, Food and Business Management",Atlantic Technological University,8,Business and administration,,,289,300,337
AU990,Home Economics,Atlantic Technological University,8,Biological and related sciences,,,388,350,301
AU991,General Nursing,Atlantic Technological University,8,Health,,,359,346,369
AU992,Intellectual Disability Nursing,Atlantic Technological University,8,Health,,,278,282,270
BY001,Business,IBAT College Dublin,8,Business and administration,210,236,234,290,253
BY002,Business,IBAT College Dublin,7,Business and administration,347,154,172,126,145
CK101,Arts - 3 years,University College Cork (NUI),8,Arts,300,300,300,300,300
CK102,Social Science - 3 years or 4 years (International Pathway),University College Cork (NUI),8,Social and behavioural sciences,434,441,445,369,400
CK104,"Arts - Music - 3 years or 4 years  (BMus or Chinese/European/International Pathway,interview,audition)",University College Cork (NUI),8,Arts,339,367,310,317,338
CK105,Film and Screen Media - 3 years or 4 years (International Pathway),University College Cork (NUI),8,Arts,421,414,420,378,390
CK108,Arts International - 4 years,University College Cork (NUI),8,Languages,440,452,400,400,401
CK109,English - 3 years or 4 years (International Pathway),University College Cork (NUI),8,Languages,367,402,379,368,366
CK110,World Languages,University College Cork (NUI),8,Languages,488,484,409,404,403
CK111,Early Years and Childhood Studies,University College Cork (NUI),8,Welfare,409,415,347,342,368
CK112,"Theatre and Performative Practices - 3 years or 4 years (International Pathway,audition)",University College Cork (NUI),8,Arts,371,370,341,365,384
CK113,Criminology - 3 years or 4 years (International Pathway),University College Cork (NUI),8,Social and behavioural sciences,464,462,431,405,419
CK114,"Social Science (Youth and Community Work,interview)",University College Cork (NUI),8,Welfare,,,,409,317
CK118,Digital Humanities and Information Technology - 3 years or 4 years (Work Experience or International Pathway),University College Cork (NUI),8,Arts,347,334,328,356,300
CK120,Applied Psychology,University College Cork (NUI),8,Social and behavioural sciences,544,566,554,532,536
CK121,Psychology and Computing - 3 years or 4 years (Work Experience Pathway),University College Cork (NUI),8,Social and behavioural sciences,499,478,488,498,409
CK122,Government and Political Science,University College Cork (NUI),8,Social and behavioural sciences,399,423,353,323,411
CK123,Anthropology - 3 years or 4 years (International Pathway),University College Cork (NUI),8,Humanities (except languages),308,318,304,307,301
CK124,Education - Gaeilge,University College Cork (NUI),8,Education,473,408,424,408,398
CK125,"Physical Education, Sports Studies and Arts",University College Cork (NUI),8,Education,564,532,535,521,521
CK201,Commerce,University College Cork (NUI),8,Business and administration,500,508,499,509,511
CK202,Accounting,University College Cork (NUI),8,Business and administration,553,507,492,498,510
CK203,Business Information Systems,University College Cork (NUI),8,Information and Communication Technologies (ICTs),455,458,434,443,463
CK204,Finance,University College Cork (NUI),8,Business and administration,566,577,565,578,578
CK212,Applied Economics,University College Cork (NUI),8,Social and behavioural sciences,445,466,431,466,498
CK213,Food Marketing and Entrepreneurship,University College Cork (NUI),8,Business and administration,466,434,452,463,466
CK215,International Business with Languages,University College Cork (NUI),8,Business and administration,,467,422,456,463
CK301,Law (Pathways) - 3 years or 4 years,University College Cork (NUI),8,Law,533,539,525,530,532
CK302,Law and French,University College Cork (NUI),8,Law,545,556,518,510,532
CK304,Law and Irish,University College Cork (NUI),8,Law,588,552,545,522,542
CK307,Law and Business,University College Cork (NUI),8,Law,589,590,567,578,566
CK401,Computer Science,University College Cork (NUI),8,Information and Communication Technologies (ICTs),503,509,510,500,456
CK402,Biological and Chemical Sciences,University College Cork (NUI),8,Biological and related sciences,555,553,533,533,532
CK404,"Biological, Environmental and Geological Sciences",University College Cork (NUI),8,Biological and related sciences,500,498,494,489,495
CK405,Genetics,University College Cork (NUI),8,Biological and related sciences,543,543,509,521,521
CK406,Chemical Sciences,University College Cork (NUI),8,Physical sciences,532,543,519,521,510
CK407,Mathematical Sciences,University College Cork (NUI),8,Mathematics and statistics,566,578,556,566,577
CK408,Physics and Astrophysics,University College Cork (NUI),8,Physical sciences,566,578,567,590,565
CK411,Data Science and Analytics,University College Cork (NUI),8,Information and Communication Technologies (ICTs),531,467,445,427,469
CK412,Agricultural Science,University College Cork (NUI),8,"Interdisciplinary programmes and qualifications involving agriculture, forestry and veterinary",506,487,496,446,484
CK413,Science Education,University College Cork (NUI),8,Education,,,520,517,520
CK504,Nutritional Sciences,University College Cork (NUI),8,Biological and related sciences,555,532,511,531,518
CK505,Food Science,University College Cork (NUI),8,Manufacturing and processing,463,452,407,440,453
CK600,Engineering,University College Cork (NUI),8,Engineering and engineering trades,510,510,520,509,543
CK606,Architecture - Offered jointly by UCC and MTU,University College Cork (NUI),8,Architecture and construction,543,544,532,522,532
CK701,Medicine (Undergraduate Entry - HPAT required),University College Cork (NUI),8,Health,738,738,732,730,730
CK702,Dentistry,University College Cork (NUI),8,Health,625,625,625,618,613
CK703,Pharmacy,University College Cork (NUI),8,Health,613,613,613,613,602
CK704,Occupational Therapy,University College Cork (NUI),8,Health,601,577,577,566,566
CK705,Speech and Language Therapy,University College Cork (NUI),8,Health,568,577,555,564,552
CK706,Public Health Sciences,University College Cork (NUI),8,Health,500,455,423,398,414
CK707,Medical and Health Sciences,University College Cork (NUI),8,Health,578,566,544,532,532
CK708,Paramedicine,University College Cork (NUI),8,Health,,,,487,496
CK710,General Nursing,University College Cork (NUI),8,Health,498,464,424,440,452
CK712,Children`s and General Nursing (Integrated),University College Cork (NUI),8,Health,565,554,520,528,522
CK720,Mental Health Nursing,University College Cork (NUI),8,Health,455,430,367,409,400
CK730,Intellectual Disability Nursing,University College Cork (NUI),8,Health,431,419,319,369,356
CK740,Midwifery,University College Cork (NUI),8,Health,509,495,433,444,441
CK791,Medicine (Graduate Entry - GAMSAT required),University College Cork (NUI),8,Health,60,58,,55,57
CM001,Education - Primary Teaching,Marino Institute of Education,8,Education,508,496,477,473,473
CM002,Education - Primary Teaching - Gaeltacht Applicants,Marino Institute of Education,8,Education,462,462,451,455,440
CM003,Oideachas - Bunmhúinteoireacht - Trí Mheán na Gaeilge (TEG),Marino Institute of Education,8,Education,513,535,462,507,502
CM004,Oideachas - Bunmhúinteoireacht - Trí Mheán na Gaeilge (daltaí Gaeltachta - TEG),Marino Institute of Education,8,Education,480,514,459,471,496
CM010,Education Studies,Marino Institute of Education,8,Education,382,318,317,317,320
CM020,Early Childhood Education,Marino Institute of Education,8,Education,317,316,316,336,346
CT125,Computing and IT,CCT College Dublin,8,Information and Communication Technologies (ICTs),242,249,220,225,229
CT325,Business,CCT College Dublin,8,Business and administration,253,219,488,318,275
DB500,Computing,Dublin Business School,8,Information and Communication Technologies (ICTs),234,245,369,411,398
DB502,Computing (Data Analytics and Big Data),Dublin Business School,8,Information and Communication Technologies (ICTs),267,353,407,298,252
DB503,Computing (Software Development),Dublin Business School,8,Information and Communication Technologies (ICTs),,269,315,341,275
DB510,Audio Production and Music Project Management,Dublin Business School,8,Arts,217,238,235,308,273
DB512,Business Studies,Dublin Business School,8,Business and administration,243,253,252,244,263
DB514,Business Studies (Law),Dublin Business School,8,Business and administration,239,280,279,220,260
DB515,Business Studies (Human Resource Management),Dublin Business School,8,Business and administration,242,308,266,235,236
DB517,Marketing (Event Management),Dublin Business School,8,Business and administration,233,230,272,271,282
DB518,Marketing (Digital Marketing),Dublin Business School,8,Business and administration,307,254,253,281,261
DB520,Global Business,Dublin Business School,8,Business and administration,,289,319,297,308
DB521,Accounting and Finance,Dublin Business School,8,Business and administration,243,225,243,269,269
DB524,Business (Information Systems),Dublin Business School,8,Information and Communication Technologies (ICTs),247,227,,298,
DB526,Business (Cloud Computing),Dublin Business School,8,Information and Communication Technologies (ICTs),244,336,353,292,
DB531,Marketing,Dublin Business School,8,Business and administration,288,279,244,244,293
DB534,Sound Engineering and Music Production,Dublin Business School,6,Arts,139,153,145,109,215
DB535,Sustainability,Dublin Business School,8,Environment,,,,,330
DB562,Psychology,Dublin Business School,8,Social and behavioural sciences,244,251,252,251,260
DB566,Social Science,Dublin Business School,8,Social and behavioural sciences,262,275,261,252,271
DB567,Film and Creative Media,Dublin Business School,8,Arts,245,243,253,244,255
DB568,Law,Dublin Business School,8,Law,254,242,263,261,247
DB569,Business (Psychology),Dublin Business School,8,Business and administration,240,242,261,284,253
DB571,Business Studies,Dublin Business School,7,Business and administration,113,118,162,144,108
DB572,Business in Accounting,Dublin Business School,7,Business and administration,141,171,145,172,227
DB573,Business in Marketing,Dublin Business School,7,Business and administration,169,207,188,0,126
DB576,Film and Creative Media,Dublin Business School,7,Arts,101,117,100,108,108
DC001,Education - Early Childhood Education,Dublin City University,8,Education,445,409,419,420,420
DC002,Education - Primary Teaching,Dublin City University,8,Education,518,506,487,480,485
DC003,Education - Primary Teaching - Gaeltacht Applicants,Dublin City University,8,Education,489,478,453,410,431
DC004,Education - Primary Teaching - CIC (Church of Ireland Centre formerly CICE),Dublin City University,8,Education,451,,401,402,407
DC009,Arts: Joint Honours (Humanities),Dublin City University,8,Arts,356,389,360,368,378
DC010,Post Primary Teacher Education - Religious Education and English,Dublin City University,8,Education,384,420,398,420,410
DC011,Post Primary Teacher Education - Religious Education and History,Dublin City University,8,Education,409,408,411,418,409
DC012,Post Primary Teacher Education - Religious Education and Music,Dublin City University,8,Education,409,368,420,422,410
DC013,"Post Primary Teacher Education - Gaeilge and French, German or Spanish",Dublin City University,8,Education,413,441,442,419,440
DC014,Jazz and Contemporary Music Performance (audition),Dublin City University,8,Arts,311,,305,328,515
DC015,"Post Primary Teacher Education -  Technology, Engineering and Graphics",Dublin City University,8,Education,,402,409,400,402
DC016,Post Primary Teaching - Home Economics and Technology,Dublin City University,8,Education,,,,,367
DC110,Business Studies International,Dublin City University,8,Business and administration,498,499,496,488,498
DC111,Business Studies,Dublin City University,8,Business and administration,511,510,499,508,510
DC112,Global Business (France),Dublin City University,8,Business and administration,542,565,555,521,543
DC113,Global Business (Germany),Dublin City University,8,Business and administration,484,500,487,477,455
DC114,Global Business (Spain),Dublin City University,8,Business and administration,544,554,566,554,555
DC115,Accounting and Finance,Dublin City University,8,Business and administration,544,529,509,523,532
DC116,Global Business (USA),Dublin City University,8,Business and administration,613,625,613,613,617
DC117,Aviation Management / Aviation Management with Pilot Studies/Aviation Management with Air Traffic Controller Studies,Dublin City University,8,Business and administration,484,481,486,498,500
DC118,Gnó agus Gaeilge / Business and Irish,Dublin City University,8,Business and administration,368,331,387,377,402
DC119,Global Business (Canada),Dublin City University,8,Business and administration,601,590,577,566,545
DC120,Computing for Business,Dublin City University,8,Information and Communication Technologies (ICTs),403,419,418,414,400
DC121,Computer Science,Dublin City University,8,Information and Communication Technologies (ICTs),475,498,498,498,487
DC123,Data Science,Dublin City University,8,Information and Communication Technologies (ICTs),501,500,501,499,500
DC126,Actuarial Mathematics,Dublin City University,8,Mathematics and statistics,577,589,577,578,589
DC127,Common Entry into Actuarial and Financial Mathematics,Dublin City University,8,Mathematics and statistics,541,543,531,545,555
DC131,Communication Studies,Dublin City University,8,Journalism and information,421,412,400,357,360
DC132,Journalism,Dublin City University,8,Journalism and information,452,432,388,389,409
DC133,Multimedia,Dublin City University,8,Arts,435,440,412,387,388
DC155,Applied Language and Translation Studies,Dublin City University,8,Languages,427,431,442,393,378
DC160,Chemistry with Artificial Intelligence,Dublin City University,8,Physical sciences,,,,,413
DC161,Analytical Science,Dublin City University,8,Physical sciences,498,476,432,431,410
DC162,Chemical and Pharmaceutical Sciences,Dublin City University,8,Physical sciences,531,532,499,485,477
DC163,Chemical Sciences (General Entry),Dublin City University,8,Physical sciences,466,465,405,404,402
DC166,Environmental Science and Technology,Dublin City University,8,Environment,423,444,441,434,434
DC168,Genetics and Cell Biology,Dublin City University,8,Biological and related sciences,543,543,532,532,518
DC175,Physics (General Entry),Dublin City University,8,Physical sciences,400,422,402,402,413
DC180,Biological Sciences (General Entry),Dublin City University,8,Biological and related sciences,530,511,488,487,466
DC181,Biotechnology,Dublin City University,8,Biological and related sciences,530,521,522,520,498
DC190,Electronic and Computer Engineering,Dublin City University,8,Engineering and engineering trades,488,501,500,520,531
DC193,Mechatronic Engineering,Dublin City University,8,Engineering and engineering trades,490,510,501,520,533
DC194,Mechanical and Sustainability Engineering,Dublin City University,8,Environment,476,509,494,510,533
DC195,Mechanical and Manufacturing Engineering,Dublin City University,8,Engineering and engineering trades,500,511,509,522,542
DC197,Biomedical Engineering,Dublin City University,8,Manufacturing and processing,510,544,531,533,544
DC200,Common Entry into Engineering (Undenominated Entry),Dublin City University,8,Engineering and engineering trades,511,534,521,521,543
DC202,Sport Science and Health,Dublin City University,8,Health,511,522,520,511,518
DC203,Science and Mathematics Education,Dublin City University,8,Education,462,413,434,434,443
DC204,Athletic Therapy and Training,Dublin City University,8,Health,558,554,555,565,554
DC205,Physical Education with Biology,Dublin City University,8,Education,565,565,556,542,521
DC206,Physical Education with Mathematics,Dublin City University,8,Education,521,532,501,508,499
DC207,Psychology and Mathematics,Dublin City University,8,Social and behavioural sciences,521,520,480,487,492
DC208,Psychology,Dublin City University,8,Social and behavioural sciences,565,543,534,555,533
DC209,Health and Society,Dublin City University,8,Health,477,498,440,420,452
DC210,Psychology and Disruptive Technologies,Dublin City University,8,Social and behavioural sciences,506,518,473,496,496
DC215,General Nursing,Dublin City University,8,Health,456,447,389,411,424
DC216,Mental Health Nursing,Dublin City University,8,Health,420,414,330,340,359
DC217,Intellectual Disability Nursing,Dublin City University,8,Health,382,381,316,310,308
DC218,Children`s and General Nursing (Integrated),Dublin City University,8,Health,521,521,487,487,509
DC230,"Economics, Politics and Law",Dublin City University,8,Social and behavioural sciences,431,443,440,451,467
DC231,International Relations,Dublin City University,8,Social and behavioural sciences,398,376,388,371,411
DC232,Civil Law (BCL),Dublin City University,8,Law,469,498,476,489,496
DC235,Education and Training,Dublin City University,8,Education,302,337,336,337,346
DC238,Social Sciences and Cultural Innovation,Dublin City University,8,Humanities (except languages),387,395,338,337,334
DC240,"Marketing, Innovation and Technology",Dublin City University,8,Business and administration,499,496,484,477,487
DC241,Digital Business and Innovation,Dublin City University,8,Business and administration,509,507,462,464,468
DC291,Arts: Joint Honours (Media Studies),Dublin City University,8,Arts,350,388,368,368,358
DC292,Arts: Joint Honours (Law),Dublin City University,8,Arts,400,399,379,378,398
DC293,Arts: Joint Honours (International Languages),Dublin City University,8,Arts,379,388,392,410,360
DC294,Climate and Environmental Sustainability,Dublin City University,8,Environment,475,473,473,454,431
DC295,Arts: Joint Honours (Politics),Dublin City University,8,Arts,349,367,357,358,387
DK710,Business and Management,Dundalk Institute of Technology,7,Business and administration,120,0,140,0,0
DK711,Business and Technology,Dundalk Institute of Technology,7,Business and administration,140,0,190,200,225
DK712,Digital Marketing and Public Relations,Dundalk Institute of Technology,7,Business and administration,206,206,208,156,0
DK721,Computing,Dundalk Institute of Technology,7,Information and Communication Technologies (ICTs),120,158,126,215,148
DK723,Computing Systems and Operations,Dundalk Institute of Technology,7,Information and Communication Technologies (ICTs),,,248,190,0
DK730,Building Surveying,Dundalk Institute of Technology,7,Architecture and construction,243,272,170,210,182
DK731,Architectural Technology,Dundalk Institute of Technology,7,Architecture and construction,253,341,140,198,190
DK732,Construction Management,Dundalk Institute of Technology,7,Architecture and construction,243,279,140,215,120
DK734,Quantity Surveying,Dundalk Institute of Technology,7,Architecture and construction,,,,165,0
DK740,Engineering - Electrical and Electronic Systems,Dundalk Institute of Technology,7,Engineering and engineering trades,163,155,176,182,142
DK742,Engineering - Mechanical Engineering,Dundalk Institute of Technology,7,Engineering and engineering trades,166,168,181,183,0
DK744,Engineering - Civil Engineering,Dundalk Institute of Technology,7,Architecture and construction,165,192,0,224,142
DK750,Hospitality Management,Dundalk Institute of Technology,7,Personal services,223,204,100,0,190
DK752,Event Management,Dundalk Institute of Technology,7,Personal services,224,204,174,157,167
DK753,Culinary Arts,Dundalk Institute of Technology,7,Personal services,192,210,140,194,216
DK763,"Sport, Exercise and Enterprise",Dundalk Institute of Technology,7,Personal services,205,0,100,0,136
DK767,"Community Youth Work (portfolio,interview)",Dundalk Institute of Technology,7,Welfare,240,240,240,240,240
DK768,Audio and Music Production,Dundalk Institute of Technology,7,Arts,329,368,328,227,201
DK769,Creative Media,Dundalk Institute of Technology,7,Arts,265,377,282,210,190
DK770,Theatre and Film Practice,Dundalk Institute of Technology,7,Arts,140,165,227,228,215
DK781,Science - Bioscience,Dundalk Institute of Technology,7,Biological and related sciences,376,218,235,166,204
DK783,Science - Pharmaceutical Science,Dundalk Institute of Technology,7,Biological and related sciences,346,211,168,209,192
DK784,Veterinary Nursing,Dundalk Institute of Technology,7,Veterinary,451,434,387,455,424
DK792,Music and Performance Technologies,Dundalk Institute of Technology,7,Arts,,,,272,166
DK801,International Business with Digitalisation,Dundalk Institute of Technology,8,Information and Communication Technologies (ICTs),,,244,298,297
DK802,Business with Management,Dundalk Institute of Technology,8,Business and administration,,,267,244,252
DK810,Accounting and Finance,Dundalk Institute of Technology,8,Business and administration,307,229,247,227,210
DK816,Business Studies,Dundalk Institute of Technology,8,Business and administration,301,299,236,209,219
DK818,Digital Marketing and Strategic Communication,Dundalk Institute of Technology,8,Business and administration,,,274,289,184
DK820,Games Development,Dundalk Institute of Technology,8,Information and Communication Technologies (ICTs),309,309,278,279,256
DK821,Computing in Software Development,Dundalk Institute of Technology,8,Information and Communication Technologies (ICTs),320,319,238,222,235
DK824,Computing Systems and Operations,Dundalk Institute of Technology,8,Information and Communication Technologies (ICTs),,280,248,240,282
DK830,Building Surveying,Dundalk Institute of Technology,8,Architecture and construction,305,293,309,194,234
DK831,Architectural Technology,Dundalk Institute of Technology,8,Architecture and construction,368,381,367,234,221
DK832,Construction Management,Dundalk Institute of Technology,8,Architecture and construction,358,380,288,236,252
DK834,Quantity Surveying,Dundalk Institute of Technology,8,Architecture and construction,,,,210,234
DK843,Engineering (Common Entry),Dundalk Institute of Technology,8,Engineering and engineering trades,404,336,343,368,285
DK844,Mechanical Engineering,Dundalk Institute of Technology,8,Engineering and engineering trades,336,404,334,381,287
DK845,Electrical and Electronic Engineering,Dundalk Institute of Technology,8,Engineering and engineering trades,331,361,220,393,309
DK846,Civil Engineering,Dundalk Institute of Technology,8,Architecture and construction,371,330,395,392,317
DK850,International Tourism Management,Dundalk Institute of Technology,8,Personal services,303,210,237,240,279
DK851,Hospitality Management with Business,Dundalk Institute of Technology,8,Personal services,,,298,291,243
DK852,Event Management with Marketing,Dundalk Institute of Technology,8,Personal services,,,244,271,245
DK853,Marketing and International Tourism Management,Dundalk Institute of Technology,8,Business and administration,,,305,328,262
DK861,Arts,Dundalk Institute of Technology,8,Social and behavioural sciences,302,235,228,234,234
DK862,Social Care,Dundalk Institute of Technology,8,Welfare,322,327,251,266,262
DK863,Creative Media,Dundalk Institute of Technology,8,Arts,336,409,299,228,233
DK864,Film and Television Production,Dundalk Institute of Technology,8,Arts,308,350,246,248,235
DK865,Audio and Music Production,Dundalk Institute of Technology,8,Arts,352,393,323,261,236
DK866,"Applied Youth Work (portfolio,interview)",Dundalk Institute of Technology,8,Welfare,,,280,240,240
DK867,Sport and Exercise with Business,Dundalk Institute of Technology,8,Personal services,,,192,225,228
DK870,General Nursing,Dundalk Institute of Technology,8,Health,440,415,380,368,381
DK872,Intellectual Disability Nursing,Dundalk Institute of Technology,8,Health,367,320,279,271,262
DK874,Mental Health Nursing,Dundalk Institute of Technology,8,Health,398,377,367,270,310
DK876,Early Childhood Studies,Dundalk Institute of Technology,8,Welfare,300,240,226,224,243
DK877,Midwifery,Dundalk Institute of Technology,8,Health,482,432,453,413,425
DK880,Health and Physical Activity,Dundalk Institute of Technology,8,Health,301,307,228,251,235
DK882,Agriculture,Dundalk Institute of Technology,8,"Interdisciplinary programmes and qualifications involving agriculture, forestry and veterinary",342,319,300,358,368
DK883,Science,Dundalk Institute of Technology,8,"Interdisciplinary programmes and qualifications involving natural sciences, Mathematics and statistics",373,260,238,253,270
DK888,Nutrition and Health,Dundalk Institute of Technology,8,Health,,,252,251,234
DK892,Music and Performance Technologies,Dundalk Institute of Technology,8,Arts,,,,272,244
DL822,Arts Management,"Dun Laoghaire Institute of Art, Design and Technology",8,Business and administration,254,210,261,256,243
DL823,Business Management,"Dun Laoghaire Institute of Art, Design and Technology",8,Business and administration,220,252,235,247,220
DL825,Applied Psychology,"Dun Laoghaire Institute of Art, Design and Technology",8,Social and behavioural sciences,418,418,414,389,378
DL826,Graphic Design (portfolio),"Dun Laoghaire Institute of Art, Design and Technology",8,Arts,591,590,558,549,534
DL827,Art (portfolio),"Dun Laoghaire Institute of Art, Design and Technology",8,Arts,574,547,515,547,577
DL832,Animation (portfolio),"Dun Laoghaire Institute of Art, Design and Technology",8,Arts,989,1004,1007,1026,945
DL833,Photography and Visual Media (portfolio),"Dun Laoghaire Institute of Art, Design and Technology",8,Arts,671,670,549,663,554
DL836,Creative Computing,"Dun Laoghaire Institute of Art, Design and Technology",8,Information and Communication Technologies (ICTs),235,218,256,210,227
DL837,New Media Studies,"Dun Laoghaire Institute of Art, Design and Technology",8,Arts,298,246,218,226,227
DL838,Creative Music Production (portfolio/audition),"Dun Laoghaire Institute of Art, Design and Technology",8,Arts,713,747,804,753,738
DL840,Digital Marketing,"Dun Laoghaire Institute of Art, Design and Technology",8,Business and administration,210,256,192,203,209
DL843,Film (portfolio),"Dun Laoghaire Institute of Art, Design and Technology",8,Arts,987,931,994,1086,960
DL844,Television (portfolio),"Dun Laoghaire Institute of Art, Design and Technology",8,Arts,566,657,924,792,578
DL845,Design for Film (portfolio),"Dun Laoghaire Institute of Art, Design and Technology",8,Arts,628,531,734,680,595
DL847,3D Animation (portfolio),"Dun Laoghaire Institute of Art, Design and Technology",8,Arts,,,726,873,605
DL848,Business and Digital Technology,"Dun Laoghaire Institute of Art, Design and Technology",8,Business and administration,,,236,244,219
DL849,English and Media Studies,"Dun Laoghaire Institute of Art, Design and Technology",8,Arts,,,230,256,280
DL854,Game Design,"Dun Laoghaire Institute of Art, Design and Technology",8,Information and Communication Technologies (ICTs),,,,,368
DL856,"Film (Joint International programme,portfolio,interview)","Dun Laoghaire Institute of Art, Design and Technology",8,Arts,,,,,530
DN100,Architecture,University College Dublin (NUI),8,Architecture and construction,555,556,567,553,556
DN120,Landscape Architecture,University College Dublin (NUI),8,Architecture and construction,463,455,477,474,485
DN130,City Planning and Environmental Policy,University College Dublin (NUI),8,Architecture and construction,445,455,487,477,481
DN150,Engineering,University College Dublin (NUI),8,Engineering and engineering trades,565,577,567,568,578
DN200,Science,University College Dublin (NUI),8,"Interdisciplinary programmes and qualifications involving natural sciences, Mathematics and statistics",577,566,555,544,544
DN201,Computer Science,University College Dublin (NUI),8,Information and Communication Technologies (ICTs),554,567,560,542,542
DN230,Actuarial & Financial Studies,University College Dublin (NUI),8,Mathematics and statistics,613,613,613,613,613
DN240,Sustainability,University College Dublin (NUI),8,Environment,510,543,530,531,532
DN250,Agricultural Science,University College Dublin (NUI),8,"Interdisciplinary programmes and qualifications involving agriculture, forestry and veterinary",454,400,400,400,432
DN261,Food Science,University College Dublin (NUI),8,Agriculture,531,510,498,496,466
DN262,Human Nutrition,University College Dublin (NUI),8,Health,566,554,534,532,530
DN300,Veterinary Medicine - Undergraduate Entry (practical experience required),University College Dublin (NUI),8,Veterinary,601,601,589,589,590
DN310,Veterinary Nursing,University College Dublin (NUI),8,Veterinary,521,500,518,499,500
DN400,Medicine (Undergraduate Entry - HPAT required),University College Dublin (NUI),8,Health,743,743,736,735,738
DN401,Medicine (Graduate Entry - GAMSAT required),University College Dublin (NUI),8,Health,61,60,,57,
DN410,Radiography,University College Dublin (NUI),8,Health,566,556,556,555,545
DN420,Physiotherapy,University College Dublin (NUI),8,Health,601,601,590,588,579
DN425,"Sport, Health and Exercise Science",University College Dublin (NUI),8,Health,544,544,534,542,533
DN430,Sport and Exercise Management,University College Dublin (NUI),8,Business and administration,484,476,484,485,484
DN440,"Biomedical, Health and Life Sciences",University College Dublin (NUI),8,Biological and related sciences,613,613,601,600,589
DN450,General Nursing,University College Dublin (NUI),8,Health,462,451,403,410,444
DN451,Children`s and General Nursing (Integrated),University College Dublin (NUI),8,Health,533,531,499,498,510
DN452,Midwifery,University College Dublin (NUI),8,Health,510,520,510,519,511
DN453,Mental Health Nursing,University College Dublin (NUI),8,Health,442,443,407,367,400
DN520,Joint Honours,University College Dublin (NUI),8,Arts,381,400,378,419,420
DN530,Humanities,University College Dublin (NUI),8,Humanities (except languages),397,442,444,467,463
DN541,Modern Languages,University College Dublin (NUI),8,Languages,320,380,307,398,410
DN600,Law,University College Dublin (NUI),8,Law,576,569,565,556,567
DN610,Business and Law,University College Dublin (NUI),8,Business and administration,573,566,555,576,566
DN620,Criminology with Psychology,University College Dublin (NUI),8,Law,,,531,519,509
DN650,Commerce,University College Dublin (NUI),8,Business and administration,555,554,545,545,555
DN660,Commerce International,University College Dublin (NUI),8,Business and administration,555,544,544,542,544
DN670,Economics and Finance,University College Dublin (NUI),8,Business and administration,625,625,618,625,625
DN700,Social Sciences,University College Dublin (NUI),8,Social and behavioural sciences,475,451,444,468,491
DN710,Economics,University College Dublin (NUI),8,Social and behavioural sciences,534,543,524,532,542
DN720,Psychology,University College Dublin (NUI),8,Social and behavioural sciences,566,564,554,565,545
DN750,Social Policy and Sociology,University College Dublin (NUI),8,Social and behavioural sciences,421,420,368,410,432
DN760,Education,University College Dublin (NUI),8,Education,,,431,478,455
DS701,Business,Dorset College,7,Business and administration,136,164,,,172
DS702,Computing,Dorset College,7,Information and Communication Technologies (ICTs),136,180,,,265
GB001,Business,Galway Business School,7,Business and administration,,,,,122
GB002,Enterprise Management,Galway Business School,8,Business and administration,,,,,134
GC200,Business,Griffith College,8,Business and administration,269,264,308,249,253
GC201,Accounting and Finance,Griffith College,8,Business and administration,260,298,401,,0
GC230,Computing Science,Griffith College,8,Information and Communication Technologies (ICTs),300,288,261,242,0
GC400,Business,Griffith College,8,Business and administration,250,264,309,283,252
GC401,Accounting and Finance,Griffith College,8,Business and administration,242,265,252,254,254
GC402,Business (HRM),Griffith College,8,Business and administration,,264,269,246,326
GC403,Law,Griffith College,8,Law,245,242,255,249,251
GC407,Business (Marketing),Griffith College,8,Business and administration,264,237,244,260,247
GC409,Psychology,Griffith College,8,Social and behavioural sciences,,,,244,264
GC418,Law - Criminal Justice,Griffith College,8,Law,,,,378,260
GC419,Law - Commercial Law,Griffith College,8,Law,,,,,281
GC430,Computing Science,Griffith College,8,Information and Communication Technologies (ICTs),251,254,261,249,263
GC435,Computing,Griffith College,7,Information and Communication Technologies (ICTs),108,153,126,129,180
GC450,Communications and Media Production,Griffith College,8,Journalism and information,225,236,218,275,243
GC456,"Film, TV and Screen Media Production",Griffith College,8,Arts,,246,252,292,255
GC462,Graphic Communication Design (portfolio),Griffith College,8,Arts,300,,322,,0
GC465,Communications,Griffith College,7,Journalism and information,118,112,143,188,126
GC480,Graphic Communication Design,Griffith College,7,Arts,,270,195,152,109
GC489,Interior Architecture (portfolio),Griffith College,8,Arts,288,264,445,330,360
GC490,Interior Architecture & Design,Griffith College,7,Arts,137,0,112,203,130
GC494,Fashion Design (portfolio),Griffith College,8,Arts,351,301,293,390,293
GC495,Fashion Design,Griffith College,7,Arts,110,130,116,169,109
GY101,Arts (Joint-Honours),"National University of Ireland, Galway",8,Arts,327,336,,,
GY101,Arts (Joint-Honours),University of Galway,8,Arts,,,336,300,350
GY104,Psychology,"National University of Ireland, Galway",8,Social and behavioural sciences,564,545,,,
GY104,Psychology,University of Galway,8,Social and behavioural sciences,,,531,534,541
GY105,Arts (History),"National University of Ireland, Galway",8,Humanities (except languages),357,335,,,
GY105,Arts (History),University of Galway,8,Humanities (except languages),,,352,340,367
GY109,Arts (Mathematics and Education),"National University of Ireland, Galway",8,Education,413,415,,,
GY109,Arts (Mathematics and Education),University of Galway,8,Education,,,418,433,423
GY110,Arts (Children and Youth Studies),"National University of Ireland, Galway",8,Social and behavioural sciences,387,367,,,
GY110,Arts (Children and Youth Studies),University of Galway,8,Social and behavioural sciences,,,400,401,400
GY111,Arts (English and Creative Writing),"National University of Ireland, Galway",8,Arts,421,468,,,
GY111,Arts (English and Creative Writing),University of Galway,8,Arts,,,440,413,400
GY113,Arts with Human Rights,"National University of Ireland, Galway",8,Social and behavioural sciences,413,353,,,
GY113,Arts with Human Rights,University of Galway,8,Social and behavioural sciences,,,357,343,398
GY118,"Arts (Drama, Theatre and Performance Studies)","National University of Ireland, Galway",8,Arts,453,358,,,
GY118,"Arts (Drama, Theatre and Performance Studies)",University of Galway,8,Arts,,,369,410,360
GY119,Arts (Journalism),"National University of Ireland, Galway",8,Journalism and information,484,414,,,
GY119,Arts (Journalism),University of Galway,8,Journalism and information,,,418,360,381
GY122,Na Dána (Cumarsáid agus Gaeilge),"National University of Ireland, Galway",8,Arts,410,440,,,
GY122,Na Dána (Cumarsáid agus Gaeilge),University of Galway,8,Arts,,,484,399,368
GY123,Social Sciences,"National University of Ireland, Galway",8,Social and behavioural sciences,419,348,,,
GY123,Social Sciences,University of Galway,8,Social and behavioural sciences,,,347,320,350
GY127,Arts (Film and Digital Media),"National University of Ireland, Galway",8,Arts,430,440,,,
GY127,Arts (Film and Digital Media),University of Galway,8,Arts,,,440,409,390
GY128,Arts (Global Languages),"National University of Ireland, Galway",8,Languages,346,361,,,
GY128,Arts (Global Languages),University of Galway,8,Languages,,,350,377,378
GY129,Arts (Global Experience),"National University of Ireland, Galway",8,Arts,465,452,,,
GY129,Arts (Global Experience),University of Galway,8,Arts,,,430,360,400
GY130,Arts (Music),"National University of Ireland, Galway",8,Arts,462,419,,,
GY130,Arts (Music),University of Galway,8,Arts,,,430,348,401
GY132,"Government (Politics, Economics and Law)","National University of Ireland, Galway",8,Social and behavioural sciences,465,430,,,
GY132,"Government (Politics, Economics and Law)",University of Galway,8,Social and behavioural sciences,,,400,351,412
GY133,Education (Computer Science and Mathematical Studies),"National University of Ireland, Galway",8,Education,454,455,,,
GY133,Education (Computer Science and Mathematical Studies),University of Galway,8,Education,,,435,413,402
GY134,Geography and Geosystems,"National University of Ireland, Galway",8,Environment,425,409,,,
GY134,Geography and Geosystems,University of Galway,8,Environment,,,413,350,350
GY135,Arts (Global Media),"National University of Ireland, Galway",8,Arts,442,347,,,
GY135,Arts (Global Media),University of Galway,8,Arts,,,350,357,359
GY136,Gaeilge agus Léann an Aistriúcháin,"National University of Ireland, Galway",8,Languages,526,443,,,
GY136,Gaeilge agus Léann an Aistriúcháin,University of Galway,8,Languages,,,436,411,368
GY137,"Arts (Child, Youth and Family: Policy and Practice)",University of Galway,8,Welfare,,,358,358,409
GY201,Commerce,"National University of Ireland, Galway",8,Business and administration,476,462,,,
GY201,Commerce,University of Galway,8,Business and administration,,,441,430,454
GY202,Commerce (International) with French,"National University of Ireland, Galway",8,Business and administration,520,523,,,
GY202,Commerce (International) with French,University of Galway,8,Business and administration,,,520,519,517
GY203,Commerce (International) with German,"National University of Ireland, Galway",8,Business and administration,518,530,,,
GY203,Commerce (International) with German,University of Galway,8,Business and administration,,,519,520,517
GY204,Commerce (International) with Spanish,"National University of Ireland, Galway",8,Business and administration,506,501,,,
GY204,Commerce (International) with Spanish,University of Galway,8,Business and administration,,,502,509,520
GY206,Business Information Systems,"National University of Ireland, Galway",8,Business and administration,509,509,,,
GY206,Business Information Systems,University of Galway,8,Business and administration,,,507,507,507
GY207,Commerce (Accounting),"National University of Ireland, Galway",8,Business and administration,543,531,,,
GY207,Commerce (Accounting),University of Galway,8,Business and administration,,,520,509,530
GY208,Commerce (Gaeilge),"National University of Ireland, Galway",8,Business and administration,508,511,,,
GY208,Commerce (Gaeilge),University of Galway,8,Business and administration,,,475,441,474
GY209,Commerce (Global Experience),"National University of Ireland, Galway",8,Business and administration,551,552,,,
GY209,Commerce (Global Experience),University of Galway,8,Business and administration,,,543,540,543
GY250,Law (BCL) and Business,"National University of Ireland, Galway",8,Law,510,520,,,
GY250,Law (BCL) and Business,University of Galway,8,Law,,,517,500,517
GY251,Law (BCL),"National University of Ireland, Galway",8,Law,542,543,,,
GY251,Law (BCL),University of Galway,8,Law,,,522,500,520
GY252,Law (BCL) and Human Rights,"National University of Ireland, Galway",8,Law,565,543,,,
GY252,Law (BCL) and Human Rights,University of Galway,8,Law,,,501,506,520
GY254,"Law (BCL), Criminology and Criminal Justice","National University of Ireland, Galway",8,Law,548,543,,,
GY254,"Law (BCL), Criminology and Criminal Justice",University of Galway,8,Law,,,534,501,520
GY261,Business Studies (International Hotel Management - interview),"National University of Ireland, Galway",8,Business and administration,503,462,,,
GY261,Business Studies (International Hotel Management - interview),University of Galway,8,Business and administration,,,467,467,474
GY262,Commerce (International Hotel Management - interview),"National University of Ireland, Galway",8,Business and administration,709,711,,,
GY262,Commerce (International Hotel Management - interview),University of Galway,8,Business and administration,,,715,712,703
GY301,Science,"National University of Ireland, Galway",8,Biological and related sciences,489,462,,,
GY301,Science,University of Galway,8,Biological and related sciences,,,440,400,440
GY303,Biomedical Science,"National University of Ireland, Galway",8,Biological and related sciences,613,601,,,
GY303,Biomedical Science,University of Galway,8,Biological and related sciences,,,577,577,566
GY304,Biotechnology,"National University of Ireland, Galway",8,Engineering and engineering trades,498,500,,,
GY304,Biotechnology,University of Galway,8,Engineering and engineering trades,,,463,470,498
GY308,Environmental Science,"National University of Ireland, Galway",8,Environment,431,512,,,
GY308,Environmental Science,University of Galway,8,Environment,,,430,405,440
GY309,Financial Mathematics and Economics,"National University of Ireland, Galway",8,Mathematics and statistics,509,510,,,
GY309,Financial Mathematics and Economics,University of Galway,8,Mathematics and statistics,,,509,473,509
GY310,Marine Science,"National University of Ireland, Galway",8,Physical sciences,467,468,,,
GY310,Marine Science,University of Galway,8,Physical sciences,,,477,420,440
GY313,Occupational Health and Safety Management,"National University of Ireland, Galway",8,Hygiene and occupational health services,412,402,,,
GY313,Occupational Health and Safety Management,University of Galway,8,Hygiene and occupational health services,,,400,408,422
GY314,Earth and Ocean Sciences,"National University of Ireland, Galway",8,Physical sciences,422,403,,,
GY314,Earth and Ocean Sciences,University of Galway,8,Physical sciences,,,402,417,422
GY318,Biopharmaceutical Chemistry,"National University of Ireland, Galway",8,Biological and related sciences,555,565,,,
GY318,Biopharmaceutical Chemistry,University of Galway,8,Biological and related sciences,,,554,510,532
GY319,Mathematical Science,"National University of Ireland, Galway",8,Mathematics and statistics,543,510,,,
GY319,Mathematical Science,University of Galway,8,Mathematics and statistics,,,566,510,542
GY320,Physics,"National University of Ireland, Galway",8,Physical sciences,465,440,,,
GY320,Physics,University of Galway,8,Physical sciences,,,454,401,422
GY321,Genetics and Genomics,"National University of Ireland, Galway",8,Biological and related sciences,532,543,,,
GY321,Genetics and Genomics,University of Galway,8,Biological and related sciences,,,521,478,474
GY322,Agricultural Science,"National University of Ireland, Galway",8,Agriculture,485,451,,,
GY322,Agricultural Science,University of Galway,8,Agriculture,,,423,409,420
GY350,Computer Science and Information Technology,"National University of Ireland, Galway",8,Information and Communication Technologies (ICTs),495,510,,,
GY350,Computer Science and Information Technology,University of Galway,8,Information and Communication Technologies (ICTs),,,521,498,440
GY401,Engineering (Undenominated),"National University of Ireland, Galway",8,Engineering and engineering trades,522,531,,,
GY401,Engineering (Undenominated),University of Galway,8,Engineering and engineering trades,,,533,532,542
GY402,Civil Engineering,"National University of Ireland, Galway",8,Architecture and construction,533,500,,,
GY402,Civil Engineering,University of Galway,8,Architecture and construction,,,512,500,521
GY405,Mechanical Engineering,"National University of Ireland, Galway",8,Engineering and engineering trades,541,566,,,
GY405,Mechanical Engineering,University of Galway,8,Engineering and engineering trades,,,532,544,566
GY406,Electronic and Computer Engineering,"National University of Ireland, Galway",8,Engineering and engineering trades,555,500,,,
GY406,Electronic and Computer Engineering,University of Galway,8,Engineering and engineering trades,,,532,520,510
GY408,Biomedical Engineering,"National University of Ireland, Galway",8,Engineering and engineering trades,554,566,,,
GY408,Biomedical Engineering,University of Galway,8,Engineering and engineering trades,,,548,578,568
GY410,Project and Construction Management,"National University of Ireland, Galway",8,Architecture and construction,431,520,,,
GY410,Project and Construction Management,University of Galway,8,Architecture and construction,,,510,518,502
GY413,Energy Systems Engineering,"National University of Ireland, Galway",8,Engineering and engineering trades,509,509,,,
GY413,Energy Systems Engineering,University of Galway,8,Engineering and engineering trades,,,520,516,520
GY414,Electrical and Electronic Engineering,"National University of Ireland, Galway",8,Engineering and engineering trades,433,509,,,
GY414,Electrical and Electronic Engineering,University of Galway,8,Engineering and engineering trades,,,510,509,510
GY501,Medicine (Undergraduate Entry - HPAT required),"National University of Ireland, Galway",8,Health,737,736,,,
GY501,Medicine (Undergraduate Entry - HPAT required),University of Galway,8,Health,,,729,728,728
GY502,Occupational Therapy,"National University of Ireland, Galway",8,Health,601,589,,,
GY502,Occupational Therapy,University of Galway,8,Health,,,555,554,544
GY503,Speech and Language Therapy,"National University of Ireland, Galway",8,Health,578,576,,,
GY503,Speech and Language Therapy,University of Galway,8,Health,,,554,544,533
GY504,Podiatric Medicine,"National University of Ireland, Galway",8,Health,531,487,,,
GY504,Podiatric Medicine,University of Galway,8,Health,,,463,445,444
GY505,Pharmacy,University of Galway,8,Health,,,,,601
GY515,General Nursing,"National University of Ireland, Galway",8,Health,502,462,,,
GY515,General Nursing,University of Galway,8,Health,,,452,429,441
GY516,Mental Health Nursing,"National University of Ireland, Galway",8,Health,475,415,,,
GY516,Mental Health Nursing,University of Galway,8,Health,,,391,378,429
GY517,Midwifery,"National University of Ireland, Galway",8,Health,520,462,,,
GY517,Midwifery,University of Galway,8,Health,,,463,451,455
LM002,Arts,University of Limerick,8,Humanities (except languages),360,347,326,316,316
LM019,Social Sciences,University of Limerick,8,Social and behavioural sciences,451,475,454,462,423
LM020,Law and Accounting,University of Limerick,8,Law,474,460,443,433,444
LM027,Common and Civil Law,University of Limerick,8,Law,,,,576,518
LM028,Criminal Justice,University of Limerick,8,Law,420,419,382,379,387
LM029,Law Plus,University of Limerick,8,Law,530,521,506,507,510
LM030,Global Politics,University of Limerick,8,Social and behavioural sciences,,,,,400
LM038,Psychology and Sociology,University of Limerick,8,Social and behavioural sciences,530,510,506,485,481
LM039,Journalism and Digital Communication,University of Limerick,8,Journalism and information,432,440,380,420,381
LM040,European Studies,University of Limerick,8,Humanities (except languages),409,400,441,398,398
LM044,Applied Languages,University of Limerick,8,Languages,429,403,403,402,389
LM050,Business Studies (options),University of Limerick,8,Business and administration,451,451,431,451,444
LM056,International Business,University of Limerick,8,Business and administration,555,544,542,544,544
LM058,Financial Mathematics,University of Limerick,8,Mathematics and statistics,468,476,433,444,457
LM063,Technology Management,University of Limerick,8,Information and Communication Technologies (ICTs),410,422,389,398,387
LM066,Environmental Science,University of Limerick,8,Environment,430,431,411,420,415
LM068,Food Science and Health,University of Limerick,8,Manufacturing and processing,464,451,430,430,407
LM076,Product Design and Technology (portfolio),University of Limerick,8,Manufacturing and processing,401,401,400,431,464
LM077,Aeronautical Engineering,University of Limerick,8,Engineering and engineering trades,567,589,556,554,556
LM082,Construction Management and Engineering,University of Limerick,8,Architecture and construction,446,455,430,468,451
LM089,Sport and Exercise Sciences,University of Limerick,8,Personal services,498,498,485,502,498
LM090,Physical Education with concurrent Teacher Education,University of Limerick,8,Education,552,543,543,533,531
LM091,Languages with concurrent Teacher Education,University of Limerick,8,Education,506,518,451,452,407
LM092,Science with concurrent Teacher Education (Biology with Physics or Chemistry or Agricultural Science),University of Limerick,8,Education,521,521,498,499,488
LM093,Equine Science,University of Limerick,8,Biological and related sciences,367,380,358,357,369
LM094,Graphics and Construction Technology with concurrent Teacher Education,University of Limerick,8,Education,475,488,465,475,455
LM095,"Graphics, Engineering and Technology with concurrent Teacher Education",University of Limerick,8,Education,425,442,401,422,399
LM096,Science with concurrent Teacher Education (Physical Sciences with Chemistry and Physics),University of Limerick,8,Education,454,455,465,435,422
LM097,Mathematics and Computer Science with concurrent Teacher Education,University of Limerick,8,Education,465,465,433,443,455
LM099,Architecture,University of Limerick,8,Architecture and construction,520,532,511,521,520
LM100,Physiotherapy,University of Limerick,8,Health,613,601,589,590,589
LM101,Medicine (Graduate Entry - GAMSAT required),University of Limerick,8,Health,57,56,52,,
LM102,Psychology,University of Limerick,8,Social and behavioural sciences,534,531,510,519,499
LM103,Paramedic Studies (Clean Driving Licence required - Full B and minimum Provisional C1),University of Limerick,8,Health,429,380,378,409,369
LM104,Occupational Therapy,University of Limerick,8,Health,,,,568,543
LM105,Exercise and Health Fitness Management,University of Limerick,8,Personal services,441,409,398,412,409
LM113,Interaction Design,University of Limerick,8,Information and Communication Technologies (ICTs),,,,368,373
LM114,"Music, Media and Performance Technology",University of Limerick,8,Information and Communication Technologies (ICTs),,,,380,350
LM115,Chemical and Biochemical Engineering,University of Limerick,8,Physical sciences,476,475,455,466,455
LM116,Engineering,University of Limerick,8,Engineering and engineering trades,498,489,476,510,510
LM118,Electronic and Computer Engineering,University of Limerick,8,Engineering and engineering trades,445,444,433,443,435
LM121,Computer Science,University of Limerick,8,Information and Communication Technologies (ICTs),402,434,402,422,382
LM123,Biological and Chemical Sciences,University of Limerick,8,Biological and related sciences,498,498,487,488,484
LM124,Mathematics,University of Limerick,8,Mathematics and statistics,455,488,424,456,454
LM125,Physics,University of Limerick,8,Physical sciences,489,444,468,445,443
LM126,Electrical Engineering,University of Limerick,8,Engineering and engineering trades,,,,424,455
LM131,Irish Music (audition),University of Limerick,8,Arts,,,418,530,424
LM132,Irish Dance (audition),University of Limerick,8,Arts,,,477,480,398
LM133,Contemporary Dance (audition),University of Limerick,8,Arts,,,526,518,453
LM134,Voice (audition),University of Limerick,8,Arts,,,481,482,456
LM135,World Music (audition),University of Limerick,8,Arts,,,519,406,348
LM150,General Nursing,University of Limerick,8,Health,498,463,423,430,412
LM152,Mental Health Nursing,University of Limerick,8,Health,478,393,387,388,367
LM154,Intellectual Disability Nursing,University of Limerick,8,Health,462,351,328,321,318
LM156,Midwifery,University of Limerick,8,Health,521,466,484,433,444
LM173,Immersive Software Engineering (portfolio),University of Limerick,8,Information and Communication Technologies (ICTs),,803,676,676,651
LM174,Artificial Intelligence and Machine Learning,University of Limerick,8,Information and Communication Technologies (ICTs),,509,498,488,487
LM180,Equine Science,University of Limerick,6,Biological and related sciences,351,350,300,309,302
MH001,Education - Primary Teaching (Froebel),Maynooth University,8,Education,564,540,498,507,506
MH002,Education - Primary Teaching - Gaeltacht  Applicants (Froebel),Maynooth University,8,Education,,543,,,544
MH003,Early Childhood - Teaching and Learning (full-time),Maynooth University,8,Education,381,387,380,389,400
MH101,Arts,Maynooth University,8,Humanities (except languages),338,338,310,307,300
MH106,Psychology,Maynooth University,8,Social and behavioural sciences,554,530,533,532,509
MH107,Social Science,Maynooth University,8,Social and behavioural sciences,390,350,320,318,348
MH109,Media Studies,Maynooth University,8,Arts,324,371,377,357,367
MH111,Creative Writing and English,Maynooth University,8,Humanities (except languages),,,,,380
MH201,Science,Maynooth University,8,"Interdisciplinary programmes and qualifications involving natural sciences, Mathematics and statistics",401,400,350,350,352
MH202,Biotechnology,Maynooth University,8,Biological and related sciences,490,467,431,444,430
MH203,Biological and Geographical Sciences,Maynooth University,8,Biological and related sciences,451,440,441,410,431
MH204,Physics with Astrophysics,Maynooth University,8,Physical sciences,422,423,376,383,385
MH206,Theoretical Physics and Mathematics,Maynooth University,8,Mathematics and statistics,521,510,494,513,520
MH207,Data Science,Maynooth University,8,Information and Communication Technologies (ICTs),444,454,442,423,425
MH208,Biological and Biomedical Sciences,Maynooth University,8,Biological and related sciences,543,521,496,470,470
MH209,Psychology (through Science),Maynooth University,8,Social and behavioural sciences,529,510,499,518,488
MH210,Pharmaceutical and Biomedical Chemistry,Maynooth University,8,Physical sciences,510,511,477,451,441
MH212,Science (with Education) or Mathematics and Computer Science (with Education) or Mathematics (with Education),Maynooth University,8,"Interdisciplinary programmes and qualifications involving natural sciences, Mathematics and statistics",452,443,420,420,420
MH221,Sport Science and Health,Maynooth University,8,Biological and related sciences,,,,462,476
MH222,Food Science and Human Nutrition,Maynooth University,8,Biological and related sciences,,,,441,442
MH304,Engineering,Maynooth University,8,Engineering and engineering trades,351,307,353,355,364
MH305,Product Design and Innovation,Maynooth University,8,Engineering and engineering trades,326,362,337,329,327
MH306,Robotics and Intelligent Devices,Maynooth University,8,Engineering and engineering trades,362,352,361,350,350
MH401,Finance,Maynooth University,8,Business and administration,370,350,350,361,366
MH402,Quantitative Finance,Maynooth University,8,Business and administration,476,477,454,455,465
MH403,Accounting and Finance,Maynooth University,8,Business and administration,424,400,400,409,412
MH404,Business,Maynooth University,8,Business and administration,441,433,401,400,400
MH407,Business and Accounting,Maynooth University,8,Business and administration,423,402,403,400,401
MH409,Business and Languages,Maynooth University,8,Business and administration,,400,400,400,400
MH411,Entrepreneurship,Maynooth University,8,Business and administration,378,368,350,360,360
MH412,Business with Sport Science,Maynooth University,8,Business and administration,,,489,487,455
MH415,Economics - option of an integrated MSc Economics,Maynooth University,8,Social and behavioural sciences,,475,487,423,445
MH416,International Economics,Maynooth University,8,Social and behavioural sciences,,,420,421,413
MH501,LLB Law,Maynooth University,8,Law,507,496,462,451,452
MH502,BCL Law,Maynooth University,8,Law,465,452,432,418,409
MH503,BCL Law and Languages,Maynooth University,8,Law,,,,430,410
MH504,Criminology,Maynooth University,8,Law,,,,,401
MH601,Computer Science through Arts,Maynooth University,8,Information and Communication Technologies (ICTs),381,391,381,380,360
MH602,Computer Science through Science,Maynooth University,8,Information and Communication Technologies (ICTs),400,410,401,401,352
MH603,Computational Thinking,Maynooth University,8,Information and Communication Technologies (ICTs),520,509,532,577,510
MI002,Arts,Mary Immaculate College,8,Arts,280,300,280,280,280
MI003,Psychology,Mary Immaculate College,8,Social and behavioural sciences,,487,484,484,476
MI004,Education - Primary Teaching - International,Mary Immaculate College,8,Education,589,576,558,565,552
MI005,Education - Primary Teaching,Mary Immaculate College,8,Education,522,509,497,488,484
MI006,Education - Primary Teaching - Gaeltacht Applicants,Mary Immaculate College,8,Education,485,473,463,451,447
MI007,Early Childhood Care and Education,Mary Immaculate College,8,Education,409,409,390,376,376
MI008,Education and Psychology - Primary Teaching,Mary Immaculate College,8,Education,590,601,577,590,578
MI009,English Language and Literature,Mary Immaculate College,8,Education,434,414,419,387,283
MI010,Drama and English,Mary Immaculate College,8,Education,370,386,389,378,316
MI016,"Education, Business Studies and Accounting",Mary Immaculate College,8,Education,,,,413,409
MI017,"Education, Business Studies and Religious Studies",Mary Immaculate College,8,Education,,,,367,346
MI018,"Education, Gaeilge and Religious Studies",Mary Immaculate College,8,Education,,,,431,407
MI019,"Education, Gaeilge and Business Studies",Mary Immaculate College,8,Education,,,,419,397
MI020,"Education, Mathematics and Gaeilge",Mary Immaculate College,8,Education,,,,476,443
MI021,"Education, Mathematics and Business Studies",Mary Immaculate College,8,Education,,,,414,403
MI022,"Education, Home Economics and Business Studies",Mary Immaculate College,8,Education,,,,531,473
MT510,Recreation and Leisure Management,Munster Technological University,7,Personal services,,368,331,328,307
MT511,"Health, Sport and Exercise Sciences",Munster Technological University,7,Personal services,,246,250,269,261
MT512,Health and Exercise Sciences with Massage Therapy,Munster Technological University,7,Personal services,,240,241,264,298
MT513,Coaching and Sports Performance,Munster Technological University,7,Personal services,,135,159,173,270
MT541,Business (Common Entry),Munster Technological University,7,Business and administration,,244,206,225,250
MT550,Business (Common Entry),Munster Technological University,7,Business and administration,,255,250,250,250
MT551,Business Technology and Communications,Munster Technological University,7,Business and administration,,200,222,222,224
MT552,Tourism Management,Munster Technological University,7,Personal services,,253,241,253,254
MT554,Hospitality Management,Munster Technological University,7,Personal services,,204,206,254,220
MT571,Early Childhood Education and Care,Munster Technological University,7,Welfare,,223,216,223,254
MT573,Social Care Work,Munster Technological University,7,Welfare,,351,301,290,290
MT574,Social Care,Munster Technological University,7,Welfare,,261,261,269,259
MT655,Culinary Studies,Munster Technological University,6,Personal services,,206,168,151,155
MT680,Biological and Environmental Studies,Munster Technological University,6,Environment,,272,282,237,254
MT682,Pharmacy Technician,Munster Technological University,6,Health,,228,249,249,231
MT700,Software Development,Munster Technological University,7,Information and Communication Technologies (ICTs),,382,436,390,349
MT703,Computing (Common Entry) ,Munster Technological University,7,Information and Communication Technologies (ICTs),,245,235,235,250
MT705,Information Technology and Cybersecurity,Munster Technological University,7,Information and Communication Technologies (ICTs),,320,357,320,320
MT706,Computer Systems and Networking,Munster Technological University,7,Information and Communication Technologies (ICTs),,241,251,288,252
MT711,"Animation, Visual Effects and Motion Design (portfolio)",Munster Technological University,7,Arts,,,730,295,335
MT731,Civil Engineering,Munster Technological University,7,Architecture and construction,,271,270,259,259
MT732,Civil Engineering,Munster Technological University,7,Architecture and construction,,0,267,254,266
MT736,Mechanical Engineering,Munster Technological University,7,Engineering and engineering trades,,307,292,310,320
MT739,Biomedical Engineering,Munster Technological University,7,Health,,357,328,324,337
MT745,Electrical Engineering,Munster Technological University,7,Engineering and engineering trades,,350,352,321,338
MT746,Electronic Engineering,Munster Technological University,7,Engineering and engineering trades,,338,332,330,307
MT747,Automotive Technology and Management,Munster Technological University,7,Transport services,,242,256,253,267
MT748,Agricultural Engineering,Munster Technological University,7,Agriculture,,259,272,270,280
MT750,Agriculture (In year one students spend two days in Clonakilty Agricultural College and three days in Cork Campus),Munster Technological University,7,Agriculture,,330,331,289,289
MT758,Construction  (Common Entry),Munster Technological University,7,Architecture and construction,,261,271,270,260
MT759,Architectural Technology,Munster Technological University,7,Architecture and construction,,301,306,304,300
MT760,Interior Architecture,Munster Technological University,7,Arts,,380,400,318,319
MT761,Environmental Engineering,Munster Technological University,7,Engineering and engineering trades,,282,290,270,260
MT764,Marine Engineering,Munster Technological University,7,Engineering and engineering trades,,223,223,225,227
MT765,Marine Electrotechnology,Munster Technological University,7,Engineering and engineering trades,,252,233,282,230
MT766,Nautical Science,Munster Technological University,7,Transport services,,266,241,237,230
MT770,Physical Sciences (Common Entry),Munster Technological University,7,Physical sciences,,317,326,308,326
MT772,Pharmaceutical Science (Degree Award option - Biopharmaceutics),Munster Technological University,7,Physical sciences,,276,282,308,288
MT774,Analytical and Pharmaceutical Chemistry,Munster Technological University,7,Physical sciences,,307,341,320,337
MT775,Applied Biosciences,Munster Technological University,7,Biological and related sciences,,400,412,400,440
MT777,Agricultural Science (Semester 2 of year 2 is in Teagasc Clonakilty Agricultural College),Munster Technological University,7,Biological and related sciences,,233,239,253,259
MT781,Animal Bioscience,Munster Technological University,7,Veterinary,,234,278,275,271
MT782,Applied Physics and Instrumentation,Munster Technological University,7,Physical sciences,,312,331,319,332
MT784,Veterinary Nursing,Munster Technological University,7,Veterinary,,,451,351,390
MT800,Software Development,Munster Technological University,8,Information and Communication Technologies (ICTs),,455,498,453,442
MT802,Computer Systems,Munster Technological University,8,Information and Communication Technologies (ICTs),,389,410,381,351
MT803,Computing (Common Entry),Munster Technological University,8,Information and Communication Technologies (ICTs),,308,307,308,308
MT805,IT Management and Cybersecurity,Munster Technological University,8,Information and Communication Technologies (ICTs),,346,353,348,349
MT811,"Animation, Visual Effects and Motion Design (portfolio)",Munster Technological University,8,Arts,,,925,430,410
MT820,"Contemporary Applied Art (Ceramics, Glass, Textiles - portfolio)",Munster Technological University,8,Arts,,400,320,500,450
MT821,Fine Art (portfolio),Munster Technological University,8,Arts,,400,400,240,340
MT822,Photography with New Media,Munster Technological University,8,Arts,,500,303,279,288
MT823,Visual Communications (portfolio),Munster Technological University,8,Arts,,280,360,240,240
MT824,Creative Digital Media,Munster Technological University,8,Arts,,371,410,384,403
MT830,Engineering (Common Entry),Munster Technological University,8,Engineering and engineering trades,,466,467,454,487
MT831,Structural Engineering,Munster Technological University,8,Architecture and construction,,434,433,424,413
MT832,Civil Engineering,Munster Technological University,8,Architecture and construction,,362,327,340,321
MT833,Instrument Engineering,Munster Technological University,8,Physical sciences,,320,331,316,346
MT834,Mechanical and Manufacturing Engineering,Munster Technological University,8,Engineering and engineering trades,,,848,648,614
MT836,Mechanical Engineering,Munster Technological University,8,Engineering and engineering trades,,465,460,453,466
MT837,Sustainable Energy Engineering,Munster Technological University,8,Environment,,380,367,400,408
MT838,Chemical and Biopharmaceutical Engineering,Munster Technological University,8,Engineering and engineering trades,,465,465,454,477
MT839,Biomedical Engineering,Munster Technological University,8,Health,,466,454,455,465
MT844,Smart Product Engineering,Munster Technological University,8,Engineering and engineering trades,,427,409,380,373
MT845,Electrical Engineering,Munster Technological University,8,Engineering and engineering trades,,409,379,361,380
MT846,Electronic Engineering,Munster Technological University,8,Engineering and engineering trades,,412,362,351,347
MT847,Automotive Business Management and Technology,Munster Technological University,8,Transport services,,318,310,329,318
MT848,Agricultural Engineering,Munster Technological University,8,Agriculture,,301,301,310,305
MT856,Construction Management,Munster Technological University,8,Architecture and construction,,336,339,339,379
MT857,Quantity Surveying,Munster Technological University,8,Architecture and construction,,391,389,389,421
MT859,Architectural Technology,Munster Technological University,8,Architecture and construction,,375,362,368,368
MT860,Interior Architecture,Munster Technological University,8,Architecture and construction,,462,431,360,398
MT870,Physical Sciences (Common Entry),Munster Technological University,8,Physical sciences,,317,326,327,337
MT871,Biomedical Science (offered jointly MTU Cork Campus and UCC),Munster Technological University,8,Biological and related sciences,,589,569,556,555
MT872,Pharmaceutical Science (Degree Award option: Biopharmaceutics),Munster Technological University,8,Physical sciences,,308,318,308,309
MT873,Pharmaceutical Biotechnology,Munster Technological University,8,Biological and related sciences,,441,451,442,442
MT874,Analytical Chemistry with Quality Assurance,Munster Technological University,8,Physical sciences,,336,396,380,370
MT875,Biological Sciences (Common Entry),Munster Technological University,8,Biological and related sciences,,462,473,442,456
MT876,Nutrition and Health Science,Munster Technological University,8,Health,,400,402,397,388
MT877,Agricultural Science (Semester 2 of year 2 is in Teagasc Clonakilty Agricultural College),Munster Technological University,8,Biological and related sciences,,307,308,299,331
MT878,Environmental Science and Sustainable Technology,Munster Technological University,8,Environment,,336,341,317,339
MT879,Agri-Biosciences,Munster Technological University,8,"Interdisciplinary programmes and qualifications involving agriculture, forestry and veterinary",,349,369,357,370
MT880,Wildlife Biology,Munster Technological University,8,Environment,,310,320,317,349
MT881,Veterinary Bioscience,Munster Technological University,8,Veterinary,,308,300,300,306
MT906,Physical Education Studies with Business,Munster Technological University,8,Education,,,451,451,401
MT910,Sport and Exercise Management,Munster Technological University,8,Personal services,,401,408,408,402
MT911,"Health, Sport and Exercise Sciences",Munster Technological University,8,Personal services,,306,308,302,328
MT912,Health and Exercise Sciences with Massage Therapy,Munster Technological University,8,Personal services,,317,319,307,326
MT913,Coaching and Sports Performance,Munster Technological University,8,Personal services,,318,310,300,300
MT915,Coaching Science and Sports Pedagogy,Munster Technological University,8,Personal services,,447,442,411,408
MT926,General Nursing,Munster Technological University,8,Health,,433,371,352,380
MT927,Mental Health Nursing,Munster Technological University,8,Health,,388,337,327,341
MT929,Food Business,Munster Technological University,8,Business and administration,,,,,389
MT930,Home Economics and Business (First three years in MTU; Final two years in UCC),Munster Technological University,8,Education,,532,488,495,484
MT931,"Popular Music - Electric Guitar (entrance assessment,audition)",Munster Technological University,8,Arts,,,600,446,429
MT932,"Popular Music - Electric Bass (entrance assessment,audition)",Munster Technological University,8,Arts,,,600,463,400
MT933,"Popular Music - Keyboards (entrance assessment,audition)",Munster Technological University,8,Arts,,,566,552,312
MT934,"Popular Music - Drums (entrance assessment,audition)",Munster Technological University,8,Arts,,,450,567,422
MT935,"Popular Music - Voice (entrance assessment,audition)",Munster Technological University,8,Arts,,,558,445,431
MT936,"Music (entrance assessment,audition)",Munster Technological University,8,Arts,,520,324,321,297
MT938,"Musical Theatre (entrance assessment,audition)",Munster Technological University,8,Arts,,562,556,525,465
MT939,"Theatre and Drama Studies (entrance assessment,audition)",Munster Technological University,8,Arts,,480,355,465,280
MT940,Event Management (3 Year Programme),Munster Technological University,8,Personal services,,300,307,309,272
MT941,Business (Common Entry),Munster Technological University,8,Business and administration,,309,300,306,301
MT942,Accounting,Munster Technological University,8,Business and administration,,309,293,301,303
MT943,Marketing,Munster Technological University,8,Business and administration,,351,340,337,358
MT944,Business Information Systems,Munster Technological University,8,Business and administration,,346,360,348,351
MT945,International Business with Language,Munster Technological University,8,Business and administration,,336,355,333,337
MT946,Global Business and Pilot Studies,Munster Technological University,8,Business and administration,,318,317,319,329
MT947,Tourism Management,Munster Technological University,8,Personal services,,268,292,291,280
MT948,Hospitality Management,Munster Technological University,8,Personal services,,,326,317,308
MT951,Business Technology and Communications,Munster Technological University,8,Business and administration,,,,,270
MT970,Montessori Education,Munster Technological University,8,Education,,380,347,338,339
MT971,Early Childhood Education and Care,Munster Technological University,8,Welfare,,307,301,306,307
MT972,Early Childhood Education and Care,Munster Technological University,8,Welfare,,,,329,340
MT974,Social Care,Munster Technological University,8,Welfare,,307,301,308,308
MU001,Theology and Arts (jointly awarded with Maynooth University),"Pontifical University, St Patrick's College",8,Interdisciplinary programmes and qualifications involving arts and humanities,294,290,290,290,290
MU002,Theology,"Pontifical University, St Patrick's College",8,Interdisciplinary programmes and qualifications involving arts and humanities,,326,,371,408
MU004,Philosophy,"Pontifical University, St Patrick's College",8,Humanities (except languages),,,,,329
NC003,Computing,National College of Ireland (NCI),8,Information and Communication Technologies (ICTs),271,260,260,260,262
NC005,Human Resource Management,National College of Ireland (NCI),8,Business and administration,301,295,280,281,271
NC009,Business,National College of Ireland (NCI),8,Business and administration,300,292,280,270,270
NC010,Psychology,National College of Ireland (NCI),8,Social and behavioural sciences,420,400,391,392,385
NC020,Marketing Practice,National College of Ireland (NCI),8,Business and administration,270,234,0,0,227
NC022,Accounting and Finance,National College of Ireland (NCI),8,Business and administration,330,334,331,330,336
NC025,Data Science,National College of Ireland (NCI),8,Information and Communication Technologies (ICTs),,390,323,341,290
NC030,Early Childhood Education and Care,National College of Ireland (NCI),8,Education,251,212,0,0,228
NC102,Computing,National College of Ireland (NCI),6,Information and Communication Technologies (ICTs),225,228,0,0,154
NC103,Business,National College of Ireland (NCI),6,Business and administration,252,250,0,0,129
NC105,Data Science,National College of Ireland (NCI),6,Information and Communication Technologies (ICTs),,325,0,0,200
PC404,Applied Social Studies - Professional Social Care,"Carlow College, St. Patrick`s",7,Welfare,200,108,190,192,196
PC410,Arts and Humanities,"Carlow College, St. Patrick`s",8,Humanities (except languages),262,261,252,280,278
PC411,English and History,"Carlow College, St. Patrick`s",8,Humanities (except languages),243,242,242,292,291
PC414,Psychology,"Carlow College, St. Patrick`s",8,Social and behavioural sciences,,300,298,298,306
RC001,Medicine (Undergraduate Entry - HPAT required),RCSI University of Medicine & Health Sciences,8,Health,741,741,734,732,733
RC004,Physiotherapy,RCSI University of Medicine & Health Sciences,8,Health,589,589,578,569,566
RC005,Pharmacy,RCSI University of Medicine & Health Sciences,8,Health,613,613,601,601,589
RC006,Advanced Therapeutic Technologies,RCSI University of Medicine & Health Sciences,8,Health,,487,487,487,487
RC007,Dentistry,RCSI University of Medicine & Health Sciences,8,Health,,,,,613
RC101,Medicine (Graduate Entry - GAMSAT required),RCSI University of Medicine & Health Sciences,8,Health,,,,56,58
SC601,Strength and Conditioning,Setanta College,6,Personal services,,,410,370,222
SC701,Strength and Conditioning,Setanta College,7,Personal services,,,341,276,244
SC801,Strength and Conditioning,Setanta College,8,Personal services,,,,382,222
SE200,Arts,South East Technological University,8,Arts,,,210,0,0
SE201,Design (Visual Communications),South East Technological University,8,Arts,,,283,292,301
SE202,Product Design Innovation,South East Technological University,8,Arts,,,235,245,252
SE203,Visual Art,South East Technological University,8,Arts,,,260,260,271
SE204,Visual Communications and Design,South East Technological University,8,Arts,,,346,220,235
SE205,Psychology,South East Technological University,8,Social and behavioural sciences,,,421,440,433
SE206,Music (audition),South East Technological University,8,Arts,,,296,270,282
SE207,Art (portfolio),South East Technological University,8,Arts,,,700,700,700
SE208,TV and Media Production,South East Technological University,8,Arts,,,322,341,311
SE209,Design,South East Technological University,7,Arts,,,257,280,308
SE210,Visual Communications and Design,South East Technological University,7,Arts,,,305,195,214
SE211,Art (portfolio),South East Technological University,7,Arts,,,700,700,700
SE212,TV and Media Production,South East Technological University,7,Arts,,,282,299,270
SE300,Content Creation and Social Media,South East Technological University,8,Information and Communication Technologies (ICTs),,,,307,308
SE301,Content Creation and Social Media,South East Technological University,7,Information and Communication Technologies (ICTs),,,,233,224
SE400,Business - with/without a language,South East Technological University,8,Business and administration,,,271,270,273
SE401,Business,South East Technological University,8,Business and administration,,,260,260,260
SE402,Business,South East Technological University,8,Business and administration,,,340,323,328
SE403,Business with Law,South East Technological University,8,Business and administration,,,260,270,271
SE404,Law (LLB),South East Technological University,8,Law,,,301,319,325
SE405,Law (LLB),South East Technological University,8,Law,,,280,287,300
SE406,Criminal Justice Studies,South East Technological University,8,Law,,,270,288,287
SE407,Accounting,South East Technological University,8,Business and administration,,,319,318,319
SE408,Accounting,South East Technological University,8,Business and administration,,,323,304,308
SE409,Public Relations and Media,South East Technological University,8,Business and administration,,,244,244,276
SE410,Marketing and Digital Media,South East Technological University,8,Business and administration,,,290,293,300
SE411,Digital Marketing with Analytics,South East Technological University,8,Business and administration,,,280,280,290
SE412,International Business,South East Technological University,8,Business and administration,,,272,279,290
SE413,Business Information Systems,South East Technological University,8,Business and administration,,,272,282,319
SE414,Business,South East Technological University,7,Business and administration,,,214,210,211
SE415,Business,South East Technological University,7,Business and administration,,,207,206,206
SE416,Business,South East Technological University,7,Business and administration,,,358,250,179
SE417,Public Relations and Media,South East Technological University,7,Journalism and information,,,204,190,202
SE418,Digital Marketing with Analytics,South East Technological University,7,Business and administration,,,216,251,258
SE419,Fashion Buying and Retail Management,South East Technological University,7,Business and administration,,,210,152,206
SE420,Business,South East Technological University,6,Business and administration,,,0,0,152
SE421,Business with Law,South East Technological University,6,Business and administration,,,217,249,262
SE422,Legal Studies,South East Technological University,6,Law,,,205,212,220
SE423,Legal Studies,South East Technological University,6,Law,,,197,204,204
SE500,Science,South East Technological University,8,Biological and related sciences,,,277,279,279
SE501,Science,South East Technological University,8,Biological and related sciences,,,299,299,308
SE502,Agricultural Science,South East Technological University,8,Agriculture,,,382,379,381
SE503,Sustainable Farm Management and Agribusiness,South East Technological University,8,Agriculture,,,269,262,280
SE504,Pharmaceutical Science,South East Technological University,8,Physical sciences,,,273,283,289
SE505,Forestry,South East Technological University,7,Forestry ,,,226,270,271
SE506,Horticulture,South East Technological University,7,Agriculture,,,282,242,217
SE507,Horticulture,South East Technological University,7,Agriculture,,,181,179,206
SE508,Agriculture,South East Technological University,7,Agriculture,,,321,338,315
SE509,Sustainable Farm Management and Agribusiness,South East Technological University,7,Agriculture,,,241,211,252
SE510,Food Science,South East Technological University,7,Biological and related sciences,,,328,328,336
SE511,Pharmaceutical Science,South East Technological University,7,Physical sciences,,,171,207,223
SE512,Science,South East Technological University,7,Biological and related sciences,,,265,276,285
SE513,Analytical Science,South East Technological University,7,Physical sciences,,,339,357,359
SE514,Molecular Biology with Biopharmaceutical Science,South East Technological University,7,Biological and related sciences,,,243,266,269
SE515,Biosciences,South East Technological University,7,Biological and related sciences,,,244,246,233
SE516,Science - Applied Biology or Applied Chemistry,South East Technological University,6,Biological and related sciences,,,259,171,290
SE519,Applied Microbiology,South East Technological University,8,Biological and related sciences,,,,,312
SE520,Applied Microbiology,South East Technological University,7,Biological and related sciences,,,,,268
SE521,Brewing and Distilling,South East Technological University,8,Manufacturing and processing,,,321,388,370
SE600,Computer Science,South East Technological University,8,Information and Communication Technologies (ICTs),,,306,309,309
SE601,Information Technology Management,South East Technological University,8,Information and Communication Technologies (ICTs),,,322,308,309
SE602,Computer Forensics and Security,South East Technological University,8,Information and Communication Technologies (ICTs),,,309,301,309
SE603,Software Development,South East Technological University,8,Information and Communication Technologies (ICTs),,,327,309,318
SE604,Software Systems Development,South East Technological University,8,Information and Communication Technologies (ICTs),,,299,300,320
SE605,Creative Computing,South East Technological University,8,Information and Communication Technologies (ICTs),,,326,338,336
SE606,Cyber Crime and IT Security,South East Technological University,8,Information and Communication Technologies (ICTs),,,313,317,309
SE607,Computer Games Development,South East Technological University,8,Information and Communication Technologies (ICTs),,,299,299,308
SE608,Computing in Interactive Digital Art and Design,South East Technological University,8,Arts,,,314,319,321
SE609,Software Development,South East Technological University,7,Information and Communication Technologies (ICTs),,,270,263,244
SE610,Software Systems Development,South East Technological University,7,Information and Communication Technologies (ICTs),,,213,211,224
SE611,Creative Computing,South East Technological University,7,Information and Communication Technologies (ICTs),,,253,241,222
SE612,Cyber Crime and IT Security,South East Technological University,7,Information and Communication Technologies (ICTs),,,243,225,244
SE613,Information Technology,South East Technological University,7,Information and Communication Technologies (ICTs),,,196,204,204
SE614,Information Technology Management,South East Technological University,7,Information and Communication Technologies (ICTs),,,255,255,290
SE615,Computing in Interactive Digital Art and Design,South East Technological University,7,Arts,,,241,259,228
SE616,Computing - Applications or Programming,South East Technological University,6,Information and Communication Technologies (ICTs),,,236,244,216
SE618,Computer Games Programming,South East Technological University,7,Information and Communication Technologies (ICTs),,,,307,308
SE700,Engineering,South East Technological University,8,Engineering and engineering trades,,,291,272,307
SE701,Architecture,South East Technological University,8,Architecture and construction,,,368,402,409
SE702,Architectural Technology,South East Technological University,8,Architecture and construction,,,269,330,331
SE703,Architectural and Building Information Modelling Technology,South East Technological University,8,Architecture and construction,,,311,305,308
SE704,Quantity Surveying,South East Technological University,8,Architecture and construction,,,262,280,283
SE705,Quantity Surveying,South East Technological University,8,Architecture and construction,,,307,307,312
SE706,Construction Management,South East Technological University,8,Architecture and construction,,,292,298,300
SE707,Construction Management and Engineering,South East Technological University,8,Architecture and construction,,,262,263,270
SE708,Electronic Engineering,South East Technological University,8,Engineering and engineering trades,,,289,289,299
SE709,Biomedical Electronics,South East Technological University,8,Engineering and engineering trades,,,282,288,288
SE710,Robotics and Automated Systems,South East Technological University,8,Engineering and engineering trades,,,301,308,309
SE711,Mechanical Engineering,South East Technological University,8,Engineering and engineering trades,,,343,433,433
SE712,Mechanical and Manufacturing Engineering,South East Technological University,8,Engineering and engineering trades,,,264,264,272
SE713,Civil Engineering,South East Technological University,8,Architecture and construction,,,428,433,444
SE714,Aerospace Engineering,South East Technological University,8,Engineering and engineering trades,,,403,440,462
SE716,Architectural Technology,South East Technological University,7,Architecture and construction,,,225,234,238
SE717,Architectural Technology,South East Technological University,7,Architecture and construction,,,225,273,289
SE719,Civil Engineering,South East Technological University,7,Architecture and construction,,,200,206,219
SE720,Electrical Engineering,South East Technological University,7,Engineering and engineering trades,,,188,207,216
SE721,Electronic Engineering,South East Technological University,7,Engineering and engineering trades,,,246,206,215
SE722,Electronic Engineering,South East Technological University,7,Engineering and engineering trades,,,220,243,242
SE723,Mechanical Engineering,South East Technological University,7,Engineering and engineering trades,,,167,200,204
SE724,Mechanical Engineering,South East Technological University,7,Engineering and engineering trades,,,338,360,368
SE725,Manufacturing Engineering,South East Technological University,7,Engineering and engineering trades,,,295,280,322
SE726,Construction Management,South East Technological University,7,Architecture and construction,,,270,261,261
SE727,Biomedical Electronics,South East Technological University,7,Engineering and engineering trades,,,310,323,356
SE728,Robotics and Automated Systems,South East Technological University,7,Engineering and engineering trades,,,261,266,271
SE729,Aircraft Systems,South East Technological University,7,Engineering and engineering trades,,,327,357,410
SE730,Electronic Engineering,South East Technological University,6,Engineering and engineering trades,,,213,274,443
SE731,Mechanical Engineering,South East Technological University,6,Engineering and engineering trades,,,215,193,200
SE732,Agricultural Systems Engineering,South East Technological University,8,Engineering and engineering trades,,,293,309,313
SE733,Agricultural Systems Engineering,South East Technological University,7,Engineering and engineering trades,,,218,297,263
SE734,Set Design and Construction,South East Technological University,8,Architecture and construction,,,291,291,318
SE735,Set Design and Construction,South East Technological University,7,Architecture and construction,,,238,238,244
SE900,Health Sciences,South East Technological University,8,Health,,,307,300,309
SE901,Sport Rehabilitation and Athletic Therapy,South East Technological University,8,Health,,,451,473,487
SE902,Exercise Sciences,South East Technological University,8,Personal services,,,270,279,280
SE903,Strength and Conditioning,South East Technological University,8,Health,,,340,340,340
SE904,Sports Coaching and Performance,South East Technological University,8,Personal services,,,265,272,280
SE905,Sport and Exercise Science,South East Technological University,8,Personal services,,,419,440,433
SE906,Recreation and Sport Management,South East Technological University,8,Personal services,,,260,271,272
SE907,Sports Management and Coaching (Gaelic Games - portfolio),South East Technological University,8,Personal services,,,700,700,700
SE908,Sports Management and Coaching (Rugby - portfolio),South East Technological University,8,Personal services,,,700,700,700
SE909,Sports Management and Coaching (Football - portfolio),South East Technological University,8,Personal services,,,700,700,700
SE910,"Sport, Business and Coaching",South East Technological University,8,Personal services,,,302,307,308
SE911,Early Childhood Care and Education,South East Technological University,8,Welfare,,,261,269,270
SE912,Early Childhood Education and Practice,South East Technological University,8,Welfare,,,243,244,249
SE913,Early Childhood Education and Practice,South East Technological University,8,Welfare,,,256,260,297
SE914,Psychiatric Nursing,South East Technological University,8,Health,,,337,330,326
SE915,General Nursing,South East Technological University,8,Health,,,398,418,409
SE916,Intellectual Disability Nursing,South East Technological University,8,Health,,,338,308,309
SE917,Applied Social Studies in Professional Social Care,South East Technological University,8,Welfare,,,238,263,280
SE918,Professional Social Care Practice,South East Technological University,8,Welfare,,,252,260,260
SE919,Social Care Practice,South East Technological University,8,Welfare,,,260,260,260
SE920,Social Science,South East Technological University,8,Welfare,,,282,293,310
SE921,Hospitality Management,South East Technological University,8,Personal services,,,255,307,288
SE922,Tourism and Event Management,South East Technological University,8,Personal services,,,291,281,473
SE923,Culinary Arts,South East Technological University,8,Personal services,,,250,269,253
SE924,Tourism and Hospitality Services,South East Technological University,7,Personal services,,,195,200,260
SE925,Tourism and Event Management,South East Technological University,7,Personal services,,,170,243,288
SE926,Professional Social Care Practice,South East Technological University,7,Welfare,,,204,188,188
SE927,Applied Social Care,South East Technological University,7,Welfare,,,185,188,188
SE928,Applied Health Care,South East Technological University,7,Health,,,215,225,226
SE929,Sport Coaching and Business Management (Gaelic Games - portfolio),South East Technological University,7,Personal services,,,700,700,700
SE930,Sport Coaching and Business Management (Rugby - portfolio),South East Technological University,7,Personal services,,,700,700,700
SE931,Sport Coaching and Business Management (Football - portfolio),South East Technological University,7,Personal services,,,700,700,700
SE932,"Sport, Business and Coaching",South East Technological University,7,Personal services,,,241,241,252
SE933,Recreation and Sport Management,South East Technological University,7,Personal services,,,172,170,202
SE934,Early Childhood Education and Practice,South East Technological University,7,Welfare,,,171,198,0
SE935,Early Childhood Education and Practice,South East Technological University,7,Welfare,,,206,207,213
SE936,Physiology and Health Science,South East Technological University,6,Health,,,422,424,440
SE937,Pharmacy Technician Studies,South East Technological University,6,Health,,,181,225,200
SE938,Culinary Arts,South East Technological University,6,Personal services,,,133,133,169
TR002,Music,Trinity College Dublin,8,Arts,508,455,442,441,476
TR003,History,Trinity College Dublin,8,Humanities (except languages),552,557,543,499,526
TR004,Law,Trinity College Dublin,8,Law,590,589,578,578,578
TR005,Philosophy,Trinity College Dublin,8,Humanities (except languages),510,526,500,510,509
TR006,Psychology,Trinity College Dublin,8,Social and behavioural sciences,601,600,589,592,578
TR007,Clinical Speech and Language Studies,Trinity College Dublin,8,Health,564,560,545,564,541
TR009,"Music Education (interview,audition)",Trinity College Dublin,8,Education,496,452,555,509,667
TR015,"Philosophy, Political Science, Economics and Sociology (PPES)",Trinity College Dublin,8,Social and behavioural sciences,613,613,591,602,588
TR016,Deaf Studies,Trinity College Dublin,8,Languages,389,338,352,336,358
TR018,Law and French,Trinity College Dublin,8,Law,602,588,579,600,592
TR019,Law and German,Trinity College Dublin,8,Law,577,554,564,543,541
TR021,"Classics, Ancient History and Archaeology",Trinity College Dublin,8,Humanities (except languages),467,465,468,485,495
TR022,Early and Modern Irish,Trinity College Dublin,8,Languages,377,387,368,343,349
TR023,English Studies,Trinity College Dublin,8,Languages,546,559,551,542,533
TR024,European Studies,Trinity College Dublin,8,Humanities (except languages),566,576,567,555,564
TR025,Drama and Theatre Studies (interview),Trinity College Dublin,8,Arts,543,529,500,477,506
TR028,Ancient and Medieval History and Culture,Trinity College Dublin,8,Humanities (except languages),498,468,466,422,469
TR031,Mathematics,Trinity College Dublin,8,Mathematics and statistics,579,590,601,589,598
TR032,Engineering,Trinity College Dublin,8,Engineering and engineering trades,556,569,555,556,577
TR033,Computer Science,Trinity College Dublin,8,Information and Communication Technologies (ICTs),566,570,566,531,543
TR034,Management Science and Information Systems Studies,Trinity College Dublin,8,Business and administration,625,625,625,613,625
TR035,Theoretical Physics,Trinity College Dublin,8,Physical sciences,590,593,554,551,571
TR038,Engineering with Management,Trinity College Dublin,8,Engineering and engineering trades,589,593,602,613,617
TR039,"Computer Science, Linguistics and a Language",Trinity College Dublin,8,Information and Communication Technologies (ICTs),443,543,498,499,531
TR040,Middle Eastern and European Languages and Cultures,Trinity College Dublin,8,Languages,520,552,473,443,449
TR041,Religion,Trinity College Dublin,8,Humanities (except languages),417,386,343,350,402
TR042,Film,Trinity College Dublin,8,Arts,531,545,545,532,518
TR043,History of Art and Architecture,Trinity College Dublin,8,Humanities (except languages),498,517,501,486,511
TR051,Medicine (Undergraduate Entry - HPAT required),Trinity College Dublin,8,Health,743,745,741,738,739
TR052,Dental Science,Trinity College Dublin,8,Health,625,625,625,625,625
TR053,Physiotherapy,Trinity College Dublin,8,Health,590,590,580,578,577
TR054,Occupational Therapy,Trinity College Dublin,8,Health,578,565,544,548,544
TR055,Radiation Therapy,Trinity College Dublin,8,Health,577,556,546,543,534
TR056,Human Health and Disease,Trinity College Dublin,8,Health,601,601,600,579,567
TR060,Biological and Biomedical Sciences,Trinity College Dublin,8,Biological and related sciences,578,578,566,555,554
TR061,Chemical Sciences,Trinity College Dublin,8,Physical sciences,558,555,535,532,543
TR062,Geography and Geoscience,Trinity College Dublin,8,Physical sciences,495,487,494,445,472
TR063,Physical Sciences,Trinity College Dublin,8,Physical sciences,554,553,525,525,538
TR064,Environmental Science and Engineering,Trinity College Dublin,8,Environment,555,573,532,543,525
TR072,Pharmacy,Trinity College Dublin,8,Health,613,613,613,613,601
TR080,Global Business,Trinity College Dublin,8,Business and administration,613,601,602,601,602
TR081,"Business, Economic and Social Studies (BESS)",Trinity College Dublin,8,Social and behavioural sciences,577,576,555,555,566
TR084,Social Studies (Social Work),Trinity College Dublin,8,Welfare,497,485,462,444,456
TR085,Business Studies and French,Trinity College Dublin,8,Business and administration,564,556,564,545,555
TR086,Business Studies and German,Trinity College Dublin,8,Business and administration,530,541,498,488,521
TR087,Business Studies and Russian,Trinity College Dublin,8,Business and administration,487,469,487,465,467
TR089,Business Studies and Polish,Trinity College Dublin,8,Business and administration,391,431,463,478,476
TR090,Business Studies and Spanish,Trinity College Dublin,8,Business and administration,566,576,578,568,556
TR091,"General Nursing (Meath, St James`s and Naas)",Trinity College Dublin,8,Health,462,434,400,392,423
TR093,"General Nursing (Adelaide School of Nursing,interview)",Trinity College Dublin,8,Health,473,422,398,346,407
TR095,Mental Health Nursing,Trinity College Dublin,8,Health,442,400,353,341,370
TR097,Intellectual Disability Nursing,Trinity College Dublin,8,Health,412,387,321,320,338
TR801,Dental Nursing,Trinity College Dublin,7,Health,490,532,431,445,466
TR802,Dental Hygiene (interview),Trinity College Dublin,7,Health,577,601,589,534,590
TR803,Dental Technology (interview),Trinity College Dublin,7,Health,543,473,409,351,601
TR911,Children`s and General Nursing (Integrated),Trinity College Dublin,8,Health,531,532,488,509,529
TR913,Midwifery,Trinity College Dublin,8,Health,521,498,509,500,510
TU651,Applied Biology,Technological University Dublin,6,Biological and related sciences,361,338,252,252,255
TU652,Computing,Technological University Dublin,6,Information and Communication Technologies (ICTs),240,261,232,0,0
TU654,Pharmacy Technician Studies,Technological University Dublin,6,Health,350,300,288,288,288
TU670,Business,Technological University Dublin,6,Business and administration,224,232,0,0,0
TU678,Business (General Entry),Technological University Dublin,6,Business and administration,,,,251,252
TU701,Automation Engineering and Robotics,Technological University Dublin,7,Engineering and engineering trades,243,252,263,253,255
TU703,Building Engineering,Technological University Dublin,7,Architecture and construction,273,283,240,242,301
TU704,Civil Engineering,Technological University Dublin,7,Architecture and construction,260,262,252,253,331
TU705,Electrical and Control Engineering,Technological University Dublin,7,Engineering and engineering trades,272,206,213,0,0
TU706,Electrical Services Engineering,Technological University Dublin,7,Engineering and engineering trades,245,0,0,0,0
TU708,Engineering (General Entry),Technological University Dublin,7,Engineering and engineering trades,0,0,0,0,300
TU709,Engineering (General Entry),Technological University Dublin,7,Engineering and engineering trades,400,405,405,405,451
TU713,Computer Engineering,Technological University Dublin,7,Engineering and engineering trades,222,260,255,241,242
TU714,Electronics and Communications Engineering,Technological University Dublin,7,Engineering and engineering trades,262,252,214,223,244
TU716,Networking Technologies,Technological University Dublin,7,Engineering and engineering trades,249,250,226,240,251
TU717,Mechanical Engineering,Technological University Dublin,7,Engineering and engineering trades,301,300,289,260,330
TU720,Automotive Management and Technology,Technological University Dublin,7,Engineering and engineering trades,232,234,0,0,0
TU721,Aviation Technology,Technological University Dublin,7,Engineering and engineering trades,302,300,300,320,360
TU722,Process Instrumentation and Automation (Learn and Work),Technological University Dublin,7,Engineering and engineering trades,346,381,352,385,301
TU725,Mechanical Engineering (General Entry),Technological University Dublin,7,Engineering and engineering trades,222,170,0,0,0
TU726,Electronic Engineering and Engineering Software (General Entry),Technological University Dublin,7,Engineering and engineering trades,215,281,217,208,210
TU731,"Auctioneering, Valuation and Estate Agency",Technological University Dublin,7,Business and administration,330,410,370,350,350
TU735,Sports Management and Coaching,Technological University Dublin,7,Personal services,270,290,290,280,260
TU736,Sports Science and Health,Technological University Dublin,7,Biological and related sciences,484,473,451,451,451
TU737,Sports Studies,Technological University Dublin,7,Biological and related sciences,250,300,300,301,301
TU741,Baking and Pastry Arts Management,Technological University Dublin,7,Personal services,231,233,0,0,0
TU742,Culinary Arts,Technological University Dublin,7,Personal services,158,0,0,0,0
TU745,Hospitality Management,Technological University Dublin,7,Personal services,252,209,208,206,213
TU746,International Hospitality and Tourism Management,Technological University Dublin,7,Personal services,157,0,0,0,0
TU747,Tourism Management,Technological University Dublin,7,Personal services,263,0,0,0,0
TU751,Biosciences,Technological University Dublin,7,Biological and related sciences,418,451,430,410,377
TU752,DNA and Forensic Analysis,Technological University Dublin,7,Biological and related sciences,500,500,430,422,412
TU754,Industrial and Environmental Physics,Technological University Dublin,7,Physical sciences,273,279,299,250,241
TU755,Science (General Entry),Technological University Dublin,7,Physical sciences,361,300,300,280,330
TU756,Computing (General Entry),Technological University Dublin,7,Information and Communication Technologies (ICTs),201,205,234,210,213
TU757,Computing (Information Technology),Technological University Dublin,7,Information and Communication Technologies (ICTs),227,268,267,272,260
TU758,Digital Forensics and Cyber Security,Technological University Dublin,7,Information and Communication Technologies (ICTs),223,290,318,280,270
TU760,Bioanalysis,Technological University Dublin,7,Biological and related sciences,360,327,307,300,300
TU761,Ophthalmic Dispensing,Technological University Dublin,7,Physical sciences,316,298,279,316,404
TU762,Medicinal Chemistry and Pharmaceutical Sciences,Technological University Dublin,7,Physical sciences,320,336,346,347,347
TU763,Pharmaceutical Science,Technological University Dublin,7,Biological and related sciences,391,431,390,352,356
TU767,Secure Networking and Cloud Technologies (Learn and Work),Technological University Dublin,7,Information and Communication Technologies (ICTs),,,,,306
TU772,Business (General Entry),Technological University Dublin,7,Business and administration,0,0,0,0,0
TU781,Digital Marketing,Technological University Dublin,7,Business and administration,223,236,226,200,200
TU782,Digital Marketing,Technological University Dublin,7,Business and administration,200,201,0,0,0
TU787,Business (General Entry),Technological University Dublin,7,Business and administration,200,0,0,0,0
TU788,Accounting and Finance,Technological University Dublin,7,Business and administration,231,232,202,201,204
TU790,Early Childhood Education and Care,Technological University Dublin,7,Welfare,223,205,0,0,0
TU791,Applied Social Studies in Social Care,Technological University Dublin,7,Welfare,320,330,300,281,281
TU792,Community and Youth Development,Technological University Dublin,7,Social and behavioural sciences,0,0,0,0,0
TU795,Visual Merchandising and Display (portfolio),Technological University Dublin,7,Arts,618,559,459,418,654
TU796,Creative Digital Media,Technological University Dublin,7,Arts,224,300,312,304,240
TU801,Sustainable Energy Engineering,Technological University Dublin,8,Engineering and engineering trades,235,235,235,236,243
TU802,Electrical Services and Energy Management,Technological University Dublin,8,Engineering and engineering trades,309,318,302,253,261
TU804,Engineering (General Entry),Technological University Dublin,8,Engineering and engineering trades,270,300,300,301,340
TU805,Engineering (General Entry),Technological University Dublin,8,Engineering and engineering trades,466,476,454,443,490
TU807,Computer Engineering in Mobile Systems,Technological University Dublin,8,Engineering and engineering trades,274,270,301,260,262
TU810,Mechatronic Engineering,Technological University Dublin,8,Engineering and engineering trades,271,272,261,261,301
TU811,Product Design,Technological University Dublin,8,Arts,440,440,421,423,412
TU828,Mechanical Engineering (General Entry),Technological University Dublin,8,Engineering and engineering trades,300,301,321,327,358
TU829,Electronic Engineering and Engineering Software (General Entry),Technological University Dublin,8,Engineering and engineering trades,248,260,235,244,252
TU831,Architectural Technology,Technological University Dublin,8,Architecture and construction,423,400,410,410,425
TU832,"Architecture (portfolio,interview)",Technological University Dublin,8,Architecture and construction,644,645,645,652,635
TU833,Construction Management,Technological University Dublin,8,Architecture and construction,396,415,410,400,430
TU835,Planning and Environmental Management,Technological University Dublin,8,Architecture and construction,330,360,347,316,360
TU836,Property Economics (Valuation Surveying),Technological University Dublin,8,Architecture and construction,411,430,430,411,425
TU837,Quantity Surveying and Construction Economics,Technological University Dublin,8,Architecture and construction,413,440,440,414,451
TU850,Data Science and Artificial Intelligence,Technological University Dublin,8,Information and Communication Technologies (ICTs),,,,403,434
TU851,Analytical Chemistry (Environmental Forensic and Pharmaceutical),Technological University Dublin,8,Physical sciences,400,402,422,304,311
TU852,Chemical Sciences with Medicinal Chemistry,Technological University Dublin,8,Physical sciences,477,454,454,423,422
TU854,Science (General Entry),Technological University Dublin,8,Biological and related sciences,510,500,474,440,445
TU855,Science with Nanotechnology,Technological University Dublin,8,Physical sciences,322,318,328,326,336
TU856,Computer Science,Technological University Dublin,8,Information and Communication Technologies (ICTs),499,485,485,454,443
TU857,Computer Science (Infrastructure),Technological University Dublin,8,Information and Communication Technologies (ICTs),403,415,441,410,351
TU858,Computer Science (International),Technological University Dublin,8,Information and Communication Technologies (ICTs),395,410,420,413,351
TU859,Computing (General Entry),Technological University Dublin,8,Information and Communication Technologies (ICTs),251,242,238,226,214
TU860,Computing (Information Technology),Technological University Dublin,8,Information and Communication Technologies (ICTs),270,302,302,280,280
TU862,Computing with Machine Learning and Artificial Intelligence,Technological University Dublin,8,Information and Communication Technologies (ICTs),262,254,243,244,245
TU863,Digital Forensics and Cyber Security,Technological University Dublin,8,Information and Communication Technologies (ICTs),282,300,320,300,300
TU864,DNA and Forensic Analysis,Technological University Dublin,8,Biological and related sciences,500,462,440,430,412
TU865,Cloud Computing,Technological University Dublin,8,Information and Communication Technologies (ICTs),235,227,253,242,261
TU866,Biomedical and Molecular Diagnostics,Technological University Dublin,8,Mathematics and statistics,522,530,487,475,489
TU867,Medical Science,Technological University Dublin,8,Health,576,544,532,522,522
TU868,Clinical Measurement Science,Technological University Dublin,8,Health,542,520,474,477,500
TU869,Environmental Health,Technological University Dublin,8,Hygiene and occupational health services,387,346,298,300,320
TU870,Human Nutrition and Dietetics,Technological University Dublin,8,Health,601,578,556,555,533
TU871,Optometry,Technological University Dublin,8,Health,532,555,521,544,564
TU872,Public Health Nutrition,Technological University Dublin,8,Biological and related sciences,487,485,477,390,418
TU874,Mathematics and Statistics,Technological University Dublin,8,Mathematics and statistics,294,321,292,302,311
TU875,Pharmaceutical Healthcare,Technological University Dublin,8,Health,451,434,400,381,388
TU876,Pharmaceutical Science,Technological University Dublin,8,Biological and related sciences,445,440,380,383,371
TU877,Physics Technology,Technological University Dublin,8,Physical sciences,314,307,310,357,340
TU878,Physics with Energy and Environment,Technological University Dublin,8,Information and Communication Technologies (ICTs),339,399,395,363,430
TU879,Physics with Medical Physics and Bioengineering,Technological University Dublin,8,Health,346,346,321,339,329
TU880,Physics with Data Science,Technological University Dublin,8,Physical sciences,412,340,357,371,362
TU881,Food Science,Technological University Dublin,8,Arts,309,307,280,330,346
TU882,Nutraceuticals in Health and Nutrition,Technological University Dublin,8,Biological and related sciences,380,356,357,309,309
TU889,Biotechnology,Technological University Dublin,8,Biological and related sciences,,,,421,456
TU902,Business (General Entry),Technological University Dublin,8,Business and administration,270,270,260,214,218
TU903,Business and Management,Technological University Dublin,8,Business and administration,477,476,451,451,455
TU904,Business and Law,Technological University Dublin,8,Business and administration,462,475,451,445,455
TU905,Economics and Finance,Technological University Dublin,8,Social and behavioural sciences,460,443,423,423,436
TU906,Human Resource Management,Technological University Dublin,8,Business and administration,386,360,326,326,340
TU907,Logistics and Supply Chain Management,Technological University Dublin,8,Business and administration,300,301,310,307,260
TU910,Accounting,Technological University Dublin,8,Business and administration,420,401,380,380,380
TU912,Business Analytics,Technological University Dublin,8,Information and Communication Technologies (ICTs),331,322,326,338,338
TU914,Business Computing,Technological University Dublin,8,Information and Communication Technologies (ICTs),322,368,342,320,306
TU917,Law (LL.B.) with a Language,Technological University Dublin,8,Law,356,357,339,347,357
TU918,Law (LL.B.),Technological University Dublin,8,Law,463,440,420,420,420
TU919,Advertising and Marketing Communications,Technological University Dublin,8,Business and administration,219,209,210,218,218
TU920,Digital Marketing,Technological University Dublin,8,Business and administration,270,271,280,272,273
TU921,Digital Marketing Technologies,Technological University Dublin,8,Business and administration,230,227,226,226,218
TU922,Marketing,Technological University Dublin,8,Business and administration,412,410,384,388,380
TU924,E-Commerce in Retailing,Technological University Dublin,8,Business and administration,307,307,242,252,251
TU925,Fashion and Retail Business,Technological University Dublin,8,Business and administration,307,307,282,,307
TU932,Business (General Entry),Technological University Dublin,8,Business and administration,211,210,211,200,209
TU933,Accounting and Finance,Technological University Dublin,8,Business and administration,251,255,261,260,261
TU935,Sports Management and Coaching,Technological University Dublin,8,Personal services,300,300,300,300,301
TU936,Sports Science and Health,Technological University Dublin,8,Biological and related sciences,484,473,451,451,465
TU942,Culinary Arts,Technological University Dublin,8,Personal services,252,236,192,224,211
TU951,International Hospitality and Tourism Management,Technological University Dublin,8,Personal services,244,267,226,238,246
TU952,International Hospitality Management,Technological University Dublin,8,Personal services,309,251,220,269,255
TU953,Tourism and Digital Marketing,Technological University Dublin,8,Personal services,308,290,260,227,246
TU954,Event Management,Technological University Dublin,8,Personal services,326,326,292,293,300
TU955,Sports and Leisure Management,Technological University Dublin,8,Personal services,275,252,262,235,301
TU961,Commercial Modern Music (BIMM - audition),Technological University Dublin,8,Arts,536,614,602,504,585
TU962,Drama (Performance - audition),Technological University Dublin,8,Arts,448,362,369,411,449
TU965,International Business and Languages,Technological University Dublin,8,Languages,357,301,298,291,290
TU973,Design - Visual Communication (portfolio),Technological University Dublin,8,Arts,700,527,695,847,654
TU974,Fine Art (portfolio),Technological University Dublin,8,Arts,549,495,665,712,701
TU975,Interior Design (portfolio),Technological University Dublin,8,Arts,544,540,638,709,862
TU976,Photography,Technological University Dublin,8,Arts,700,671,848,304,301
TU978,Creative Industries and Visual Culture,Technological University Dublin,8,Arts,299,274,248,265,273
TU981,Creative Digital Media,Technological University Dublin,8,Arts,280,311,326,327,280
TU982,Media Production and Digital Arts,Technological University Dublin,8,Arts,369,368,300,283,283
TU983,Film and Broadcasting,Technological University Dublin,8,Arts,462,462,464,430,430
TU984,Game Design,Technological University Dublin,8,Information and Communication Technologies (ICTs),414,468,420,454,402
TU985,Journalism,Technological University Dublin,8,Journalism and information,367,377,330,301,328
TU989,Early Childhood Education and Care (Campus Options),Technological University Dublin,8,Welfare,270,260,260,261,262
TU991,Applied Social Studies in Social Care,Technological University Dublin,8,Welfare,326,341,308,303,300
TU992,Community Development and Youth Work,Technological University Dublin,8,Social and behavioural sciences,251,249,235,237,244
TU995,Early Childhood Education,Technological University Dublin,8,Education,378,340,310,310,307
TU996,Social Care,Technological University Dublin,8,Welfare,407,370,366,363,350
TU997,Applied Social Care,Technological University Dublin,8,Welfare,320,300,300,301,280
US610,Accounting and Finance,Technological University of the Shannon,6,Business and administration,,,344,348,229
US612,Business Studies (Marketing and Management),Technological University of the Shannon,6,Business and administration,,,308,316,216
US630,Culinary Arts,Technological University of the Shannon,6,Personal services,,,180,,147
US631,Culinary Arts,Technological University of the Shannon,6,Personal services,,,231,200,201
US640,Sports Development and Coaching,Technological University of the Shannon,6,Personal services,,,170,179,161
US651,Agricultural Mechanisation (in Year 1 students - four days at Pallaskenry Ag College and one day at TUS Limerick),Technological University of the Shannon,6,Engineering and engineering trades,,,224,254,257
US660,Pharmacy Technician,Technological University of the Shannon,6,Health,,,261,252,226
US661,Dental Nursing,Technological University of the Shannon,6,Health,,,270,270,289
US700,Graphic Design (portfolio),Technological University of the Shannon,7,Arts,,,733,765,830
US702,Creative Broadcast and Film Production,Technological University of the Shannon,7,Arts,,,308,308,241
US703,Music Production and Technology,Technological University of the Shannon,7,Arts,,,281,281,246
US704,Music and Sound Engineering,Technological University of the Shannon,7,Arts,,,260,285,206
US710,Computing  - Mobile and Web,Technological University of the Shannon,7,Information and Communication Technologies (ICTs),,,232,205,200
US711,Computer Engineering with Network Infrastructure,Technological University of the Shannon,7,Information and Communication Technologies (ICTs),,,214,270,279
US712,Software Design with Artificial Intelligence for Cloud Computing,Technological University of the Shannon,7,Information and Communication Technologies (ICTs),,,250,270,250
US713,Software Design with Virtual Reality and Gaming,Technological University of the Shannon,7,Information and Communication Technologies (ICTs),,,233,226,244
US714,Computer Engineering,Technological University of the Shannon,7,Information and Communication Technologies (ICTs),,,215,220,207
US715,Software Design with Digitalisation,Technological University of the Shannon,7,Information and Communication Technologies (ICTs),,,236,243,252
US720,Business,Technological University of the Shannon,7,Business and administration,,,243,231,171
US721,Business,Technological University of the Shannon,7,Business and administration,,,233,278,196
US723,Enterprise and Innovation,Technological University of the Shannon,7,Business and administration,,,176,179,192
US724,Digital Marketing,Technological University of the Shannon,7,Business and administration,,,252,210,190
US730,Applied Biology,Technological University of the Shannon,7,Biological and related sciences,,,356,297,288
US731,Biotechnology,Technological University of the Shannon,7,Biological and related sciences,,,323,320,225
US732,Forensic and Pharmaceutical Sciences,Technological University of the Shannon,7,Physical sciences,,,340,256,309
US733,Pharmaceutical Sciences (Drug Development and Analysis),Technological University of the Shannon,7,Physical sciences,,,258,222,223
US735,Medical Technology,Technological University of the Shannon,7,Health,,,398,358,317
US738,Veterinary Nursing,Technological University of the Shannon,7,Veterinary,,,400,390,430
US740,Agricultural Science and Sustainability,Technological University of the Shannon,7,"Interdisciplinary programmes and qualifications involving agriculture, forestry and veterinary",,,251,239,225
US750,Electrical Engineering,Technological University of the Shannon,7,Engineering and engineering trades,,,328,289,250
US751,Electronic Engineering with Computer Systems,Technological University of the Shannon,7,Engineering and engineering trades,,,247,227,217
US752,Renewable and Electrical Energy Engineering,Technological University of the Shannon,7,Engineering and engineering trades,,,290,280,270
US753,Robotics and Automation Engineering,Technological University of the Shannon,7,Engineering and engineering trades,,,293,197,215
US760,Civil Engineering,Technological University of the Shannon,7,Architecture and construction,,,243,234,206
US761,Civil Engineering,Technological University of the Shannon,7,Architecture and construction,,,228,240,242
US769,Agricultural Engineering,Technological University of the Shannon,7,Engineering and engineering trades,,,,303,311
US771,Mechanical Engineering,Technological University of the Shannon,7,Engineering and engineering trades,,,309,300,301
US773,Engineering (Common Entry),Technological University of the Shannon,7,Engineering and engineering trades,,,251,231,223
US778,Animation and Illustration (portfolio),Technological University of the Shannon,7,Arts,,,,783,623
US779,Engineering Technology Management,Technological University of the Shannon,7,Information and Communication Technologies (ICTs),,,,307,246
US780,Early Childhood Education and Care,Technological University of the Shannon,7,Welfare,,,180,196,243
US781,Social Care Work,Technological University of the Shannon,7,Welfare,,,173,144,206
US782,Applied Social Studies in Social Care,Technological University of the Shannon,7,Welfare,,,237,218,180
US783,Early Childhood Education and Care,Technological University of the Shannon,7,Welfare,,,,306,205
US784,Applied Sports Science with Sport and Exercise Nutrition,Technological University of the Shannon,7,Personal services,,,,218,206
US785,Sports Development and Performance,Technological University of the Shannon,7,Personal services,,,253,230,207
US786,Applied Sport Science Strength and Conditioning,Technological University of the Shannon,7,Personal services,,,288,188,235
US787,Business Studies with Sports Management,Technological University of the Shannon,7,Business and administration,,,280,271,207
US788,Exercise and Health Science,Technological University of the Shannon,7,Personal services,,,234,241,208
US789,Applied Sport Science with Performance Technology,Technological University of the Shannon,7,Biological and related sciences,,,,216,231
US791,Business Studies with Event Management,Technological University of the Shannon,7,Business and administration,,,300,242,188
US792,Business Studies with Beauty and Spa Management,Technological University of the Shannon,7,Personal services,,,292,222,171
US793,Business Studies with Event Mangement,Technological University of the Shannon,7,Business and administration,,,,251,241
US795,Culinary Arts,Technological University of the Shannon,7,Personal services,,,262,163,205
US800,Art and Design (Common Entry - portfolio),Technological University of the Shannon,8,Arts,,,794,785,837
US801,B Ed Art and Design (Offered jointly by TUS and UL - portfolio),Technological University of the Shannon,8,Education,,,945,841,949
US802,Animation and Illustration (portfolio),Technological University of the Shannon,8,Arts,,,937,874,733
US803,Graphic and Digital Design (portfolio),Technological University of the Shannon,8,Arts,,,807,761,839
US805,Digital Animation (portfolio),Technological University of the Shannon,8,Arts,,,662,742,789
US806,Game Art and Design (portfolio),Technological University of the Shannon,8,Arts,,,781,830,844
US807,Creative Broadcast and Film Production,Technological University of the Shannon,8,Arts,,,336,307,307
US808,Music Production and Technology,Technological University of the Shannon,8,Arts,,,308,299,288
US809,Music and Sound Engineering,Technological University of the Shannon,8,Arts,,,307,290,297
US810,"Visual Effects for Film, TV and Animation (portfolio)",Technological University of the Shannon,8,Arts,,,,935,920
US811,Interior Design (portfolio),Technological University of the Shannon,8,Arts,,,,819,846
US812,Design Engineering,Technological University of the Shannon,8,Manufacturing and processing,,,,432,319
US819,Software Development with Cyber Security,Technological University of the Shannon,8,Information and Communication Technologies (ICTs),,,,,234
US820,Software Development,Technological University of the Shannon,8,Information and Communication Technologies (ICTs),,,338,338,252
US821,Software Design with Virtual Reality and Gaming,Technological University of the Shannon,8,Information and Communication Technologies (ICTs),,,290,289,280
US822,Software Design with Artificial Intelligence for Cloud Computing,Technological University of the Shannon,8,Information and Communication Technologies (ICTs),,,328,333,342
US823,Software Design with Digitalisation,Technological University of the Shannon,8,Information and Communication Technologies (ICTs),,,272,300,299
US824,Computer Engineering with Network Infrastructure,Technological University of the Shannon,8,Information and Communication Technologies (ICTs),,,300,423,315
US825,Immersive Digital Media,Technological University of the Shannon,8,Information and Communication Technologies (ICTs),,,247,254,291
US826,Computing - Mobile and  Web,Technological University of the Shannon,8,Information and Communication Technologies (ICTs),,,300,306,280
US827,Computer Networks and Cyber Security,Technological University of the Shannon,8,Information and Communication Technologies (ICTs),,,319,328,244
US828,Software Development with Games Programming,Technological University of the Shannon,8,Information and Communication Technologies (ICTs),,,260,270,230
US836,Business Studies (AI for Enterprise),Technological University of the Shannon,8,Business and administration,,,,,347
US837,Law,Technological University of the Shannon,8,Law,,,,318,328
US838,Business and Law,Technological University of the Shannon,8,Business and administration,,,,292,295
US840,Business,Technological University of the Shannon,8,Business and administration,,,297,289,278
US841,Business,Technological University of the Shannon,8,Business and administration,,,339,300,316
US842,Business,Technological University of the Shannon,8,Business and administration,,,243,220,253
US843,Business Studies (Digital Marketing),Technological University of the Shannon,8,Business and administration,,,260,253,279
US844,Digital Marketing,Technological University of the Shannon,8,Business and administration,,,292,235,270
US845,Accounting and Finance,Technological University of the Shannon,8,Business and administration,,,350,350,357
US846,Accounting with Finance,Technological University of the Shannon,8,Business and administration,,,336,298,358
US847,Accounting with Finance (with Placement),Technological University of the Shannon,8,Business and administration,,,309,309,318
US848,Business and Law,Technological University of the Shannon,8,Law,,,291,280,270
US850,Law,Technological University of the Shannon,8,Law,,,328,327,327
US851,Business Studies (Marketing and Management),Technological University of the Shannon,8,Business and administration,,,270,251,244
US852,Business Studies (Enterprise and Innovation),Technological University of the Shannon,8,Business and administration,,,259,264,244
US853,International Business,Technological University of the Shannon,8,Business and administration,,,282,291,279
US854,International Business Studies,Technological University of the Shannon,8,Business and administration,,,299,303,243
US860,Biotechnology with Biopharmaceutical Science,Technological University of the Shannon,8,Biological and related sciences,,,400,378,408
US861,Biotechnology,Technological University of the Shannon,8,Biological and related sciences,,,339,324,336
US862,Microbiology,Technological University of the Shannon,8,Biological and related sciences,,,309,308,320
US863,Forensic and Pharmaceutical Sciences,Technological University of the Shannon,8,Physical sciences,,,444,441,429
US864,Drug and Medicinal Product Analysis,Technological University of the Shannon,8,Biological and related sciences,,,309,309,306
US865,Pharmacology,Technological University of the Shannon,8,Biological and related sciences,,,307,305,252
US866,Pharmaceutical Sciences,Technological University of the Shannon,8,Physical sciences,,,291,280,300
US867,Bioveterinary Science,Technological University of the Shannon,8,Biological and related sciences,,,293,289,290
US869,Medical Technology,Technological University of the Shannon,8,Health,,,346,347,381
US870,Agricultural Science and Sustainability,Technological University of the Shannon,8,"Interdisciplinary programmes and qualifications involving agriculture, forestry and veterinary",,,308,302,300
US877,General Nursing,Technological University of the Shannon,8,Health,,,370,378,389
US878,Mental Health Nursing,Technological University of the Shannon,8,Health,,,346,299,327
US880,Quantity Surveying,Technological University of the Shannon,8,Architecture and construction,,,308,288,288
US881,Quantity Surveying,Technological University of the Shannon,8,Architecture and construction,,,304,308,327
US882,Property Valuation and Management,Technological University of the Shannon,8,Architecture and construction,,,337,306,270
US883,Built Environment (Common Entry),Technological University of the Shannon,8,Architecture and construction,,,334,300,315
US884,Construction Management,Technological University of the Shannon,8,Architecture and construction,,,300,290,243
US885,Construction Management,Technological University of the Shannon,8,Architecture and construction,,,280,280,270
US886,Civil Engineering Management,Technological University of the Shannon,8,Architecture and construction,,,349,358,327
US887,Civil Engineering,Technological University of the Shannon,8,Architecture and construction,,,476,437,410
US888,Built Environment (Common Entry),Technological University of the Shannon,8,Architecture and construction,,,300,,313
US900,Electrical Engineering,Technological University of the Shannon,8,Engineering and engineering trades,,,340,347,348
US901,Renewable and Electrical Energy Engineering,Technological University of the Shannon,8,Engineering and engineering trades,,,336,304,336
US902,Robotics and Automation Engineering,Technological University of the Shannon,8,Engineering and engineering trades,,,326,328,301
US903,Electronic Engineering with Computer Systems,Technological University of the Shannon,8,Engineering and engineering trades,,,311,278,279
US909,Engineering Technology Management,Technological University of the Shannon,8,Information and Communication Technologies (ICTs),,,,319,329
US910,Mechanical Engineering,Technological University of the Shannon,8,Engineering and engineering trades,,,309,309,278
US911,Mechanical Engineering,Technological University of the Shannon,8,Engineering and engineering trades,,,311,318,337
US912,Mechanical Engineering with Energy,Technological University of the Shannon,8,Engineering and engineering trades,,,327,342,308
US913,Polymer and Mechanical  Engineering,Technological University of the Shannon,8,Manufacturing and processing,,,329,369,302
US914,Precision Engineering,Technological University of the Shannon,8,Engineering and engineering trades,,,300,246,245
US915,Automotive Engineering and Transport Management,Technological University of the Shannon,8,Engineering and engineering trades,,,353,314,255
US916,Automation and Robotics,Technological University of the Shannon,8,Engineering and engineering trades,,,341,318,251
US917,Computer Engineering,Technological University of the Shannon,8,Information and Communication Technologies (ICTs),,,,296,260
US918,International Software Design (with International Placement),Technological University of the Shannon,8,Information and Communication Technologies (ICTs),,,,,252
US920,Social Care Work,Technological University of the Shannon,8,Welfare,,,341,337,327
US921,Social Care Practice,Technological University of the Shannon,8,Welfare,,,270,270,260
US922,Social Care Work,Technological University of the Shannon,8,Welfare,,,253,260,264
US923,Social Care Work,Technological University of the Shannon,8,Welfare,,,236,225,236
US924,Applied Psychology,Technological University of the Shannon,8,Social and behavioural sciences,,,408,403,424
US925,Applied Psychology,Technological University of the Shannon,8,Social and behavioural sciences,,,431,420,420
US926,Early Childhood Education and Care,Technological University of the Shannon,8,Welfare,,,263,262,251
US927,Early Childhood Education and Care,Technological University of the Shannon,8,Welfare,,,329,298,270
US928,Community and Addiction Studies,Technological University of the Shannon,8,Social and behavioural sciences,,,235,248,264
US931,Culinary Entrepreneurship,Technological University of the Shannon,8,Personal services,,,275,262,254
US932,Hospitality Management (with International Placement),Technological University of the Shannon,8,Personal services,,,251,273,241
US933,Physical Education Studies,Technological University of the Shannon,8,Personal services,,,,,350
US934,Physical Education with Business,Technological University of the Shannon,8,Personal services,,,,,366
US941,Business Studies with Event Management,Technological University of the Shannon,8,Personal services,,,300,251,243
US942,Business Studies with Event Management,Technological University of the Shannon,8,Business and administration,,,,251,297
US946,Business Studies with Beauty and Spa Management,Technological University of the Shannon,8,Personal services,,,328,280,269
US950,Nutrition and Health Science,Technological University of the Shannon,8,Health,,,307,287,336
US951,Sports Science with Exercise Physiology,Technological University of the Shannon,8,Health,,,339,368,420
US952,Sports Management (with International Placement),Technological University of the Shannon,8,Personal services,,,244,234,234
US953,Business Studies with Sports Management,Technological University of the Shannon,8,Business and administration,,,209,225,253
US954,Sports Development and Performance,Technological University of the Shannon,8,Personal services,,,290,264,279
US956,Athletic and Rehabilitation Therapy,Technological University of the Shannon,8,Health,,,465,484,488
US957,Physical Activity and Health Science,Technological University of the Shannon,8,Health,,,289,271,273
US958,Applied Sports Science with Strength and Conditioning,Technological University of the Shannon,8,Biological and related sciences,,,219,244,254
US959,Applied Sports Science with Performance Technology,Technological University of the Shannon,8,Biological and related sciences,,,308,278,246
US961,Applied Sports Science with Sport and Exercise Nutrition,Technological University of the Shannon,8,Personal services,,,,218,236
