Category,Course Title,Course Code,R1 Points,Course Level,HE Institution,AQA,Year
Business and administration,International Business,AC120,278,8,American College,False,2025
Humanities (except languages),Liberal Arts,AC137,293,8,American College,False,2025
Arts,First Year Art and Design  (Common Entry -  portfolio),AD101,515,8,National College of Art and Design,False,2025
Arts,Graphic Design and Moving Image Design (portfolio),AD102,538,8,National College of Art and Design,False,2025
Arts,Textile and Surface Design and Jewellery and Objects (portfolio),AD103,514,8,National College of Art and Design,False,2025
Arts,Fine Art and Applied Art (portfolio),AD104,582,8,National College of Art and Design,False,2025
Education,Education and Art  or Design (Second Level Teaching - portfolio),AD202,600,8,National College of Art and Design,False,2025
Arts,Fashion Design (portfolio),AD211,604,8,National College of Art and Design,False,2025
Arts,Product Design (portfolio),AD212,413,8,National College of Art and Design,False,2025
Arts,Visual Culture,AD215,316,8,National College of Art and Design,False,2025
Arts,Illustration (portfolio),AD217,657,8,National College of Art and Design,False,2025
Information and Communication Technologies (ICTs),Interaction Design (portfolio),AD222,400,8,National College of Art and Design,False,2025
Health,Health Science with Physiotherapy Studies,AU170,522,6,Atlantic Technological University,False,2025
Health,Health Science with Occupational Therapy Studies,AU171,490,6,Atlantic Technological University,False,2025
Health,Health Science with Dietetics Studies,AU172,359,6,Atlantic Technological University,False,2025
Health,Dental Nursing,AU173,232,6,Atlantic Technological University,False,2025
Health,Pharmacy Technician,AU174,232,6,Atlantic Technological University,False,2025
Welfare,"Early Childhood Care, Health and Education",AU190,163,6,Atlantic Technological University,False,2025
Business and administration,Business - Common Entry,AU200,178,7,Atlantic Technological University,False,2025
Law,Law with Criminal Justice,AU210,232,7,Atlantic Technological University,False,2025
Personal services,Culinary Arts,AU220,187,7,Atlantic Technological University,False,2025
Personal services,Tourism and Hospitality Operations,AU221,262,7,Atlantic Technological University,False,2025
Personal services,Sport and Exercise,AU222,224,7,Atlantic Technological University,False,2025
Arts,Design - common entry,AU234,227,7,Atlantic Technological University,False,2025
Architecture and construction,Quantity Surveying,AU240,260,7,Atlantic Technological University,False,2025
Architecture and construction,Civil Engineering,AU241,298,7,Atlantic Technological University,False,2025
Architecture and construction,Construction - Common Entry,AU242,251,7,Atlantic Technological University,False,2025
Architecture and construction,Building Engineering - Common Entry,AU243,208,7,Atlantic Technological University,False,2025
Engineering and engineering trades,Mechanical Engineering,AU251,271,7,Atlantic Technological University,False,2025
Information and Communication Technologies (ICTs),Computer Games Development,AU260,268,7,Atlantic Technological University,False,2025
Information and Communication Technologies (ICTs),Computing,AU261,243,7,Atlantic Technological University,False,2025
Information and Communication Technologies (ICTs),Cybersecurity and Digital Forensics,AU262,242,7,Atlantic Technological University,False,2025
Biological and related sciences,Science - Common Entry,AU270,208,7,Atlantic Technological University,False,2025
Veterinary,Veterinary Nursing,AU271,409,7,Atlantic Technological University,False,2025
Agriculture,Agriculture,AU272,251,7,Atlantic Technological University,False,2025
,Inclusive Practice for Special Needs Assistance,AU290,232,7,Atlantic Technological University,False,2025
Business and administration,Business - Accounting,AU300,326,8,Atlantic Technological University,False,2025
Business and administration,Business,AU301,287,8,Atlantic Technological University,False,2025
Business and administration,Marketing with Online Technologies,AU302,300,8,Atlantic Technological University,False,2025
Law,LLB (Law),AU310,326,8,Atlantic Technological University,False,2025
Law,Corporate Law,AU311,301,8,Atlantic Technological University,False,2025
Arts,Communications with English,AU312,316,8,Atlantic Technological University,False,2025
Personal services,Sports and Exercise - Common Entry,AU320,300,8,Atlantic Technological University,False,2025
Personal services,Athletic Therapy and Exercise Rehabilitation,AU321,365,8,Atlantic Technological University,False,2025
Personal services,Hospitality Management,AU322,296,8,Atlantic Technological University,False,2025
Arts,Animation,AU331,301,8,Atlantic Technological University,False,2025
Arts,Film and Media Production,AU332,302,8,Atlantic Technological University,False,2025
Arts,Graphic Design and Illustration,AU333,309,8,Atlantic Technological University,False,2025
Arts,Fashion Design with Promotion,AU334,346,8,Atlantic Technological University,False,2025
Architecture and construction,Fire Safety Engineering,AU340,301,8,Atlantic Technological University,False,2025
Architecture and construction,Quantity Surveying,AU341,347,8,Atlantic Technological University,False,2025
Architecture and construction,Construction Management,AU342,327,8,Atlantic Technological University,False,2025
Architecture and construction,Architectural Technology,AU343,330,8,Atlantic Technological University,False,2025
Engineering and engineering trades,Mechanical Engineering,AU350,384,8,Atlantic Technological University,False,2025
Engineering and engineering trades,Electronic Engineering,AU351,307,8,Atlantic Technological University,False,2025
Engineering and engineering trades,Electric Vehicle Engineering,AU354,320,8,Atlantic Technological University,False,2025
Information and Communication Technologies (ICTs),Applied Computing,AU360,353,8,Atlantic Technological University,False,2025
Information and Communication Technologies (ICTs),Computer Science,AU361,307,8,Atlantic Technological University,False,2025
Information and Communication Technologies (ICTs),Cyberpsychology,AU362,300,8,Atlantic Technological University,False,2025
Information and Communication Technologies (ICTs),Computing in Data Science and Artificial Intelligence,AU363,371,8,Atlantic Technological University,False,2025
Biological and related sciences,Food Science and Nutrition,AU370,310,8,Atlantic Technological University,False,2025
Agriculture,Agriculture - Common Entry,AU371,312,8,Atlantic Technological University,False,2025
Biological and related sciences,Bioanalytical Science,AU372,348,8,Atlantic Technological University,False,2025
Biological and related sciences,Pharmaceutical and Medicinal Science,AU373,319,8,Atlantic Technological University,False,2025
Health,Physiotherapy,AU374,,8,Atlantic Technological University,False,2025
Health,General Nursing,AU380,340,8,Atlantic Technological University,False,2025
Health,Mental Health Nursing,AU381,270,8,Atlantic Technological University,False,2025
Health,Intellectual Disability Nursing,AU382,288,8,Atlantic Technological University,False,2025
Welfare,"Early Childhood Care, Health and Education",AU390,301,8,Atlantic Technological University,False,2025
Welfare,Health and Social Care,AU391,306,8,Atlantic Technological University,False,2025
Business and administration,Business,AU401,170,6,Atlantic Technological University,False,2025
Social and behavioural sciences,Heritage,AU425,204,6,Atlantic Technological University,False,2025
Personal services,Business in Tourism,AU426,196,6,Atlantic Technological University,False,2025
Personal services,Culinary Arts Professional Chef Programme,AU429,188,6,Atlantic Technological University,False,2025
Education,Early Childhood Education and Care,AU491,163,6,Atlantic Technological University,False,2025
Business and administration,Business,AU501,233,7,Atlantic Technological University,False,2025
Information and Communication Technologies (ICTs),Business Information Systems,AU502,232,7,Atlantic Technological University,False,2025
Business and administration,Marketing and Sales,AU503,238,7,Atlantic Technological University,False,2025
Agriculture,Agri-Business Management,AU506,,7,Atlantic Technological University,False,2025
Arts,Art (portfolio),AU518,679,7,Atlantic Technological University,False,2025
Arts,Design - Common Entry,AU519,241,7,Atlantic Technological University,False,2025
Manufacturing and processing,Gastronomy Science and Food Innovation,AU531,282,7,Atlantic Technological University,False,2025
Personal services,"Tourism, Hospitality & Event Management - Common Entry",AU532,233,7,Atlantic Technological University,False,2025
Architecture and construction,Construction Management,AU535,297,7,Atlantic Technological University,False,2025
Architecture and construction,Quantity Surveying and Construction Economics,AU536,,7,Atlantic Technological University,False,2025
Architecture and construction,Architectural Technology,AU537,254,7,Atlantic Technological University,False,2025
Architecture and construction,Civil Engineering,AU538,300,7,Atlantic Technological University,False,2025
Engineering and engineering trades,Software and Electronic Engineering,AU542,262,7,Atlantic Technological University,False,2025
Engineering and engineering trades,Mechanical Engineering,AU545,283,7,Atlantic Technological University,False,2025
Engineering and engineering trades,Biomedical Engineering,AU547,308,7,Atlantic Technological University,False,2025
Engineering and engineering trades,Engineering - Common Entry,AU549,300,7,Atlantic Technological University,False,2025
Biological and related sciences,Applied Freshwater and Marine Biology,AU555,302,7,Atlantic Technological University,False,2025
Biological and related sciences,Science - undenominated,AU556,289,7,Atlantic Technological University,False,2025
Agriculture,Agriculture and Environmental Management,AU557,261,7,Atlantic Technological University,False,2025
Environment,Chemical and Pharmaceutical Science,AU568,281,7,Atlantic Technological University,False,2025
Biological and related sciences,Applied Biology and Biopharmaceutical Science,AU569,295,7,Atlantic Technological University,False,2025
Physical sciences,Physics and Instrumentation,AU575,,7,Atlantic Technological University,False,2025
Information and Communication Technologies (ICTs),Computing in Software Development,AU576,252,7,Atlantic Technological University,False,2025
Information and Communication Technologies (ICTs),Computing and Digital Media,AU577,251,7,Atlantic Technological University,False,2025
Arts,"Furniture Design, Making and Technology - Common Entry",AU583,351,7,Atlantic Technological University,False,2025
Personal services,Outdoor Education and Leisure,AU590,220,7,Atlantic Technological University,False,2025
Welfare,Applied Social Care,AU593,231,7,Atlantic Technological University,False,2025
Business and administration,Accounting,AU600,325,8,Atlantic Technological University,False,2025
Business and administration,Business,AU601,280,8,Atlantic Technological University,False,2025
Information and Communication Technologies (ICTs),Business Information Systems,AU602,320,8,Atlantic Technological University,False,2025
Business and administration,Marketing and Sales,AU603,300,8,Atlantic Technological University,False,2025
Business and administration,Finance and Economics,AU604,307,8,Atlantic Technological University,False,2025
Business and administration,Business with Entrepreneurship,AU605,300,8,Atlantic Technological University,False,2025
Agriculture,Agri-Business Management,AU606,300,8,Atlantic Technological University,False,2025
Business and administration,Digital Accounting,AU607,349,8,Atlantic Technological University,False,2025
Arts,Film and Documentary,AU615,302,8,Atlantic Technological University,False,2025
Arts,"Communications, Media and Storytelling",AU616,301,8,Atlantic Technological University,False,2025
Arts,Animation and Game Design,AU617,400,8,Atlantic Technological University,False,2025
Arts,Art (portfolio),AU618,926,8,Atlantic Technological University,False,2025
Education,Education (Art and Design and Communication Graphics),AU620,400,8,Atlantic Technological University,False,2025
Arts,Textile and Fashion Design,AU621,317,8,Atlantic Technological University,False,2025
Arts,Interior Design,AU622,311,8,Atlantic Technological University,False,2025
Arts,Graphic Design and Illustration,AU623,316,8,Atlantic Technological University,False,2025
Arts,Product Design,AU624,309,8,Atlantic Technological University,False,2025
Social and behavioural sciences,Heritage,AU625,340,8,Atlantic Technological University,False,2025
Personal services,International Tourism Management,AU628,316,8,Atlantic Technological University,False,2025
Personal services,Event Management with Public Relations,AU629,288,8,Atlantic Technological University,False,2025
Personal services,International Hotel and Hospitality Management,AU630,300,8,Atlantic Technological University,False,2025
Manufacturing and processing,Gastronomy Science and Food Innovation,AU631,300,8,Atlantic Technological University,False,2025
Architecture and construction,Construction Management,AU635,351,8,Atlantic Technological University,False,2025
Architecture and construction,Quantity Surveying and Construction Economics,AU636,350,8,Atlantic Technological University,False,2025
Architecture and construction,Architectural Technology,AU637,339,8,Atlantic Technological University,False,2025
Architecture and construction,Civil Engineering,AU638,440,8,Atlantic Technological University,False,2025
Engineering and engineering trades,Software and Electronic Engineering,AU642,300,8,Atlantic Technological University,False,2025
Engineering and engineering trades,Mechanical Engineering,AU645,441,8,Atlantic Technological University,False,2025
Engineering and engineering trades,Energy Engineering,AU646,320,8,Atlantic Technological University,False,2025
Engineering and engineering trades,Biomedical Engineering,AU647,420,8,Atlantic Technological University,False,2025
Engineering and engineering trades,Agricultural Engineering,AU648,326,8,Atlantic Technological University,False,2025
Engineering and engineering trades,Engineering - Common Entry,AU649,465,8,Atlantic Technological University,False,2025
Manufacturing and processing,Manufacturing Engineering Design,AU650,327,8,Atlantic Technological University,False,2025
Biological and related sciences,Applied Freshwater and Marine Biology,AU655,400,8,Atlantic Technological University,False,2025
Biological and related sciences,Science - undenominated,AU656,376,8,Atlantic Technological University,False,2025
Agriculture,Agriculture and Environmental Management,AU657,310,8,Atlantic Technological University,False,2025
Personal services,Sport and Exercise Science,AU662,400,8,Atlantic Technological University,False,2025
Biological and related sciences,Public Health Nutrition,AU663,340,8,Atlantic Technological University,False,2025
Education,Sports Coaching,AU664,307,8,Atlantic Technological University,False,2025
Environment,Chemical and Pharmaceutical Science,AU668,409,8,Atlantic Technological University,False,2025
Physical sciences,Forensic Science and Analysis,AU669,419,8,Atlantic Technological University,False,2025
Biological and related sciences,Applied Biology and Biopharmaceutical Science,AU670,402,8,Atlantic Technological University,False,2025
Health,Medical Science,AU671,485,8,Atlantic Technological University,False,2025
Physical sciences,Physics and Instrumentation,AU675,333,8,Atlantic Technological University,False,2025
Information and Communication Technologies (ICTs),Computing in Software Development,AU676,321,8,Atlantic Technological University,False,2025
Information and Communication Technologies (ICTs),Computing and Digital Media,AU677,327,8,Atlantic Technological University,False,2025
Education,"Education (Design, Graphics and Construction)",AU680,410,8,Atlantic Technological University,False,2025
Arts,Furniture Design and Manufacture,AU681,409,8,Atlantic Technological University,False,2025
Arts,Furniture Making and Architectural Woodworking,AU682,401,8,Atlantic Technological University,False,2025
Arts,Furniture Design Making and Technology - Common Entry,AU683,403,8,Atlantic Technological University,False,2025
Health,General Nursing,AU690,349,8,Atlantic Technological University,False,2025
Health,Mental Health Nursing,AU691,271,8,Atlantic Technological University,False,2025
Humanities (except languages),Geography and Outdoor Education,AU693,307,8,Atlantic Technological University,False,2025
Humanities (except languages),History and Geography,AU694,317,8,Atlantic Technological University,False,2025
Education,Early Childhood Education and Care,AU695,303,8,Atlantic Technological University,False,2025
Welfare,Applied Social Care,AU696,310,8,Atlantic Technological University,False,2025
Social and behavioural sciences,Psychology,AU698,352,8,Atlantic Technological University,False,2025
Personal services,Outdoor and Environmental Education - Common Entry,AU699,367,8,Atlantic Technological University,False,2025
Information and Communication Technologies (ICTs),Computing,AU725,186,6,Atlantic Technological University,False,2025
Biological and related sciences,Science,AU730,161,6,Atlantic Technological University,False,2025
Business and administration,Business,AU800,179,7,Atlantic Technological University,False,2025
Business and administration,Marketing,AU802,232,7,Atlantic Technological University,False,2025
Personal services,International Tourism and Event Management,AU803,226,7,Atlantic Technological University,False,2025
Personal services,Applied Sport with Business,AU804,223,7,Atlantic Technological University,False,2025
Architecture and construction,Interior Architecture and Design,AU820,271,7,Atlantic Technological University,False,2025
Arts,Creative Design,AU821,225,7,Atlantic Technological University,False,2025
Arts,Fine Art (portfolio),AU822,256,7,Atlantic Technological University,False,2025
Arts,Performing Arts,AU823,233,7,Atlantic Technological University,False,2025
Engineering and engineering trades,Engineering - Common  Entry,AU830,270,7,Atlantic Technological University,False,2025
Engineering and engineering trades,Mechatronic Engineering,AU831,309,7,Atlantic Technological University,False,2025
Engineering and engineering trades,Mechanical Engineering,AU833,271,7,Atlantic Technological University,False,2025
Architecture and construction,Civil Engineering,AU835,291,7,Atlantic Technological University,False,2025
Architecture and construction,Quantity Surveying,AU836,260,7,Atlantic Technological University,False,2025
Architecture and construction,Advanced Wood and Sustainable Building Technology,AU837,235,7,Atlantic Technological University,False,2025
Information and Communication Technologies (ICTs),Computing - Common Entry,AU845,249,7,Atlantic Technological University,False,2025
Information and Communication Technologies (ICTs),Computer Networks and Cyber Security,AU846,241,7,Atlantic Technological University,False,2025
Information and Communication Technologies (ICTs),Software Development,AU847,223,7,Atlantic Technological University,False,2025
Information and Communication Technologies (ICTs),Games Development,AU848,260,7,Atlantic Technological University,False,2025
Environment,Environmental Science with Ecology,AU855,242,7,Atlantic Technological University,False,2025
Hygiene and occupational health services,Occupational Safety and Health,AU856,242,7,Atlantic Technological University,False,2025
Physical sciences,Pharmaceutical Science with Drug Development,AU857,263,7,Atlantic Technological University,False,2025
Health,Biomedical Science,AU858,243,7,Atlantic Technological University,False,2025
Biological and related sciences,Forensic Investigation and Analysis,AU859,244,7,Atlantic Technological University,False,2025
Health,Health Science and Physiology,AU861,271,7,Atlantic Technological University,False,2025
Health,Human Nutrition,AU862,261,7,Atlantic Technological University,False,2025
Business and administration,Business,AU900,281,8,Atlantic Technological University,False,2025
Business and administration,Business and ICT,AU901,326,8,Atlantic Technological University,False,2025
Business and administration,Accounting,AU902,320,8,Atlantic Technological University,False,2025
Personal services,Sport with Business,AU903,307,8,Atlantic Technological University,False,2025
Business and administration,Marketing,AU904,300,8,Atlantic Technological University,False,2025
Personal services,Tourism and Event Management,AU905,288,8,Atlantic Technological University,False,2025
Languages,Business and Irish,AU906,386,8,Atlantic Technological University,False,2025
Law,Law and Business,AU915,316,8,Atlantic Technological University,False,2025
Social and behavioural sciences,Sociology and Politics,AU916,326,8,Atlantic Technological University,False,2025
Social and behavioural sciences,English and Psychology,AU917,351,8,Atlantic Technological University,False,2025
Welfare,Social Care Practice,AU918,303,8,Atlantic Technological University,False,2025
Welfare,Early Education and Care,AU919,301,8,Atlantic Technological University,False,2025
Architecture and construction,Architecture,AU925,420,8,Atlantic Technological University,False,2025
Architecture and construction,Interior Architecture and Design,AU926,400,8,Atlantic Technological University,False,2025
Arts,Creative Design,AU927,305,8,Atlantic Technological University,False,2025
Arts,Fine Art (portfolio),AU928,378,8,Atlantic Technological University,False,2025
Languages,Writing and Literature,AU929,317,8,Atlantic Technological University,False,2025
Languages,Writing and Literature (online),AU930,337,8,Atlantic Technological University,False,2025
Arts,Performing Arts,AU931,309,8,Atlantic Technological University,False,2025
Engineering and engineering trades,Engineering - Common  Entry,AU940,401,8,Atlantic Technological University,False,2025
Engineering and engineering trades,Mechanical Engineering,AU943,409,8,Atlantic Technological University,False,2025
Architecture and construction,Civil Engineering,AU944,424,8,Atlantic Technological University,False,2025
Architecture and construction,Quantity Surveying,AU945,344,8,Atlantic Technological University,False,2025
Architecture and construction,Construction Project Management and Applied Technology,AU946,300,8,Atlantic Technological University,False,2025
Information and Communication Technologies (ICTs),Computing - Common Entry,AU955,308,8,Atlantic Technological University,False,2025
Information and Communication Technologies (ICTs),Computer Networks and Cyber Security,AU956,300,8,Atlantic Technological University,False,2025
Information and Communication Technologies (ICTs),Software Development,AU957,322,8,Atlantic Technological University,False,2025
Biological and related sciences,Science - Common Entry,AU965,357,8,Atlantic Technological University,False,2025
Environment,Environmental Science with Ecology,AU966,307,8,Atlantic Technological University,False,2025
Hygiene and occupational health services,Occupational Safety and Health,AU967,300,8,Atlantic Technological University,False,2025
Physical sciences,Pharmaceutical Science with Drug Development,AU968,319,8,Atlantic Technological University,False,2025
Health,Biomedical Science,AU969,336,8,Atlantic Technological University,False,2025
Biological and related sciences,Forensic Investigation and Analysis,AU970,320,8,Atlantic Technological University,False,2025
Health,Health Science and Physical Activity,AU971,338,8,Atlantic Technological University,False,2025
Health,Human Nutrition,AU972,349,8,Atlantic Technological University,False,2025
Health,Clinical Measurement Physiology,AU973,462,8,Atlantic Technological University,False,2025
Health,Pharmacy,AU975,,8,Atlantic Technological University,False,2025
Education,"Education, Home Economics and Biology - with concurrent Teacher Education",AU985,453,8,Atlantic Technological University,False,2025
Education,"Education, Home Economics and Religious Ed - with concurrent Teacher Education",AU986,400,8,Atlantic Technological University,False,2025
Education,"Education, Home Economics and Irish - with concurrent Teacher Education",AU987,398,8,Atlantic Technological University,False,2025
Education,"Education, Home Economics - with concurrent Teacher Education",AU988,408,8,Atlantic Technological University,False,2025
Business and administration,"Nutrition, Food and Business Management",AU989,337,8,Atlantic Technological University,False,2025
Biological and related sciences,Home Economics,AU990,301,8,Atlantic Technological University,False,2025
Health,General Nursing,AU991,369,8,Atlantic Technological University,False,2025
Health,Intellectual Disability Nursing,AU992,270,8,Atlantic Technological University,False,2025
Business and administration,Business,BY001,253,8,IBAT College Dublin,False,2025
Business and administration,Business,BY002,145,7,IBAT College Dublin,False,2025
Arts,Arts - 3 years,CK101,300,8,University College Cork (NUI),False,2025
Social and behavioural sciences,Social Science - 3 years or 4 years (International Pathway),CK102,400,8,University College Cork (NUI),False,2025
Arts,"Arts - Music - 3 years or 4 years  (BMus or Chinese/European/International Pathway,interview,audition)",CK104,338,8,University College Cork (NUI),False,2025
Arts,Film and Screen Media - 3 years or 4 years (International Pathway),CK105,390,8,University College Cork (NUI),False,2025
Languages,Arts International - 4 years,CK108,401,8,University College Cork (NUI),False,2025
Languages,English - 3 years or 4 years (International Pathway),CK109,366,8,University College Cork (NUI),False,2025
Languages,World Languages,CK110,403,8,University College Cork (NUI),False,2025
Welfare,Early Years and Childhood Studies,CK111,368,8,University College Cork (NUI),False,2025
Arts,"Theatre and Performative Practices - 3 years or 4 years (International Pathway,audition)",CK112,384,8,University College Cork (NUI),False,2025
Social and behavioural sciences,Criminology - 3 years or 4 years (International Pathway),CK113,419,8,University College Cork (NUI),False,2025
Welfare,"Social Science (Youth and Community Work,interview)",CK114,317,8,University College Cork (NUI),False,2025
Welfare,Social Work - Mature Applicants only,CK115,,8,University College Cork (NUI),False,2025
Arts,Digital Humanities and Information Technology - 3 years or 4 years (Work Experience or International Pathway),CK118,300,8,University College Cork (NUI),False,2025
Social and behavioural sciences,Applied Psychology,CK120,536,8,University College Cork (NUI),False,2025
Social and behavioural sciences,Psychology and Computing - 3 years or 4 years (Work Experience Pathway),CK121,409,8,University College Cork (NUI),False,2025
Social and behavioural sciences,Government and Political Science,CK122,411,8,University College Cork (NUI),False,2025
Humanities (except languages),Anthropology - 3 years or 4 years (International Pathway),CK123,301,8,University College Cork (NUI),False,2025
Education,Education - Gaeilge,CK124,398,8,University College Cork (NUI),False,2025
Education,"Physical Education, Sports Studies and Arts",CK125,521,8,University College Cork (NUI),False,2025
Business and administration,Commerce,CK201,511,8,University College Cork (NUI),False,2025
Business and administration,Accounting,CK202,510,8,University College Cork (NUI),False,2025
Information and Communication Technologies (ICTs),Business Information Systems,CK203,463,8,University College Cork (NUI),False,2025
Business and administration,Finance,CK204,578,8,University College Cork (NUI),False,2025
Social and behavioural sciences,Applied Economics,CK212,498,8,University College Cork (NUI),False,2025
Business and administration,Food Marketing and Entrepreneurship,CK213,466,8,University College Cork (NUI),False,2025
Business and administration,International Business with Languages,CK215,463,8,University College Cork (NUI),False,2025
Law,Law (Pathways) - 3 years or 4 years,CK301,532,8,University College Cork (NUI),False,2025
Law,Law and French,CK302,532,8,University College Cork (NUI),False,2025
Law,Law and Irish,CK304,542,8,University College Cork (NUI),False,2025
Law,Law and Business,CK307,566,8,University College Cork (NUI),False,2025
Information and Communication Technologies (ICTs),Computer Science,CK401,456,8,University College Cork (NUI),False,2025
Biological and related sciences,Biological and Chemical Sciences,CK402,532,8,University College Cork (NUI),False,2025
Biological and related sciences,"Biological, Environmental and Geological Sciences",CK404,495,8,University College Cork (NUI),False,2025
Biological and related sciences,Genetics,CK405,521,8,University College Cork (NUI),False,2025
Physical sciences,Chemical Sciences,CK406,510,8,University College Cork (NUI),False,2025
Mathematics and statistics,Mathematical Sciences,CK407,577,8,University College Cork (NUI),False,2025
Physical sciences,Physics and Astrophysics,CK408,565,8,University College Cork (NUI),False,2025
Information and Communication Technologies (ICTs),Data Science and Analytics,CK411,469,8,University College Cork (NUI),False,2025
"Interdisciplinary programmes and qualifications involving agriculture, forestry and veterinary",Agricultural Science,CK412,484,8,University College Cork (NUI),False,2025
Education,Science Education,CK413,520,8,University College Cork (NUI),False,2025
Biological and related sciences,Nutritional Sciences,CK504,518,8,University College Cork (NUI),False,2025
Manufacturing and processing,Food Science,CK505,453,8,University College Cork (NUI),False,2025
Engineering and engineering trades,Engineering,CK600,543,8,University College Cork (NUI),False,2025
Architecture and construction,Architecture - Offered jointly by UCC and MTU,CK606,532,8,University College Cork (NUI),False,2025
Health,Medicine (Undergraduate Entry - HPAT required),CK701,730,8,University College Cork (NUI),False,2025
Health,Dentistry,CK702,613,8,University College Cork (NUI),False,2025
Health,Pharmacy,CK703,602,8,University College Cork (NUI),False,2025
Health,Occupational Therapy,CK704,566,8,University College Cork (NUI),False,2025
Health,Speech and Language Therapy,CK705,552,8,University College Cork (NUI),False,2025
Health,Public Health Sciences,CK706,414,8,University College Cork (NUI),False,2025
Health,Medical and Health Sciences,CK707,532,8,University College Cork (NUI),False,2025
Health,Paramedicine,CK708,496,8,University College Cork (NUI),False,2025
Health,General Nursing,CK710,452,8,University College Cork (NUI),False,2025
Health,Children`s and General Nursing (Integrated),CK712,522,8,University College Cork (NUI),False,2025
Health,Mental Health Nursing,CK720,400,8,University College Cork (NUI),False,2025
Health,Intellectual Disability Nursing,CK730,356,8,University College Cork (NUI),False,2025
Health,Midwifery,CK740,441,8,University College Cork (NUI),False,2025
Health,Medicine (Graduate Entry - GAMSAT required),CK791,57,8,University College Cork (NUI),False,2025
Education,Education - Primary Teaching,CM001,473,8,Marino Institute of Education,False,2025
Education,Education - Primary Teaching - Gaeltacht Applicants,CM002,440,8,Marino Institute of Education,False,2025
Education,Oideachas - Bunmhúinteoireacht - Trí Mheán na Gaeilge (TEG),CM003,502,8,Marino Institute of Education,False,2025
Education,Oideachas - Bunmhúinteoireacht - Trí Mheán na Gaeilge (daltaí Gaeltachta - TEG),CM004,496,8,Marino Institute of Education,False,2025
Education,Education Studies,CM010,320,8,Marino Institute of Education,False,2025
Education,Early Childhood Education,CM020,346,8,Marino Institute of Education,False,2025
Information and Communication Technologies (ICTs),Computing and IT,CT125,229,8,CCT College Dublin,False,2025
Business and administration,Business,CT325,275,8,CCT College Dublin,False,2025
Information and Communication Technologies (ICTs),Computing,DB500,398,8,Dublin Business School,False,2025
Information and Communication Technologies (ICTs),Computing (Data Analytics and Big Data),DB502,252,8,Dublin Business School,False,2025
Information and Communication Technologies (ICTs),Computing (Software Development),DB503,275,8,Dublin Business School,False,2025
Arts,Audio Production and Music Project Management,DB510,273,8,Dublin Business School,False,2025
Business and administration,Business Studies,DB512,263,8,Dublin Business School,False,2025
Business and administration,Business Studies (Law),DB514,260,8,Dublin Business School,False,2025
Business and administration,Business Studies (Human Resource Management),DB515,236,8,Dublin Business School,False,2025
Business and administration,Marketing (Event Management),DB517,282,8,Dublin Business School,False,2025
Business and administration,Marketing (Digital Marketing),DB518,261,8,Dublin Business School,False,2025
Business and administration,Global Business,DB520,308,8,Dublin Business School,False,2025
Business and administration,Accounting and Finance,DB521,269,8,Dublin Business School,False,2025
Information and Communication Technologies (ICTs),Business (Information Systems),DB524,,8,Dublin Business School,False,2025
Information and Communication Technologies (ICTs),Business (Cloud Computing),DB526,,8,Dublin Business School,False,2025
Business and administration,Marketing,DB531,293,8,Dublin Business School,False,2025
Arts,Sound Engineering and Music Production,DB534,215,6,Dublin Business School,False,2025
Environment,Sustainability,DB535,330,8,Dublin Business School,False,2025
Social and behavioural sciences,Psychology,DB562,260,8,Dublin Business School,False,2025
Social and behavioural sciences,Social Science,DB566,271,8,Dublin Business School,False,2025
Arts,Film and Creative Media,DB567,255,8,Dublin Business School,False,2025
Law,Law,DB568,247,8,Dublin Business School,False,2025
Business and administration,Business (Psychology),DB569,253,8,Dublin Business School,False,2025
Business and administration,Business Studies,DB571,108,7,Dublin Business School,False,2025
Business and administration,Business in Accounting,DB572,227,7,Dublin Business School,False,2025
Business and administration,Business in Marketing,DB573,126,7,Dublin Business School,False,2025
Arts,Film and Creative Media,DB576,108,7,Dublin Business School,False,2025
Education,Education - Early Childhood Education,DC001,420,8,Dublin City University,False,2025
Education,Education - Primary Teaching,DC002,485,8,Dublin City University,False,2025
Education,Education - Primary Teaching - Gaeltacht Applicants,DC003,431,8,Dublin City University,False,2025
Education,Education - Primary Teaching - CIC (Church of Ireland Centre formerly CICE),DC004,407,8,Dublin City University,False,2025
Arts,Arts: Joint Honours (Humanities),DC009,378,8,Dublin City University,False,2025
Education,Post Primary Teacher Education - Religious Education and English,DC010,410,8,Dublin City University,False,2025
Education,Post Primary Teacher Education - Religious Education and History,DC011,409,8,Dublin City University,False,2025
Education,Post Primary Teacher Education - Religious Education and Music,DC012,410,8,Dublin City University,False,2025
Education,"Post Primary Teacher Education - Gaeilge and French, German or Spanish",DC013,440,8,Dublin City University,False,2025
Arts,Jazz and Contemporary Music Performance (audition),DC014,515,8,Dublin City University,False,2025
Education,"Post Primary Teacher Education -  Technology, Engineering and Graphics",DC015,402,8,Dublin City University,False,2025
Education,Post Primary Teaching - Home Economics and Technology,DC016,367,8,Dublin City University,False,2025
Business and administration,Business Studies International,DC110,498,8,Dublin City University,False,2025
Business and administration,Business Studies,DC111,510,8,Dublin City University,False,2025
Business and administration,Global Business (France),DC112,543,8,Dublin City University,False,2025
Business and administration,Global Business (Germany),DC113,455,8,Dublin City University,False,2025
Business and administration,Global Business (Spain),DC114,555,8,Dublin City University,False,2025
Business and administration,Accounting and Finance,DC115,532,8,Dublin City University,False,2025
Business and administration,Global Business (USA),DC116,617,8,Dublin City University,False,2025
Business and administration,Aviation Management / Aviation Management with Pilot Studies/Aviation Management with Air Traffic Controller Studies,DC117,500,8,Dublin City University,False,2025
Business and administration,Gnó agus Gaeilge / Business and Irish,DC118,402,8,Dublin City University,False,2025
Business and administration,Global Business (Canada),DC119,545,8,Dublin City University,False,2025
Information and Communication Technologies (ICTs),Computing for Business,DC120,400,8,Dublin City University,False,2025
Information and Communication Technologies (ICTs),Computer Science,DC121,487,8,Dublin City University,False,2025
Information and Communication Technologies (ICTs),Data Science,DC123,500,8,Dublin City University,False,2025
Mathematics and statistics,Actuarial Mathematics,DC126,589,8,Dublin City University,False,2025
Mathematics and statistics,Common Entry into Actuarial and Financial Mathematics,DC127,555,8,Dublin City University,False,2025
Journalism and information,Communication Studies,DC131,360,8,Dublin City University,False,2025
Journalism and information,Journalism,DC132,409,8,Dublin City University,False,2025
Arts,Multimedia,DC133,388,8,Dublin City University,False,2025
Languages,Applied Language and Translation Studies,DC155,378,8,Dublin City University,False,2025
Physical sciences,Chemistry with Artificial Intelligence,DC160,413,8,Dublin City University,False,2025
Physical sciences,Analytical Science,DC161,410,8,Dublin City University,False,2025
Physical sciences,Chemical and Pharmaceutical Sciences,DC162,477,8,Dublin City University,False,2025
Physical sciences,Chemical Sciences (General Entry),DC163,402,8,Dublin City University,False,2025
Environment,Environmental Science and Technology,DC166,434,8,Dublin City University,False,2025
Biological and related sciences,Genetics and Cell Biology,DC168,518,8,Dublin City University,False,2025
Physical sciences,Physics (General Entry),DC175,413,8,Dublin City University,False,2025
Biological and related sciences,Biological Sciences (General Entry),DC180,466,8,Dublin City University,False,2025
Biological and related sciences,Biotechnology,DC181,498,8,Dublin City University,False,2025
Engineering and engineering trades,Electronic and Computer Engineering,DC190,531,8,Dublin City University,False,2025
Engineering and engineering trades,Mechatronic Engineering,DC193,533,8,Dublin City University,False,2025
Environment,Mechanical and Sustainability Engineering,DC194,533,8,Dublin City University,False,2025
Engineering and engineering trades,Mechanical and Manufacturing Engineering,DC195,542,8,Dublin City University,False,2025
Manufacturing and processing,Biomedical Engineering,DC197,544,8,Dublin City University,False,2025
Engineering and engineering trades,Common Entry into Engineering (Undenominated Entry),DC200,543,8,Dublin City University,False,2025
Health,Sport Science and Health,DC202,518,8,Dublin City University,False,2025
Education,Science and Mathematics Education,DC203,443,8,Dublin City University,False,2025
Health,Athletic Therapy and Training,DC204,554,8,Dublin City University,False,2025
Education,Physical Education with Biology,DC205,521,8,Dublin City University,False,2025
Education,Physical Education with Mathematics,DC206,499,8,Dublin City University,False,2025
Social and behavioural sciences,Psychology and Mathematics,DC207,492,8,Dublin City University,False,2025
Social and behavioural sciences,Psychology,DC208,533,8,Dublin City University,False,2025
Health,Health and Society,DC209,452,8,Dublin City University,False,2025
Social and behavioural sciences,Psychology and Disruptive Technologies,DC210,496,8,Dublin City University,False,2025
Health,General Nursing,DC215,424,8,Dublin City University,False,2025
Health,Mental Health Nursing,DC216,359,8,Dublin City University,False,2025
Health,Intellectual Disability Nursing,DC217,308,8,Dublin City University,False,2025
Health,Children`s and General Nursing (Integrated),DC218,509,8,Dublin City University,False,2025
Social and behavioural sciences,"Economics, Politics and Law",DC230,467,8,Dublin City University,False,2025
Social and behavioural sciences,International Relations,DC231,411,8,Dublin City University,False,2025
Law,Civil Law (BCL),DC232,496,8,Dublin City University,False,2025
Education,Education and Training,DC235,346,8,Dublin City University,False,2025
Humanities (except languages),Social Sciences and Cultural Innovation,DC238,334,8,Dublin City University,False,2025
Business and administration,"Marketing, Innovation and Technology",DC240,487,8,Dublin City University,False,2025
Business and administration,Digital Business and Innovation,DC241,468,8,Dublin City University,False,2025
Arts,Arts: Joint Honours (Media Studies),DC291,358,8,Dublin City University,False,2025
Arts,Arts: Joint Honours (Law),DC292,398,8,Dublin City University,False,2025
Arts,Arts: Joint Honours (International Languages),DC293,360,8,Dublin City University,False,2025
Environment,Climate and Environmental Sustainability,DC294,431,8,Dublin City University,False,2025
Arts,Arts: Joint Honours (Politics),DC295,387,8,Dublin City University,False,2025
Business and administration,Business and Management,DK710,AQA,7,Dundalk Institute of Technology,True,2025
Business and administration,Business and Technology,DK711,225,7,Dundalk Institute of Technology,False,2025
Business and administration,Digital Marketing and Public Relations,DK712,AQA,7,Dundalk Institute of Technology,True,2025
Information and Communication Technologies (ICTs),Computing,DK721,148,7,Dundalk Institute of Technology,False,2025
Information and Communication Technologies (ICTs),Computing Systems and Operations,DK723,AQA,7,Dundalk Institute of Technology,True,2025
Architecture and construction,Building Surveying,DK730,182,7,Dundalk Institute of Technology,False,2025
Architecture and construction,Architectural Technology,DK731,190,7,Dundalk Institute of Technology,False,2025
Architecture and construction,Construction Management,DK732,120,7,Dundalk Institute of Technology,False,2025
Architecture and construction,Quantity Surveying,DK734,AQA,7,Dundalk Institute of Technology,True,2025
Engineering and engineering trades,Engineering - Electrical and Electronic Systems,DK740,142,7,Dundalk Institute of Technology,False,2025
Engineering and engineering trades,Engineering - Mechanical Engineering,DK742,AQA,7,Dundalk Institute of Technology,True,2025
Architecture and construction,Engineering - Civil Engineering,DK744,142,7,Dundalk Institute of Technology,False,2025
Personal services,Hospitality Management,DK750,190,7,Dundalk Institute of Technology,False,2025
Personal services,Event Management,DK752,167,7,Dundalk Institute of Technology,False,2025
Personal services,Culinary Arts,DK753,216,7,Dundalk Institute of Technology,False,2025
Personal services,"Sport, Exercise and Enterprise",DK763,136,7,Dundalk Institute of Technology,False,2025
Welfare,"Community Youth Work (portfolio,interview)",DK767,240,7,Dundalk Institute of Technology,False,2025
Arts,Audio and Music Production,DK768,201,7,Dundalk Institute of Technology,False,2025
Arts,Creative Media,DK769,190,7,Dundalk Institute of Technology,False,2025
Arts,Theatre and Film Practice,DK770,215,7,Dundalk Institute of Technology,False,2025
Biological and related sciences,Science - Bioscience,DK781,204,7,Dundalk Institute of Technology,False,2025
Biological and related sciences,Science - Pharmaceutical Science,DK783,192,7,Dundalk Institute of Technology,False,2025
Veterinary,Veterinary Nursing,DK784,424,7,Dundalk Institute of Technology,False,2025
Arts,Music and Performance Technologies,DK792,166,7,Dundalk Institute of Technology,False,2025
Information and Communication Technologies (ICTs),International Business with Digitalisation,DK801,297,8,Dundalk Institute of Technology,False,2025
Business and administration,Business with Management,DK802,252,8,Dundalk Institute of Technology,False,2025
Business and administration,Accounting and Finance,DK810,210,8,Dundalk Institute of Technology,False,2025
Business and administration,Business Studies,DK816,219,8,Dundalk Institute of Technology,False,2025
Business and administration,Digital Marketing and Strategic Communication,DK818,184,8,Dundalk Institute of Technology,False,2025
Information and Communication Technologies (ICTs),Games Development,DK820,256,8,Dundalk Institute of Technology,False,2025
Information and Communication Technologies (ICTs),Computing in Software Development,DK821,235,8,Dundalk Institute of Technology,False,2025
Information and Communication Technologies (ICTs),Computing Systems and Operations,DK824,282,8,Dundalk Institute of Technology,False,2025
Architecture and construction,Building Surveying,DK830,234,8,Dundalk Institute of Technology,False,2025
Architecture and construction,Architectural Technology,DK831,221,8,Dundalk Institute of Technology,False,2025
Architecture and construction,Construction Management,DK832,252,8,Dundalk Institute of Technology,False,2025
Architecture and construction,Quantity Surveying,DK834,234,8,Dundalk Institute of Technology,False,2025
Engineering and engineering trades,Engineering (Common Entry),DK843,285,8,Dundalk Institute of Technology,False,2025
Engineering and engineering trades,Mechanical Engineering,DK844,287,8,Dundalk Institute of Technology,False,2025
Engineering and engineering trades,Electrical and Electronic Engineering,DK845,309,8,Dundalk Institute of Technology,False,2025
Architecture and construction,Civil Engineering,DK846,317,8,Dundalk Institute of Technology,False,2025
Personal services,International Tourism Management,DK850,279,8,Dundalk Institute of Technology,False,2025
Personal services,Hospitality Management with Business,DK851,243,8,Dundalk Institute of Technology,False,2025
Personal services,Event Management with Marketing,DK852,245,8,Dundalk Institute of Technology,False,2025
Business and administration,Marketing and International Tourism Management,DK853,262,8,Dundalk Institute of Technology,False,2025
Social and behavioural sciences,Arts,DK861,234,8,Dundalk Institute of Technology,False,2025
Welfare,Social Care,DK862,262,8,Dundalk Institute of Technology,False,2025
Arts,Creative Media,DK863,233,8,Dundalk Institute of Technology,False,2025
Arts,Film and Television Production,DK864,235,8,Dundalk Institute of Technology,False,2025
Arts,Audio and Music Production,DK865,236,8,Dundalk Institute of Technology,False,2025
Welfare,"Applied Youth Work (portfolio,interview)",DK866,240,8,Dundalk Institute of Technology,False,2025
Personal services,Sport and Exercise with Business,DK867,228,8,Dundalk Institute of Technology,False,2025
Health,General Nursing,DK870,381,8,Dundalk Institute of Technology,False,2025
Health,Intellectual Disability Nursing,DK872,262,8,Dundalk Institute of Technology,False,2025
Health,Mental Health Nursing,DK874,310,8,Dundalk Institute of Technology,False,2025
Welfare,Early Childhood Studies,DK876,243,8,Dundalk Institute of Technology,False,2025
Health,Midwifery,DK877,425,8,Dundalk Institute of Technology,False,2025
Health,Health and Physical Activity,DK880,235,8,Dundalk Institute of Technology,False,2025
"Interdisciplinary programmes and qualifications involving agriculture, forestry and veterinary",Agriculture,DK882,368,8,Dundalk Institute of Technology,False,2025
"Interdisciplinary programmes and qualifications involving natural sciences, Mathematics and statistics",Science,DK883,270,8,Dundalk Institute of Technology,False,2025
Health,Nutrition and Health,DK888,234,8,Dundalk Institute of Technology,False,2025
Arts,Music and Performance Technologies,DK892,244,8,Dundalk Institute of Technology,False,2025
Business and administration,Arts Management,DL822,243,8,"Dun Laoghaire Institute of Art, Design and Technology",False,2025
Business and administration,Business Management,DL823,220,8,"Dun Laoghaire Institute of Art, Design and Technology",False,2025
Social and behavioural sciences,Applied Psychology,DL825,378,8,"Dun Laoghaire Institute of Art, Design and Technology",False,2025
Arts,Graphic Design (portfolio),DL826,534,8,"Dun Laoghaire Institute of Art, Design and Technology",False,2025
Arts,Art (portfolio),DL827,577,8,"Dun Laoghaire Institute of Art, Design and Technology",False,2025
Arts,Animation (portfolio),DL832,945,8,"Dun Laoghaire Institute of Art, Design and Technology",False,2025
Arts,Photography and Visual Media (portfolio),DL833,554,8,"Dun Laoghaire Institute of Art, Design and Technology",False,2025
Information and Communication Technologies (ICTs),Creative Computing,DL836,227,8,"Dun Laoghaire Institute of Art, Design and Technology",False,2025
Arts,New Media Studies,DL837,227,8,"Dun Laoghaire Institute of Art, Design and Technology",False,2025
Arts,Creative Music Production (portfolio/audition),DL838,738,8,"Dun Laoghaire Institute of Art, Design and Technology",False,2025
Business and administration,Digital Marketing,DL840,209,8,"Dun Laoghaire Institute of Art, Design and Technology",False,2025
Arts,Film (portfolio),DL843,960,8,"Dun Laoghaire Institute of Art, Design and Technology",False,2025
Arts,Television (portfolio),DL844,578,8,"Dun Laoghaire Institute of Art, Design and Technology",False,2025
Arts,Design for Film (portfolio),DL845,595,8,"Dun Laoghaire Institute of Art, Design and Technology",False,2025
Arts,3D Animation (portfolio),DL847,605,8,"Dun Laoghaire Institute of Art, Design and Technology",False,2025
Business and administration,Business and Digital Technology,DL848,219,8,"Dun Laoghaire Institute of Art, Design and Technology",False,2025
Arts,English and Media Studies,DL849,280,8,"Dun Laoghaire Institute of Art, Design and Technology",False,2025
Information and Communication Technologies (ICTs),Game Design,DL854,368,8,"Dun Laoghaire Institute of Art, Design and Technology",False,2025
Arts,"Film (Joint International programme,portfolio,interview)",DL856,530,8,"Dun Laoghaire Institute of Art, Design and Technology",False,2025
Architecture and construction,Architecture,DN100,556,8,University College Dublin (NUI),False,2025
Architecture and construction,Landscape Architecture,DN120,485,8,University College Dublin (NUI),False,2025
Architecture and construction,City Planning and Environmental Policy,DN130,481,8,University College Dublin (NUI),False,2025
Engineering and engineering trades,Engineering,DN150,578,8,University College Dublin (NUI),False,2025
"Interdisciplinary programmes and qualifications involving natural sciences, Mathematics and statistics",Science,DN200,544,8,University College Dublin (NUI),False,2025
Information and Communication Technologies (ICTs),Computer Science,DN201,542,8,University College Dublin (NUI),False,2025
Mathematics and statistics,Actuarial & Financial Studies,DN230,613,8,University College Dublin (NUI),False,2025
Environment,Sustainability,DN240,532,8,University College Dublin (NUI),False,2025
"Interdisciplinary programmes and qualifications involving agriculture, forestry and veterinary",Agricultural Science,DN250,432,8,University College Dublin (NUI),False,2025
Agriculture,Food Science,DN261,466,8,University College Dublin (NUI),False,2025
Health,Human Nutrition,DN262,530,8,University College Dublin (NUI),False,2025
Veterinary,Veterinary Medicine - Undergraduate Entry (practical experience required),DN300,590,8,University College Dublin (NUI),False,2025
Veterinary,Veterinary Medicine (Graduate Entry - GAMSAT and practical experience required),DN301,,8,University College Dublin (NUI),False,2025
Veterinary,Veterinary Nursing,DN310,500,8,University College Dublin (NUI),False,2025
Health,Medicine (Undergraduate Entry - HPAT required),DN400,738,8,University College Dublin (NUI),False,2025
Health,Medicine (Graduate Entry - GAMSAT required),DN401,,8,University College Dublin (NUI),False,2025
Health,Radiography,DN410,545,8,University College Dublin (NUI),False,2025
Health,Diagnostic Radiography - Graduate Entry,DN411,,8,University College Dublin (NUI),False,2025
Health,Physiotherapy,DN420,579,8,University College Dublin (NUI),False,2025
Health,"Sport, Health and Exercise Science",DN425,533,8,University College Dublin (NUI),False,2025
Business and administration,Sport and Exercise Management,DN430,484,8,University College Dublin (NUI),False,2025
Biological and related sciences,"Biomedical, Health and Life Sciences",DN440,589,8,University College Dublin (NUI),False,2025
Health,General Nursing,DN450,444,8,University College Dublin (NUI),False,2025
Health,Children`s and General Nursing (Integrated),DN451,510,8,University College Dublin (NUI),False,2025
Health,Midwifery,DN452,511,8,University College Dublin (NUI),False,2025
Health,Mental Health Nursing,DN453,400,8,University College Dublin (NUI),False,2025
Arts,Joint Honours,DN520,420,8,University College Dublin (NUI),False,2025
Humanities (except languages),Humanities,DN530,463,8,University College Dublin (NUI),False,2025
Languages,Modern Languages,DN541,410,8,University College Dublin (NUI),False,2025
Law,Law,DN600,567,8,University College Dublin (NUI),False,2025
Business and administration,Business and Law,DN610,566,8,University College Dublin (NUI),False,2025
Law,Criminology with Psychology,DN620,509,8,University College Dublin (NUI),False,2025
Business and administration,Commerce,DN650,555,8,University College Dublin (NUI),False,2025
Business and administration,Commerce International,DN660,544,8,University College Dublin (NUI),False,2025
Business and administration,Economics and Finance,DN670,625,8,University College Dublin (NUI),False,2025
Social and behavioural sciences,Social Sciences,DN700,491,8,University College Dublin (NUI),False,2025
Social and behavioural sciences,Economics,DN710,542,8,University College Dublin (NUI),False,2025
Social and behavioural sciences,Psychology,DN720,545,8,University College Dublin (NUI),False,2025
Social and behavioural sciences,Social Policy and Sociology,DN750,432,8,University College Dublin (NUI),False,2025
Education,Education,DN760,455,8,University College Dublin (NUI),False,2025
Business and administration,Business,DS701,172,7,Dorset College,False,2025
Information and Communication Technologies (ICTs),Computing,DS702,265,7,Dorset College,False,2025
Business and administration,Business,GB001,122,7,Galway Business School,False,2025
Business and administration,Enterprise Management,GB002,134,8,Galway Business School,False,2025
Business and administration,Business,GC200,253,8,Griffith College,False,2025
Business and administration,Accounting and Finance,GC201,AQA,8,Griffith College,True,2025
Information and Communication Technologies (ICTs),Computing Science,GC230,AQA,8,Griffith College,True,2025
Business and administration,Business,GC400,252,8,Griffith College,False,2025
Business and administration,Accounting and Finance,GC401,254,8,Griffith College,False,2025
Business and administration,Business (HRM),GC402,326,8,Griffith College,False,2025
Law,Law,GC403,251,8,Griffith College,False,2025
Business and administration,Business (Marketing),GC407,247,8,Griffith College,False,2025
Social and behavioural sciences,Psychology,GC409,264,8,Griffith College,False,2025
Law,Law - Criminal Justice,GC418,260,8,Griffith College,False,2025
Law,Law - Commercial Law,GC419,281,8,Griffith College,False,2025
Information and Communication Technologies (ICTs),Computing Science,GC430,263,8,Griffith College,False,2025
Information and Communication Technologies (ICTs),Computing,GC435,180,7,Griffith College,False,2025
Journalism and information,Communications and Media Production,GC450,243,8,Griffith College,False,2025
Arts,"Film, TV and Screen Media Production",GC456,255,8,Griffith College,False,2025
Arts,"Music Production for Games (portfolio,interview)",GC460,,6,Griffith College,False,2025
Arts,Graphic Communication Design (portfolio),GC462,AQA,8,Griffith College,True,2025
Journalism and information,Communications,GC465,126,7,Griffith College,False,2025
Arts,Graphic Communication Design,GC480,109,7,Griffith College,False,2025
Arts,Interior Architecture (portfolio),GC489,360,8,Griffith College,False,2025
Arts,Interior Architecture & Design,GC490,130,7,Griffith College,False,2025
Arts,Fashion Design (portfolio),GC494,293,8,Griffith College,False,2025
Arts,Fashion Design,GC495,109,7,Griffith College,False,2025
Arts,Arts (Joint-Honours),GY101,350,8,University of Galway,False,2025
Social and behavioural sciences,Psychology,GY104,541,8,University of Galway,False,2025
Humanities (except languages),Arts (History),GY105,367,8,University of Galway,False,2025
Education,Arts (Mathematics and Education),GY109,423,8,University of Galway,False,2025
Social and behavioural sciences,Arts (Children and Youth Studies),GY110,400,8,University of Galway,False,2025
Arts,Arts (English and Creative Writing),GY111,400,8,University of Galway,False,2025
Social and behavioural sciences,Arts with Human Rights,GY113,398,8,University of Galway,False,2025
Arts,"Arts (Drama, Theatre and Performance Studies)",GY118,360,8,University of Galway,False,2025
Journalism and information,Arts (Journalism),GY119,381,8,University of Galway,False,2025
Arts,Na Dána (Cumarsáid agus Gaeilge),GY122,368,8,University of Galway,False,2025
Social and behavioural sciences,Social Sciences,GY123,350,8,University of Galway,False,2025
Arts,Arts (Film and Digital Media),GY127,390,8,University of Galway,False,2025
Languages,Arts (Global Languages),GY128,378,8,University of Galway,False,2025
Arts,Arts (Global Experience),GY129,400,8,University of Galway,False,2025
Arts,Arts (Music),GY130,401,8,University of Galway,False,2025
Social and behavioural sciences,"Government (Politics, Economics and Law)",GY132,412,8,University of Galway,False,2025
Education,Education (Computer Science and Mathematical Studies),GY133,402,8,University of Galway,False,2025
Environment,Geography and Geosystems,GY134,350,8,University of Galway,False,2025
Arts,Arts (Global Media),GY135,359,8,University of Galway,False,2025
Languages,Gaeilge agus Léann an Aistriúcháin,GY136,368,8,University of Galway,False,2025
Welfare,"Arts (Child, Youth and Family: Policy and Practice)",GY137,409,8,University of Galway,False,2025
Business and administration,Commerce,GY201,454,8,University of Galway,False,2025
Business and administration,Commerce (International) with French,GY202,517,8,University of Galway,False,2025
Business and administration,Commerce (International) with German,GY203,517,8,University of Galway,False,2025
Business and administration,Commerce (International) with Spanish,GY204,520,8,University of Galway,False,2025
Business and administration,Business Information Systems,GY206,507,8,University of Galway,False,2025
Business and administration,Commerce (Accounting),GY207,530,8,University of Galway,False,2025
Business and administration,Commerce (Gaeilge),GY208,474,8,University of Galway,False,2025
Business and administration,Commerce (Global Experience),GY209,543,8,University of Galway,False,2025
Law,Law (BCL) and Business,GY250,517,8,University of Galway,False,2025
Law,Law (BCL),GY251,520,8,University of Galway,False,2025
Law,Law (BCL) and Human Rights,GY252,520,8,University of Galway,False,2025
Law,"Law (BCL), Criminology and Criminal Justice",GY254,520,8,University of Galway,False,2025
Business and administration,Business Studies (International Hotel Management - interview),GY261,474,8,University of Galway,False,2025
Business and administration,Commerce (International Hotel Management - interview),GY262,703,8,University of Galway,False,2025
Biological and related sciences,Science,GY301,440,8,University of Galway,False,2025
Biological and related sciences,Biomedical Science,GY303,566,8,University of Galway,False,2025
Engineering and engineering trades,Biotechnology,GY304,498,8,University of Galway,False,2025
Environment,Environmental Science,GY308,440,8,University of Galway,False,2025
Mathematics and statistics,Financial Mathematics and Economics,GY309,509,8,University of Galway,False,2025
Physical sciences,Marine Science,GY310,440,8,University of Galway,False,2025
Hygiene and occupational health services,Occupational Health and Safety Management,GY313,422,8,University of Galway,False,2025
Physical sciences,Earth and Ocean Sciences,GY314,422,8,University of Galway,False,2025
Biological and related sciences,Biopharmaceutical Chemistry,GY318,532,8,University of Galway,False,2025
Mathematics and statistics,Mathematical Science,GY319,542,8,University of Galway,False,2025
Physical sciences,Physics,GY320,422,8,University of Galway,False,2025
Biological and related sciences,Genetics and Genomics,GY321,474,8,University of Galway,False,2025
Agriculture,Agricultural Science,GY322,420,8,University of Galway,False,2025
Information and Communication Technologies (ICTs),Computer Science and Information Technology,GY350,440,8,University of Galway,False,2025
Engineering and engineering trades,Engineering (Undenominated),GY401,542,8,University of Galway,False,2025
Architecture and construction,Civil Engineering,GY402,521,8,University of Galway,False,2025
Engineering and engineering trades,Mechanical Engineering,GY405,566,8,University of Galway,False,2025
Engineering and engineering trades,Electronic and Computer Engineering,GY406,510,8,University of Galway,False,2025
Engineering and engineering trades,Biomedical Engineering,GY408,568,8,University of Galway,False,2025
Architecture and construction,Project and Construction Management,GY410,502,8,University of Galway,False,2025
Engineering and engineering trades,Energy Systems Engineering,GY413,520,8,University of Galway,False,2025
Engineering and engineering trades,Electrical and Electronic Engineering,GY414,510,8,University of Galway,False,2025
Health,Medicine (Undergraduate Entry - HPAT required),GY501,728,8,University of Galway,False,2025
Health,Occupational Therapy,GY502,544,8,University of Galway,False,2025
Health,Speech and Language Therapy,GY503,533,8,University of Galway,False,2025
Health,Podiatric Medicine,GY504,444,8,University of Galway,False,2025
Health,Pharmacy,GY505,601,8,University of Galway,False,2025
Health,General Nursing,GY515,441,8,University of Galway,False,2025
Health,Mental Health Nursing,GY516,429,8,University of Galway,False,2025
Health,Midwifery,GY517,455,8,University of Galway,False,2025
Business and administration,Accounting and Finance,ID001,,8,ICD Business School,False,2025
Business and administration,Business Studies,ID002,,8,ICD Business School,False,2025
Humanities (except languages),Arts,LM002,316,8,University of Limerick,False,2025
Social and behavioural sciences,Social Sciences,LM019,423,8,University of Limerick,False,2025
Law,Law and Accounting,LM020,444,8,University of Limerick,False,2025
Law,Common and Civil Law,LM027,518,8,University of Limerick,False,2025
Law,Criminal Justice,LM028,387,8,University of Limerick,False,2025
Law,Law Plus,LM029,510,8,University of Limerick,False,2025
Social and behavioural sciences,Global Politics,LM030,400,8,University of Limerick,False,2025
Social and behavioural sciences,Psychology and Sociology,LM038,481,8,University of Limerick,False,2025
Journalism and information,Journalism and Digital Communication,LM039,381,8,University of Limerick,False,2025
Humanities (except languages),European Studies,LM040,398,8,University of Limerick,False,2025
Languages,Applied Languages,LM044,389,8,University of Limerick,False,2025
Business and administration,Business Studies (options),LM050,444,8,University of Limerick,False,2025
Business and administration,International Business,LM056,544,8,University of Limerick,False,2025
Mathematics and statistics,Financial Mathematics,LM058,457,8,University of Limerick,False,2025
Information and Communication Technologies (ICTs),Technology Management,LM063,387,8,University of Limerick,False,2025
Environment,Environmental Science,LM066,415,8,University of Limerick,False,2025
Manufacturing and processing,Food Science and Health,LM068,407,8,University of Limerick,False,2025
Manufacturing and processing,Product Design and Technology (portfolio),LM076,464,8,University of Limerick,False,2025
Engineering and engineering trades,Aeronautical Engineering,LM077,556,8,University of Limerick,False,2025
Architecture and construction,Construction Management and Engineering,LM082,451,8,University of Limerick,False,2025
Personal services,Sport and Exercise Sciences,LM089,498,8,University of Limerick,False,2025
Education,Physical Education with concurrent Teacher Education,LM090,531,8,University of Limerick,False,2025
Education,Languages with concurrent Teacher Education,LM091,407,8,University of Limerick,False,2025
Education,Science with concurrent Teacher Education (Biology with Physics or Chemistry or Agricultural Science),LM092,488,8,University of Limerick,False,2025
Biological and related sciences,Equine Science,LM093,369,8,University of Limerick,False,2025
Education,Graphics and Construction Technology with concurrent Teacher Education,LM094,455,8,University of Limerick,False,2025
Education,"Graphics, Engineering and Technology with concurrent Teacher Education",LM095,399,8,University of Limerick,False,2025
Education,Science with concurrent Teacher Education (Physical Sciences with Chemistry and Physics),LM096,422,8,University of Limerick,False,2025
Education,Mathematics and Computer Science with concurrent Teacher Education,LM097,455,8,University of Limerick,False,2025
Architecture and construction,Architecture,LM099,520,8,University of Limerick,False,2025
Health,Physiotherapy,LM100,589,8,University of Limerick,False,2025
Health,Medicine (Graduate Entry - GAMSAT required),LM101,,8,University of Limerick,False,2025
Social and behavioural sciences,Psychology,LM102,499,8,University of Limerick,False,2025
Health,Paramedic Studies (Clean Driving Licence required - Full B and minimum Provisional C1),LM103,369,8,University of Limerick,False,2025
Health,Occupational Therapy,LM104,543,8,University of Limerick,False,2025
Personal services,Exercise and Health Fitness Management,LM105,409,8,University of Limerick,False,2025
Information and Communication Technologies (ICTs),Interaction Design,LM113,373,8,University of Limerick,False,2025
Information and Communication Technologies (ICTs),"Music, Media and Performance Technology",LM114,350,8,University of Limerick,False,2025
Physical sciences,Chemical and Biochemical Engineering,LM115,455,8,University of Limerick,False,2025
Engineering and engineering trades,Engineering,LM116,510,8,University of Limerick,False,2025
Engineering and engineering trades,Electronic and Computer Engineering,LM118,435,8,University of Limerick,False,2025
Information and Communication Technologies (ICTs),Computer Science,LM121,382,8,University of Limerick,False,2025
Biological and related sciences,Biological and Chemical Sciences,LM123,484,8,University of Limerick,False,2025
Mathematics and statistics,Mathematics,LM124,454,8,University of Limerick,False,2025
Physical sciences,Physics,LM125,443,8,University of Limerick,False,2025
Engineering and engineering trades,Electrical Engineering,LM126,455,8,University of Limerick,False,2025
Arts,Irish Music (audition),LM131,424,8,University of Limerick,False,2025
Arts,Irish Dance (audition),LM132,398,8,University of Limerick,False,2025
Arts,Contemporary Dance (audition),LM133,453,8,University of Limerick,False,2025
Arts,Voice (audition),LM134,456,8,University of Limerick,False,2025
Arts,World Music (audition),LM135,348,8,University of Limerick,False,2025
Health,General Nursing,LM150,412,8,University of Limerick,False,2025
Health,Mental Health Nursing,LM152,367,8,University of Limerick,False,2025
Health,Intellectual Disability Nursing,LM154,318,8,University of Limerick,False,2025
Health,Midwifery,LM156,444,8,University of Limerick,False,2025
Information and Communication Technologies (ICTs),Immersive Software Engineering (portfolio),LM173,651,8,University of Limerick,False,2025
Information and Communication Technologies (ICTs),Artificial Intelligence and Machine Learning,LM174,487,8,University of Limerick,False,2025
Biological and related sciences,Equine Science,LM180,302,6,University of Limerick,False,2025
Education,Education - Primary Teaching (Froebel),MH001,506,8,Maynooth University,False,2025
Education,Education - Primary Teaching - Gaeltacht  Applicants (Froebel),MH002,544,8,Maynooth University,False,2025
Education,Early Childhood - Teaching and Learning (full-time),MH003,400,8,Maynooth University,False,2025
Humanities (except languages),Arts,MH101,300,8,Maynooth University,False,2025
Arts,Music (audition),MH103,#,8,Maynooth University,False,2025
Social and behavioural sciences,Psychology,MH106,509,8,Maynooth University,False,2025
Social and behavioural sciences,Social Science,MH107,348,8,Maynooth University,False,2025
Arts,Media Studies,MH109,367,8,Maynooth University,False,2025
Humanities (except languages),Creative Writing and English,MH111,380,8,Maynooth University,False,2025
Welfare,"Community and Youth Work (Full-Time,interview)",MH116,#,8,Maynooth University,False,2025
"Interdisciplinary programmes and qualifications involving natural sciences, Mathematics and statistics",Science,MH201,352,8,Maynooth University,False,2025
Biological and related sciences,Biotechnology,MH202,430,8,Maynooth University,False,2025
Biological and related sciences,Biological and Geographical Sciences,MH203,431,8,Maynooth University,False,2025
Physical sciences,Physics with Astrophysics,MH204,385,8,Maynooth University,False,2025
Mathematics and statistics,Theoretical Physics and Mathematics,MH206,520,8,Maynooth University,False,2025
Information and Communication Technologies (ICTs),Data Science,MH207,425,8,Maynooth University,False,2025
Biological and related sciences,Biological and Biomedical Sciences,MH208,470,8,Maynooth University,False,2025
Social and behavioural sciences,Psychology (through Science),MH209,488,8,Maynooth University,False,2025
Physical sciences,Pharmaceutical and Biomedical Chemistry,MH210,441,8,Maynooth University,False,2025
"Interdisciplinary programmes and qualifications involving natural sciences, Mathematics and statistics",Science (with Education) or Mathematics and Computer Science (with Education) or Mathematics (with Education),MH212,420,8,Maynooth University,False,2025
Biological and related sciences,Sport Science and Health,MH221,476,8,Maynooth University,False,2025
Biological and related sciences,Food Science and Human Nutrition,MH222,442,8,Maynooth University,False,2025
Engineering and engineering trades,Engineering,MH304,364,8,Maynooth University,False,2025
Engineering and engineering trades,Product Design and Innovation,MH305,327,8,Maynooth University,False,2025
Engineering and engineering trades,Robotics and Intelligent Devices,MH306,350,8,Maynooth University,False,2025
Business and administration,Finance,MH401,366,8,Maynooth University,False,2025
Business and administration,Quantitative Finance,MH402,465,8,Maynooth University,False,2025
Business and administration,Accounting and Finance,MH403,412,8,Maynooth University,False,2025
Business and administration,Business,MH404,400,8,Maynooth University,False,2025
Business and administration,Business and Accounting,MH407,401,8,Maynooth University,False,2025
Business and administration,Business and Languages,MH409,400,8,Maynooth University,False,2025
Business and administration,Entrepreneurship,MH411,360,8,Maynooth University,False,2025
Business and administration,Business with Sport Science,MH412,455,8,Maynooth University,False,2025
Social and behavioural sciences,Economics - option of an integrated MSc Economics,MH415,445,8,Maynooth University,False,2025
Social and behavioural sciences,International Economics,MH416,413,8,Maynooth University,False,2025
Law,LLB Law,MH501,452,8,Maynooth University,False,2025
Law,BCL Law,MH502,409,8,Maynooth University,False,2025
Law,BCL Law and Languages,MH503,410,8,Maynooth University,False,2025
Law,Criminology,MH504,401,8,Maynooth University,False,2025
Information and Communication Technologies (ICTs),Computer Science through Arts,MH601,360,8,Maynooth University,False,2025
Information and Communication Technologies (ICTs),Computer Science through Science,MH602,352,8,Maynooth University,False,2025
Information and Communication Technologies (ICTs),Computational Thinking,MH603,510,8,Maynooth University,False,2025
Health,General Nursing,MH701,,8,Maynooth University,False,2025
Arts,Arts,MI002,280,8,Mary Immaculate College,False,2025
Social and behavioural sciences,Psychology,MI003,476,8,Mary Immaculate College,False,2025
Education,Education - Primary Teaching - International,MI004,552,8,Mary Immaculate College,False,2025
Education,Education - Primary Teaching,MI005,484,8,Mary Immaculate College,False,2025
Education,Education - Primary Teaching - Gaeltacht Applicants,MI006,447,8,Mary Immaculate College,False,2025
Education,Early Childhood Care and Education,MI007,376,8,Mary Immaculate College,False,2025
Education,Education and Psychology - Primary Teaching,MI008,578,8,Mary Immaculate College,False,2025
Arts,English Language and Literature,MI009,283,8,Mary Immaculate College,False,2025
Arts,Drama and English,MI010,316,8,Mary Immaculate College,False,2025
Education,"Education, Business Studies and Accounting",MI016,409,8,Mary Immaculate College,False,2025
Education,"Education, Business Studies and Religious Studies",MI017,346,8,Mary Immaculate College,False,2025
Education,"Education, Gaeilge and Religious Studies",MI018,407,8,Mary Immaculate College,False,2025
Education,"Education, Gaeilge and Business Studies",MI019,397,8,Mary Immaculate College,False,2025
Education,"Education, Mathematics and Gaeilge",MI020,443,8,Mary Immaculate College,False,2025
Education,"Education, Mathematics and Business Studies",MI021,403,8,Mary Immaculate College,False,2025
Education,"Education, Home Economics and Business Studies",MI022,473,8,Mary Immaculate College,False,2025
Personal services,Recreation and Leisure Management,MT510,307,7,Munster Technological University,False,2025
Personal services,"Health, Sport and Exercise Sciences",MT511,261,7,Munster Technological University,False,2025
Personal services,Health and Exercise Sciences with Massage Therapy,MT512,298,7,Munster Technological University,False,2025
Personal services,Coaching and Sports Performance,MT513,270,7,Munster Technological University,False,2025
Business and administration,Business (Common Entry),MT541,250,7,Munster Technological University,False,2025
Business and administration,Business (Common Entry),MT550,250,7,Munster Technological University,False,2025
Business and administration,Business Technology and Communications,MT551,224,7,Munster Technological University,False,2025
Personal services,Tourism Management,MT552,254,7,Munster Technological University,False,2025
Personal services,Hospitality Management,MT554,220,7,Munster Technological University,False,2025
Welfare,Early Childhood Education and Care,MT571,254,7,Munster Technological University,False,2025
Welfare,Social Care Work,MT573,290,7,Munster Technological University,False,2025
Welfare,Social Care,MT574,259,7,Munster Technological University,False,2025
Personal services,Culinary Studies,MT655,155,6,Munster Technological University,False,2025
Environment,Biological and Environmental Studies,MT680,254,6,Munster Technological University,False,2025
Health,Pharmacy Technician,MT682,231,6,Munster Technological University,False,2025
Information and Communication Technologies (ICTs),Software Development,MT700,349,7,Munster Technological University,False,2025
Information and Communication Technologies (ICTs),Computing (Common Entry) ,MT703,250,7,Munster Technological University,False,2025
Information and Communication Technologies (ICTs),Information Technology and Cybersecurity,MT705,320,7,Munster Technological University,False,2025
Information and Communication Technologies (ICTs),Computer Systems and Networking,MT706,252,7,Munster Technological University,False,2025
Arts,"Animation, Visual Effects and Motion Design (portfolio)",MT711,335,7,Munster Technological University,False,2025
Architecture and construction,Civil Engineering,MT731,259,7,Munster Technological University,False,2025
Architecture and construction,Civil Engineering,MT732,266,7,Munster Technological University,False,2025
Engineering and engineering trades,Mechanical Engineering,MT736,320,7,Munster Technological University,False,2025
Health,Biomedical Engineering,MT739,337,7,Munster Technological University,False,2025
Engineering and engineering trades,Electrical Engineering,MT745,338,7,Munster Technological University,False,2025
Engineering and engineering trades,Electronic Engineering,MT746,307,7,Munster Technological University,False,2025
Transport services,Automotive Technology and Management,MT747,267,7,Munster Technological University,False,2025
Agriculture,Agricultural Engineering,MT748,280,7,Munster Technological University,False,2025
Agriculture,Agriculture (In year one students spend two days in Clonakilty Agricultural College and three days in Cork Campus),MT750,289,7,Munster Technological University,False,2025
Architecture and construction,Construction  (Common Entry),MT758,260,7,Munster Technological University,False,2025
Architecture and construction,Architectural Technology,MT759,300,7,Munster Technological University,False,2025
Arts,Interior Architecture,MT760,319,7,Munster Technological University,False,2025
Engineering and engineering trades,Environmental Engineering,MT761,260,7,Munster Technological University,False,2025
Engineering and engineering trades,Marine Engineering,MT764,227,7,Munster Technological University,False,2025
Engineering and engineering trades,Marine Electrotechnology,MT765,230,7,Munster Technological University,False,2025
Transport services,Nautical Science,MT766,230,7,Munster Technological University,False,2025
Physical sciences,Physical Sciences (Common Entry),MT770,326,7,Munster Technological University,False,2025
Physical sciences,Pharmaceutical Science (Degree Award option - Biopharmaceutics),MT772,288,7,Munster Technological University,False,2025
Physical sciences,Analytical and Pharmaceutical Chemistry,MT774,337,7,Munster Technological University,False,2025
Biological and related sciences,Applied Biosciences,MT775,440,7,Munster Technological University,False,2025
Biological and related sciences,Agricultural Science (Semester 2 of year 2 is in Teagasc Clonakilty Agricultural College),MT777,259,7,Munster Technological University,False,2025
Veterinary,Animal Bioscience,MT781,271,7,Munster Technological University,False,2025
Physical sciences,Applied Physics and Instrumentation,MT782,332,7,Munster Technological University,False,2025
Veterinary,Veterinary Nursing,MT784,390,7,Munster Technological University,False,2025
Information and Communication Technologies (ICTs),Software Development,MT800,442,8,Munster Technological University,False,2025
Information and Communication Technologies (ICTs),Computer Systems,MT802,351,8,Munster Technological University,False,2025
Information and Communication Technologies (ICTs),Computing (Common Entry),MT803,308,8,Munster Technological University,False,2025
Information and Communication Technologies (ICTs),IT Management and Cybersecurity,MT805,349,8,Munster Technological University,False,2025
Arts,"Animation, Visual Effects and Motion Design (portfolio)",MT811,410,8,Munster Technological University,False,2025
Arts,"Contemporary Applied Art (Ceramics, Glass, Textiles - portfolio)",MT820,450,8,Munster Technological University,False,2025
Arts,Fine Art (portfolio),MT821,340,8,Munster Technological University,False,2025
Arts,Photography with New Media,MT822,288,8,Munster Technological University,False,2025
Arts,Visual Communications (portfolio),MT823,240,8,Munster Technological University,False,2025
Arts,Creative Digital Media,MT824,403,8,Munster Technological University,False,2025
Engineering and engineering trades,Engineering (Common Entry),MT830,487,8,Munster Technological University,False,2025
Architecture and construction,Structural Engineering,MT831,413,8,Munster Technological University,False,2025
Architecture and construction,Civil Engineering,MT832,321,8,Munster Technological University,False,2025
Physical sciences,Instrument Engineering,MT833,346,8,Munster Technological University,False,2025
Engineering and engineering trades,Mechanical and Manufacturing Engineering,MT834,614,8,Munster Technological University,False,2025
Engineering and engineering trades,Mechanical Engineering,MT836,466,8,Munster Technological University,False,2025
Environment,Sustainable Energy Engineering,MT837,408,8,Munster Technological University,False,2025
Engineering and engineering trades,Chemical and Biopharmaceutical Engineering,MT838,477,8,Munster Technological University,False,2025
Health,Biomedical Engineering,MT839,465,8,Munster Technological University,False,2025
Engineering and engineering trades,Smart Product Engineering,MT844,373,8,Munster Technological University,False,2025
Engineering and engineering trades,Electrical Engineering,MT845,380,8,Munster Technological University,False,2025
Engineering and engineering trades,Electronic Engineering,MT846,347,8,Munster Technological University,False,2025
Transport services,Automotive Business Management and Technology,MT847,318,8,Munster Technological University,False,2025
Agriculture,Agricultural Engineering,MT848,305,8,Munster Technological University,False,2025
Architecture and construction,Construction Management,MT856,379,8,Munster Technological University,False,2025
Architecture and construction,Quantity Surveying,MT857,421,8,Munster Technological University,False,2025
Architecture and construction,Architectural Technology,MT859,368,8,Munster Technological University,False,2025
Architecture and construction,Interior Architecture,MT860,398,8,Munster Technological University,False,2025
Physical sciences,Physical Sciences (Common Entry),MT870,337,8,Munster Technological University,False,2025
Biological and related sciences,Biomedical Science (offered jointly MTU Cork Campus and UCC),MT871,555,8,Munster Technological University,False,2025
Physical sciences,Pharmaceutical Science (Degree Award option: Biopharmaceutics),MT872,309,8,Munster Technological University,False,2025
Biological and related sciences,Pharmaceutical Biotechnology,MT873,442,8,Munster Technological University,False,2025
Physical sciences,Analytical Chemistry with Quality Assurance,MT874,370,8,Munster Technological University,False,2025
Biological and related sciences,Biological Sciences (Common Entry),MT875,456,8,Munster Technological University,False,2025
Health,Nutrition and Health Science,MT876,388,8,Munster Technological University,False,2025
Biological and related sciences,Agricultural Science (Semester 2 of year 2 is in Teagasc Clonakilty Agricultural College),MT877,331,8,Munster Technological University,False,2025
Environment,Environmental Science and Sustainable Technology,MT878,339,8,Munster Technological University,False,2025
"Interdisciplinary programmes and qualifications involving agriculture, forestry and veterinary",Agri-Biosciences,MT879,370,8,Munster Technological University,False,2025
Environment,Wildlife Biology,MT880,349,8,Munster Technological University,False,2025
Veterinary,Veterinary Bioscience,MT881,306,8,Munster Technological University,False,2025
Education,Physical Education Studies with Business,MT906,401,8,Munster Technological University,False,2025
Personal services,Sport and Exercise Management,MT910,402,8,Munster Technological University,False,2025
Personal services,"Health, Sport and Exercise Sciences",MT911,328,8,Munster Technological University,False,2025
Personal services,Health and Exercise Sciences with Massage Therapy,MT912,326,8,Munster Technological University,False,2025
Personal services,Coaching and Sports Performance,MT913,300,8,Munster Technological University,False,2025
Personal services,Coaching Science and Sports Pedagogy,MT915,408,8,Munster Technological University,False,2025
Welfare,"Counselling with Addiction (Mature applicants only,interview - Delivered in Galilee House of Studies, Athy, Co Kildare)",MT925,,8,Munster Technological University,False,2025
Health,General Nursing,MT926,380,8,Munster Technological University,False,2025
Health,Mental Health Nursing,MT927,341,8,Munster Technological University,False,2025
Business and administration,Food Business,MT929,389,8,Munster Technological University,False,2025
Education,Home Economics and Business (First three years in MTU; Final two years in UCC),MT930,484,8,Munster Technological University,False,2025
Arts,"Popular Music - Electric Guitar (entrance assessment,audition)",MT931,429,8,Munster Technological University,False,2025
Arts,"Popular Music - Electric Bass (entrance assessment,audition)",MT932,400,8,Munster Technological University,False,2025
Arts,"Popular Music - Keyboards (entrance assessment,audition)",MT933,312,8,Munster Technological University,False,2025
Arts,"Popular Music - Drums (entrance assessment,audition)",MT934,422,8,Munster Technological University,False,2025
Arts,"Popular Music - Voice (entrance assessment,audition)",MT935,431,8,Munster Technological University,False,2025
Arts,"Music (entrance assessment,audition)",MT936,297,8,Munster Technological University,False,2025
Arts,"Musical Theatre (entrance assessment,audition)",MT938,465,8,Munster Technological University,False,2025
Arts,"Theatre and Drama Studies (entrance assessment,audition)",MT939,280,8,Munster Technological University,False,2025
Personal services,Event Management (3 Year Programme),MT940,272,8,Munster Technological University,False,2025
Business and administration,Business (Common Entry),MT941,301,8,Munster Technological University,False,2025
Business and administration,Accounting,MT942,303,8,Munster Technological University,False,2025
Business and administration,Marketing,MT943,358,8,Munster Technological University,False,2025
Business and administration,Business Information Systems,MT944,351,8,Munster Technological University,False,2025
Business and administration,International Business with Language,MT945,337,8,Munster Technological University,False,2025
Business and administration,Global Business and Pilot Studies,MT946,329,8,Munster Technological University,False,2025
Personal services,Tourism Management,MT947,280,8,Munster Technological University,False,2025
Personal services,Hospitality Management,MT948,308,8,Munster Technological University,False,2025
Business and administration,Business Technology and Communications,MT951,270,8,Munster Technological University,False,2025
Education,Montessori Education,MT970,339,8,Munster Technological University,False,2025
Welfare,Early Childhood Education and Care,MT971,307,8,Munster Technological University,False,2025
Welfare,Early Childhood Education and Care,MT972,340,8,Munster Technological University,False,2025
Welfare,Social Care,MT974,308,8,Munster Technological University,False,2025
Humanities (except languages),Theology and Arts (jointly awarded with Maynooth University),MU001,290,8,"Pontifical University, St Patrick's College",False,2025
Humanities (except languages),Theology,MU002,408,8,"Pontifical University, St Patrick's College",False,2025
Humanities (except languages),Philosophy,MU004,329,8,"Pontifical University, St Patrick's College",False,2025
Information and Communication Technologies (ICTs),Computing,NC003,262,8,National College of Ireland (NCI),False,2025
Business and administration,Human Resource Management,NC005,271,8,National College of Ireland (NCI),False,2025
Business and administration,Business,NC009,270,8,National College of Ireland (NCI),False,2025
Social and behavioural sciences,Psychology,NC010,385,8,National College of Ireland (NCI),False,2025
Business and administration,Marketing Practice,NC020,227,8,National College of Ireland (NCI),False,2025
Business and administration,Accounting and Finance,NC022,336,8,National College of Ireland (NCI),False,2025
Information and Communication Technologies (ICTs),Data Science,NC025,290,8,National College of Ireland (NCI),False,2025
Education,Early Childhood Education and Care,NC030,228,8,National College of Ireland (NCI),False,2025
Information and Communication Technologies (ICTs),Computing,NC102,154,6,National College of Ireland (NCI),False,2025
Business and administration,Business,NC103,129,6,National College of Ireland (NCI),False,2025
Information and Communication Technologies (ICTs),Data Science,NC105,200,6,National College of Ireland (NCI),False,2025
Welfare,Applied Social Studies - Professional Social Care,PC404,196,7,"Carlow College, St. Patrick`s",False,2025
Humanities (except languages),Arts and Humanities,PC410,278,8,"Carlow College, St. Patrick`s",False,2025
Humanities (except languages),English and History,PC411,291,8,"Carlow College, St. Patrick`s",False,2025
Social and behavioural sciences,Psychology,PC414,306,8,"Carlow College, St. Patrick`s",False,2025
Health,Medicine (Undergraduate Entry - HPAT required),RC001,733,8,RCSI University of Medicine & Health Sciences,False,2025
Health,Physiotherapy,RC004,566,8,RCSI University of Medicine & Health Sciences,False,2025
Health,Pharmacy,RC005,589,8,RCSI University of Medicine & Health Sciences,False,2025
Health,Advanced Therapeutic Technologies,RC006,487,8,RCSI University of Medicine & Health Sciences,False,2025
Health,Dentistry,RC007,613,8,RCSI University of Medicine & Health Sciences,False,2025
Health,Medicine (Graduate Entry - GAMSAT required),RC101,58,8,RCSI University of Medicine & Health Sciences,False,2025
Personal services,Strength and Conditioning,SC601,222,6,Setanta College,False,2025
Personal services,Strength and Conditioning,SC701,244,7,Setanta College,False,2025
Personal services,Strength and Conditioning,SC801,222,8,Setanta College,False,2025
Arts,Arts,SE200,AQA,8,South East Technological University,True,2025
Arts,Design (Visual Communications),SE201,301,8,South East Technological University,False,2025
Arts,Product Design Innovation,SE202,252,8,South East Technological University,False,2025
Arts,Visual Art,SE203,271,8,South East Technological University,False,2025
Arts,Visual Communications and Design,SE204,235,8,South East Technological University,False,2025
Social and behavioural sciences,Psychology,SE205,433,8,South East Technological University,False,2025
Arts,Music (audition),SE206,282,8,South East Technological University,False,2025
Arts,Art (portfolio),SE207,700,8,South East Technological University,False,2025
Arts,TV and Media Production,SE208,311,8,South East Technological University,False,2025
Arts,Design,SE209,308,7,South East Technological University,False,2025
Arts,Visual Communications and Design,SE210,214,7,South East Technological University,False,2025
Arts,Art (portfolio),SE211,700,7,South East Technological University,False,2025
Arts,TV and Media Production,SE212,270,7,South East Technological University,False,2025
Information and Communication Technologies (ICTs),Content Creation and Social Media,SE300,308,8,South East Technological University,False,2025
Information and Communication Technologies (ICTs),Content Creation and Social Media,SE301,224,7,South East Technological University,False,2025
Business and administration,Business - with/without a language,SE400,273,8,South East Technological University,False,2025
Business and administration,Business,SE401,260,8,South East Technological University,False,2025
Business and administration,Business,SE402,328,8,South East Technological University,False,2025
Business and administration,Business with Law,SE403,271,8,South East Technological University,False,2025
Law,Law (LLB),SE404,325,8,South East Technological University,False,2025
Law,Law (LLB),SE405,300,8,South East Technological University,False,2025
Law,Criminal Justice Studies,SE406,287,8,South East Technological University,False,2025
Business and administration,Accounting,SE407,319,8,South East Technological University,False,2025
Business and administration,Accounting,SE408,308,8,South East Technological University,False,2025
Business and administration,Public Relations and Media,SE409,276,8,South East Technological University,False,2025
Business and administration,Marketing and Digital Media,SE410,300,8,South East Technological University,False,2025
Business and administration,Digital Marketing with Analytics,SE411,290,8,South East Technological University,False,2025
Business and administration,International Business,SE412,290,8,South East Technological University,False,2025
Business and administration,Business Information Systems,SE413,319,8,South East Technological University,False,2025
Business and administration,Business,SE414,211,7,South East Technological University,False,2025
Business and administration,Business,SE415,206,7,South East Technological University,False,2025
Business and administration,Business,SE416,179,7,South East Technological University,False,2025
Journalism and information,Public Relations and Media,SE417,202,7,South East Technological University,False,2025
Business and administration,Digital Marketing with Analytics,SE418,258,7,South East Technological University,False,2025
Business and administration,Fashion Buying and Retail Management,SE419,206,7,South East Technological University,False,2025
Business and administration,Business,SE420,152,6,South East Technological University,False,2025
Business and administration,Business with Law,SE421,262,6,South East Technological University,False,2025
Law,Legal Studies,SE422,220,6,South East Technological University,False,2025
Law,Legal Studies,SE423,204,6,South East Technological University,False,2025
Biological and related sciences,Science,SE500,279,8,South East Technological University,False,2025
Biological and related sciences,Science,SE501,308,8,South East Technological University,False,2025
Agriculture,Agricultural Science,SE502,381,8,South East Technological University,False,2025
Agriculture,Sustainable Farm Management and Agribusiness,SE503,280,8,South East Technological University,False,2025
Physical sciences,Pharmaceutical Science,SE504,289,8,South East Technological University,False,2025
Forestry ,Forestry,SE505,271,7,South East Technological University,False,2025
Agriculture,Horticulture,SE506,217,7,South East Technological University,False,2025
Agriculture,Horticulture,SE507,206,7,South East Technological University,False,2025
Agriculture,Agriculture,SE508,315,7,South East Technological University,False,2025
Agriculture,Sustainable Farm Management and Agribusiness,SE509,252,7,South East Technological University,False,2025
Biological and related sciences,Food Science,SE510,336,7,South East Technological University,False,2025
Physical sciences,Pharmaceutical Science,SE511,223,7,South East Technological University,False,2025
Biological and related sciences,Science,SE512,285,7,South East Technological University,False,2025
Physical sciences,Analytical Science,SE513,359,7,South East Technological University,False,2025
Biological and related sciences,Molecular Biology with Biopharmaceutical Science,SE514,269,7,South East Technological University,False,2025
Biological and related sciences,Biosciences,SE515,233,7,South East Technological University,False,2025
Biological and related sciences,Science - Applied Biology or Applied Chemistry,SE516,290,6,South East Technological University,False,2025
Biological and related sciences,Applied Microbiology,SE519,312,8,South East Technological University,False,2025
Biological and related sciences,Applied Microbiology,SE520,268,7,South East Technological University,False,2025
Manufacturing and processing,Brewing and Distilling,SE521,370,8,South East Technological University,False,2025
Information and Communication Technologies (ICTs),Computer Science,SE600,309,8,South East Technological University,False,2025
Information and Communication Technologies (ICTs),Information Technology Management,SE601,309,8,South East Technological University,False,2025
Information and Communication Technologies (ICTs),Computer Forensics and Security,SE602,309,8,South East Technological University,False,2025
Information and Communication Technologies (ICTs),Software Development,SE603,318,8,South East Technological University,False,2025
Information and Communication Technologies (ICTs),Software Systems Development,SE604,320,8,South East Technological University,False,2025
Information and Communication Technologies (ICTs),Creative Computing,SE605,336,8,South East Technological University,False,2025
Information and Communication Technologies (ICTs),Cyber Crime and IT Security,SE606,309,8,South East Technological University,False,2025
Information and Communication Technologies (ICTs),Computer Games Development,SE607,308,8,South East Technological University,False,2025
Arts,Computing in Interactive Digital Art and Design,SE608,321,8,South East Technological University,False,2025
Information and Communication Technologies (ICTs),Software Development,SE609,244,7,South East Technological University,False,2025
Information and Communication Technologies (ICTs),Software Systems Development,SE610,224,7,South East Technological University,False,2025
Information and Communication Technologies (ICTs),Creative Computing,SE611,222,7,South East Technological University,False,2025
Information and Communication Technologies (ICTs),Cyber Crime and IT Security,SE612,244,7,South East Technological University,False,2025
Information and Communication Technologies (ICTs),Information Technology,SE613,204,7,South East Technological University,False,2025
Information and Communication Technologies (ICTs),Information Technology Management,SE614,290,7,South East Technological University,False,2025
Arts,Computing in Interactive Digital Art and Design,SE615,228,7,South East Technological University,False,2025
Information and Communication Technologies (ICTs),Computing - Applications or Programming,SE616,216,6,South East Technological University,False,2025
Information and Communication Technologies (ICTs),Computer Games Programming,SE618,308,7,South East Technological University,False,2025
Engineering and engineering trades,Engineering,SE700,307,8,South East Technological University,False,2025
Architecture and construction,Architecture,SE701,409,8,South East Technological University,False,2025
Architecture and construction,Architectural Technology,SE702,331,8,South East Technological University,False,2025
Architecture and construction,Architectural and Building Information Modelling Technology,SE703,308,8,South East Technological University,False,2025
Architecture and construction,Quantity Surveying,SE704,283,8,South East Technological University,False,2025
Architecture and construction,Quantity Surveying,SE705,312,8,South East Technological University,False,2025
Architecture and construction,Construction Management,SE706,300,8,South East Technological University,False,2025
Architecture and construction,Construction Management and Engineering,SE707,270,8,South East Technological University,False,2025
Engineering and engineering trades,Electronic Engineering,SE708,299,8,South East Technological University,False,2025
Engineering and engineering trades,Biomedical Electronics,SE709,288,8,South East Technological University,False,2025
Engineering and engineering trades,Robotics and Automated Systems,SE710,309,8,South East Technological University,False,2025
Engineering and engineering trades,Mechanical Engineering,SE711,433,8,South East Technological University,False,2025
Engineering and engineering trades,Mechanical and Manufacturing Engineering,SE712,272,8,South East Technological University,False,2025
Architecture and construction,Civil Engineering,SE713,444,8,South East Technological University,False,2025
Engineering and engineering trades,Aerospace Engineering,SE714,462,8,South East Technological University,False,2025
Architecture and construction,Architectural Technology,SE716,238,7,South East Technological University,False,2025
Architecture and construction,Architectural Technology,SE717,289,7,South East Technological University,False,2025
Architecture and construction,Civil Engineering,SE719,219,7,South East Technological University,False,2025
Engineering and engineering trades,Electrical Engineering,SE720,216,7,South East Technological University,False,2025
Engineering and engineering trades,Electronic Engineering,SE721,215,7,South East Technological University,False,2025
Engineering and engineering trades,Electronic Engineering,SE722,242,7,South East Technological University,False,2025
Engineering and engineering trades,Mechanical Engineering,SE723,204,7,South East Technological University,False,2025
Engineering and engineering trades,Mechanical Engineering,SE724,368,7,South East Technological University,False,2025
Engineering and engineering trades,Manufacturing Engineering,SE725,322,7,South East Technological University,False,2025
Architecture and construction,Construction Management,SE726,261,7,South East Technological University,False,2025
Engineering and engineering trades,Biomedical Electronics,SE727,356,7,South East Technological University,False,2025
Engineering and engineering trades,Robotics and Automated Systems,SE728,271,7,South East Technological University,False,2025
Engineering and engineering trades,Aircraft Systems,SE729,410,7,South East Technological University,False,2025
Engineering and engineering trades,Electronic Engineering,SE730,443,6,South East Technological University,False,2025
Engineering and engineering trades,Mechanical Engineering,SE731,200,6,South East Technological University,False,2025
Engineering and engineering trades,Agricultural Systems Engineering,SE732,313,8,South East Technological University,False,2025
Engineering and engineering trades,Agricultural Systems Engineering,SE733,263,7,South East Technological University,False,2025
Architecture and construction,Set Design and Construction,SE734,318,8,South East Technological University,False,2025
Architecture and construction,Set Design and Construction,SE735,244,7,South East Technological University,False,2025
Health,Health Sciences,SE900,309,8,South East Technological University,False,2025
Health,Sport Rehabilitation and Athletic Therapy,SE901,487,8,South East Technological University,False,2025
Personal services,Exercise Sciences,SE902,280,8,South East Technological University,False,2025
Health,Strength and Conditioning,SE903,340,8,South East Technological University,False,2025
Personal services,Sports Coaching and Performance,SE904,280,8,South East Technological University,False,2025
Personal services,Sport and Exercise Science,SE905,433,8,South East Technological University,False,2025
Personal services,Recreation and Sport Management,SE906,272,8,South East Technological University,False,2025
Personal services,Sports Management and Coaching (Gaelic Games - portfolio),SE907,700,8,South East Technological University,False,2025
Personal services,Sports Management and Coaching (Rugby - portfolio),SE908,700,8,South East Technological University,False,2025
Personal services,Sports Management and Coaching (Football - portfolio),SE909,700,8,South East Technological University,False,2025
Personal services,"Sport, Business and Coaching",SE910,308,8,South East Technological University,False,2025
Welfare,Early Childhood Care and Education,SE911,270,8,South East Technological University,False,2025
Welfare,Early Childhood Education and Practice,SE912,249,8,South East Technological University,False,2025
Welfare,Early Childhood Education and Practice,SE913,297,8,South East Technological University,False,2025
Health,Psychiatric Nursing,SE914,326,8,South East Technological University,False,2025
Health,General Nursing,SE915,409,8,South East Technological University,False,2025
Health,Intellectual Disability Nursing,SE916,309,8,South East Technological University,False,2025
Welfare,Applied Social Studies in Professional Social Care,SE917,280,8,South East Technological University,False,2025
Welfare,Professional Social Care Practice,SE918,260,8,South East Technological University,False,2025
Welfare,Social Care Practice,SE919,260,8,South East Technological University,False,2025
Welfare,Social Science,SE920,310,8,South East Technological University,False,2025
Personal services,Hospitality Management,SE921,288,8,South East Technological University,False,2025
Personal services,Tourism and Event Management,SE922,473,8,South East Technological University,False,2025
Personal services,Culinary Arts,SE923,253,8,South East Technological University,False,2025
Personal services,Tourism and Hospitality Services,SE924,260,7,South East Technological University,False,2025
Personal services,Tourism and Event Management,SE925,288,7,South East Technological University,False,2025
Welfare,Professional Social Care Practice,SE926,188,7,South East Technological University,False,2025
Welfare,Applied Social Care,SE927,188,7,South East Technological University,False,2025
Health,Applied Health Care,SE928,226,7,South East Technological University,False,2025
Personal services,Sport Coaching and Business Management (Gaelic Games - portfolio),SE929,700,7,South East Technological University,False,2025
Personal services,Sport Coaching and Business Management (Rugby - portfolio),SE930,700,7,South East Technological University,False,2025
Personal services,Sport Coaching and Business Management (Football - portfolio),SE931,700,7,South East Technological University,False,2025
Personal services,"Sport, Business and Coaching",SE932,252,7,South East Technological University,False,2025
Personal services,Recreation and Sport Management,SE933,202,7,South East Technological University,False,2025
Welfare,Early Childhood Education and Practice,SE934,AQA,7,South East Technological University,True,2025
Welfare,Early Childhood Education and Practice,SE935,213,7,South East Technological University,False,2025
Health,Physiology and Health Science,SE936,440,6,South East Technological University,False,2025
Health,Pharmacy Technician Studies,SE937,200,6,South East Technological University,False,2025
Personal services,Culinary Arts,SE938,169,6,South East Technological University,False,2025
Arts,Music,TR002,476,8,Trinity College Dublin,False,2025
Humanities (except languages),History,TR003,526,8,Trinity College Dublin,False,2025
Law,Law,TR004,578,8,Trinity College Dublin,False,2025
Humanities (except languages),Philosophy,TR005,509,8,Trinity College Dublin,False,2025
Social and behavioural sciences,Psychology,TR006,578,8,Trinity College Dublin,False,2025
Health,Clinical Speech and Language Studies,TR007,541,8,Trinity College Dublin,False,2025
Education,"Music Education (interview,audition)",TR009,667,8,Trinity College Dublin,False,2025
Social and behavioural sciences,"Philosophy, Political Science, Economics and Sociology (PPES)",TR015,588,8,Trinity College Dublin,False,2025
Languages,Deaf Studies,TR016,358,8,Trinity College Dublin,False,2025
Law,Law and French,TR018,592,8,Trinity College Dublin,False,2025
Law,Law and German,TR019,541,8,Trinity College Dublin,False,2025
Humanities (except languages),"Classics, Ancient History and Archaeology",TR021,495,8,Trinity College Dublin,False,2025
Languages,Early and Modern Irish,TR022,349,8,Trinity College Dublin,False,2025
Languages,English Studies,TR023,533,8,Trinity College Dublin,False,2025
Humanities (except languages),European Studies,TR024,564,8,Trinity College Dublin,False,2025
Arts,Drama and Theatre Studies (interview),TR025,506,8,Trinity College Dublin,False,2025
Humanities (except languages),Ancient and Medieval History and Culture,TR028,469,8,Trinity College Dublin,False,2025
Mathematics and statistics,Mathematics,TR031,598,8,Trinity College Dublin,False,2025
Engineering and engineering trades,Engineering,TR032,577,8,Trinity College Dublin,False,2025
Information and Communication Technologies (ICTs),Computer Science,TR033,543,8,Trinity College Dublin,False,2025
Business and administration,Management Science and Information Systems Studies,TR034,625,8,Trinity College Dublin,False,2025
Physical sciences,Theoretical Physics,TR035,571,8,Trinity College Dublin,False,2025
Engineering and engineering trades,Engineering with Management,TR038,617,8,Trinity College Dublin,False,2025
Information and Communication Technologies (ICTs),"Computer Science, Linguistics and a Language",TR039,531,8,Trinity College Dublin,False,2025
Languages,Middle Eastern and European Languages and Cultures,TR040,449,8,Trinity College Dublin,False,2025
Humanities (except languages),Religion,TR041,402,8,Trinity College Dublin,False,2025
Arts,Film,TR042,518,8,Trinity College Dublin,False,2025
Humanities (except languages),History of Art and Architecture,TR043,511,8,Trinity College Dublin,False,2025
Health,Medicine (Undergraduate Entry - HPAT required),TR051,739,8,Trinity College Dublin,False,2025
Health,Dental Science,TR052,625,8,Trinity College Dublin,False,2025
Health,Physiotherapy,TR053,577,8,Trinity College Dublin,False,2025
Health,Occupational Therapy,TR054,544,8,Trinity College Dublin,False,2025
Health,Radiation Therapy,TR055,534,8,Trinity College Dublin,False,2025
Health,Human Health and Disease,TR056,567,8,Trinity College Dublin,False,2025
Biological and related sciences,Biological and Biomedical Sciences,TR060,554,8,Trinity College Dublin,False,2025
Physical sciences,Chemical Sciences,TR061,543,8,Trinity College Dublin,False,2025
Physical sciences,Geography and Geoscience,TR062,472,8,Trinity College Dublin,False,2025
Physical sciences,Physical Sciences,TR063,538,8,Trinity College Dublin,False,2025
Environment,Environmental Science and Engineering,TR064,525,8,Trinity College Dublin,False,2025
Health,Pharmacy,TR072,601,8,Trinity College Dublin,False,2025
Business and administration,Global Business,TR080,602,8,Trinity College Dublin,False,2025
Social and behavioural sciences,"Business, Economic and Social Studies (BESS)",TR081,566,8,Trinity College Dublin,False,2025
Welfare,Social Studies (Social Work),TR084,456,8,Trinity College Dublin,False,2025
Business and administration,Business Studies and French,TR085,555,8,Trinity College Dublin,False,2025
Business and administration,Business Studies and German,TR086,521,8,Trinity College Dublin,False,2025
Business and administration,Business Studies and Russian,TR087,467,8,Trinity College Dublin,False,2025
Business and administration,Business Studies and Polish,TR089,476,8,Trinity College Dublin,False,2025
Business and administration,Business Studies and Spanish,TR090,556,8,Trinity College Dublin,False,2025
Health,"General Nursing (Meath, St James`s and Naas)",TR091,423,8,Trinity College Dublin,False,2025
Health,"General Nursing (Adelaide School of Nursing,interview)",TR093,407,8,Trinity College Dublin,False,2025
Health,Mental Health Nursing,TR095,370,8,Trinity College Dublin,False,2025
Health,Intellectual Disability Nursing,TR097,338,8,Trinity College Dublin,False,2025
Health,Dental Nursing,TR801,466,7,Trinity College Dublin,False,2025
Health,Dental Hygiene (interview),TR802,590,7,Trinity College Dublin,False,2025
Health,Dental Technology (interview),TR803,601,7,Trinity College Dublin,False,2025
Health,Children`s and General Nursing (Integrated),TR911,529,8,Trinity College Dublin,False,2025
Health,Midwifery,TR913,510,8,Trinity College Dublin,False,2025
Biological and related sciences,Applied Biology,TU651,255,6,Technological University Dublin,False,2025
Information and Communication Technologies (ICTs),Computing,TU652,AQA,6,Technological University Dublin,True,2025
Health,Pharmacy Technician Studies,TU654,288,6,Technological University Dublin,False,2025
Business and administration,Business,TU670,AQA,6,Technological University Dublin,True,2025
Business and administration,Business (General Entry),TU678,252,6,Technological University Dublin,False,2025
Engineering and engineering trades,Automation Engineering and Robotics,TU701,255,7,Technological University Dublin,False,2025
Architecture and construction,Building Engineering,TU703,301,7,Technological University Dublin,False,2025
Architecture and construction,Civil Engineering,TU704,331,7,Technological University Dublin,False,2025
Engineering and engineering trades,Electrical and Control Engineering,TU705,AQA,7,Technological University Dublin,True,2025
Engineering and engineering trades,Electrical Services Engineering,TU706,AQA,7,Technological University Dublin,True,2025
Engineering and engineering trades,Engineering (General Entry),TU708,300,7,Technological University Dublin,False,2025
Engineering and engineering trades,Engineering (General Entry),TU709,451,7,Technological University Dublin,False,2025
Engineering and engineering trades,Computer Engineering,TU713,242,7,Technological University Dublin,False,2025
Engineering and engineering trades,Electronics and Communications Engineering,TU714,244,7,Technological University Dublin,False,2025
Engineering and engineering trades,Networking Technologies,TU716,251,7,Technological University Dublin,False,2025
Engineering and engineering trades,Mechanical Engineering,TU717,330,7,Technological University Dublin,False,2025
Engineering and engineering trades,Automotive Management and Technology,TU720,AQA,7,Technological University Dublin,True,2025
Engineering and engineering trades,Aviation Technology,TU721,360,7,Technological University Dublin,False,2025
Engineering and engineering trades,Process Instrumentation and Automation (Learn and Work),TU722,301,7,Technological University Dublin,False,2025
Engineering and engineering trades,Mechanical Engineering (General Entry),TU725,AQA,7,Technological University Dublin,True,2025
Engineering and engineering trades,Electronic Engineering and Engineering Software (General Entry),TU726,210,7,Technological University Dublin,False,2025
Business and administration,"Auctioneering, Valuation and Estate Agency",TU731,350,7,Technological University Dublin,False,2025
Personal services,Sports Management and Coaching,TU735,260,7,Technological University Dublin,False,2025
Biological and related sciences,Sports Science and Health,TU736,451,7,Technological University Dublin,False,2025
Biological and related sciences,Sports Studies,TU737,301,7,Technological University Dublin,False,2025
Personal services,Baking and Pastry Arts Management,TU741,AQA,7,Technological University Dublin,True,2025
Personal services,Culinary Arts,TU742,AQA,7,Technological University Dublin,True,2025
Personal services,Hospitality Management,TU745,213,7,Technological University Dublin,False,2025
Personal services,International Hospitality and Tourism Management,TU746,AQA,7,Technological University Dublin,True,2025
Personal services,Tourism Management,TU747,AQA,7,Technological University Dublin,True,2025
Biological and related sciences,Biosciences,TU751,377,7,Technological University Dublin,False,2025
Biological and related sciences,DNA and Forensic Analysis,TU752,412,7,Technological University Dublin,False,2025
Physical sciences,Industrial and Environmental Physics,TU754,241,7,Technological University Dublin,False,2025
Physical sciences,Science (General Entry),TU755,330,7,Technological University Dublin,False,2025
Information and Communication Technologies (ICTs),Computing (General Entry),TU756,213,7,Technological University Dublin,False,2025
Information and Communication Technologies (ICTs),Computing (Information Technology),TU757,260,7,Technological University Dublin,False,2025
Information and Communication Technologies (ICTs),Digital Forensics and Cyber Security,TU758,270,7,Technological University Dublin,False,2025
Biological and related sciences,Bioanalysis,TU760,300,7,Technological University Dublin,False,2025
Physical sciences,Ophthalmic Dispensing,TU761,404,7,Technological University Dublin,False,2025
Physical sciences,Medicinal Chemistry and Pharmaceutical Sciences,TU762,347,7,Technological University Dublin,False,2025
Biological and related sciences,Pharmaceutical Science,TU763,356,7,Technological University Dublin,False,2025
Information and Communication Technologies (ICTs),Secure Networking and Cloud Technologies (Learn and Work),TU767,306,7,Technological University Dublin,False,2025
Business and administration,Business (General Entry),TU772,AQA,7,Technological University Dublin,True,2025
Business and administration,Digital Marketing,TU781,200,7,Technological University Dublin,False,2025
Business and administration,Digital Marketing,TU782,AQA,7,Technological University Dublin,True,2025
Business and administration,Business (General Entry),TU787,AQA,7,Technological University Dublin,True,2025
Business and administration,Accounting and Finance,TU788,204,7,Technological University Dublin,False,2025
Welfare,Early Childhood Education and Care,TU790,AQA,7,Technological University Dublin,True,2025
Welfare,Applied Social Studies in Social Care,TU791,281,7,Technological University Dublin,False,2025
Social and behavioural sciences,Community and Youth Development,TU792,AQA,7,Technological University Dublin,True,2025
Arts,Visual Merchandising and Display (portfolio),TU795,654,7,Technological University Dublin,False,2025
Arts,Creative Digital Media,TU796,240,7,Technological University Dublin,False,2025
Engineering and engineering trades,Sustainable Energy Engineering,TU801,243,8,Technological University Dublin,False,2025
Engineering and engineering trades,Electrical Services and Energy Management,TU802,261,8,Technological University Dublin,False,2025
Engineering and engineering trades,Engineering (General Entry),TU804,340,8,Technological University Dublin,False,2025
Engineering and engineering trades,Engineering (General Entry),TU805,490,8,Technological University Dublin,False,2025
Engineering and engineering trades,Computer Engineering in Mobile Systems,TU807,262,8,Technological University Dublin,False,2025
Engineering and engineering trades,Mechatronic Engineering,TU810,301,8,Technological University Dublin,False,2025
Arts,Product Design,TU811,412,8,Technological University Dublin,False,2025
Engineering and engineering trades,Mechanical Engineering (General Entry),TU828,358,8,Technological University Dublin,False,2025
Engineering and engineering trades,Electronic Engineering and Engineering Software (General Entry),TU829,252,8,Technological University Dublin,False,2025
Architecture and construction,Architectural Technology,TU831,425,8,Technological University Dublin,False,2025
Architecture and construction,"Architecture (portfolio,interview)",TU832,635,8,Technological University Dublin,False,2025
Architecture and construction,Construction Management,TU833,430,8,Technological University Dublin,False,2025
Architecture and construction,Planning and Environmental Management,TU835,360,8,Technological University Dublin,False,2025
Architecture and construction,Property Economics (Valuation Surveying),TU836,425,8,Technological University Dublin,False,2025
Architecture and construction,Quantity Surveying and Construction Economics,TU837,451,8,Technological University Dublin,False,2025
Information and Communication Technologies (ICTs),Data Science and Artificial Intelligence,TU850,434,8,Technological University Dublin,False,2025
Physical sciences,Analytical Chemistry (Environmental Forensic and Pharmaceutical),TU851,311,8,Technological University Dublin,False,2025
Physical sciences,Chemical Sciences with Medicinal Chemistry,TU852,422,8,Technological University Dublin,False,2025
Biological and related sciences,Science (General Entry),TU854,445,8,Technological University Dublin,False,2025
Physical sciences,Science with Nanotechnology,TU855,336,8,Technological University Dublin,False,2025
Information and Communication Technologies (ICTs),Computer Science,TU856,443,8,Technological University Dublin,False,2025
Information and Communication Technologies (ICTs),Computer Science (Infrastructure),TU857,351,8,Technological University Dublin,False,2025
Information and Communication Technologies (ICTs),Computer Science (International),TU858,351,8,Technological University Dublin,False,2025
Information and Communication Technologies (ICTs),Computing (General Entry),TU859,214,8,Technological University Dublin,False,2025
Information and Communication Technologies (ICTs),Computing (Information Technology),TU860,280,8,Technological University Dublin,False,2025
Information and Communication Technologies (ICTs),Computing with Machine Learning and Artificial Intelligence,TU862,245,8,Technological University Dublin,False,2025
Information and Communication Technologies (ICTs),Digital Forensics and Cyber Security,TU863,300,8,Technological University Dublin,False,2025
Biological and related sciences,DNA and Forensic Analysis,TU864,412,8,Technological University Dublin,False,2025
Information and Communication Technologies (ICTs),Cloud Computing,TU865,261,8,Technological University Dublin,False,2025
Mathematics and statistics,Biomedical and Molecular Diagnostics,TU866,489,8,Technological University Dublin,False,2025
Health,Medical Science,TU867,522,8,Technological University Dublin,False,2025
Health,Clinical Measurement Science,TU868,500,8,Technological University Dublin,False,2025
Hygiene and occupational health services,Environmental Health,TU869,320,8,Technological University Dublin,False,2025
Health,Human Nutrition and Dietetics,TU870,533,8,Technological University Dublin,False,2025
Health,Optometry,TU871,564,8,Technological University Dublin,False,2025
Biological and related sciences,Public Health Nutrition,TU872,418,8,Technological University Dublin,False,2025
Mathematics and statistics,Mathematics and Statistics,TU874,311,8,Technological University Dublin,False,2025
Health,Pharmaceutical Healthcare,TU875,388,8,Technological University Dublin,False,2025
Biological and related sciences,Pharmaceutical Science,TU876,371,8,Technological University Dublin,False,2025
Physical sciences,Physics Technology,TU877,340,8,Technological University Dublin,False,2025
Information and Communication Technologies (ICTs),Physics with Energy and Environment,TU878,430,8,Technological University Dublin,False,2025
Health,Physics with Medical Physics and Bioengineering,TU879,329,8,Technological University Dublin,False,2025
Physical sciences,Physics with Data Science,TU880,362,8,Technological University Dublin,False,2025
Arts,Food Science,TU881,346,8,Technological University Dublin,False,2025
Biological and related sciences,Nutraceuticals in Health and Nutrition,TU882,309,8,Technological University Dublin,False,2025
Biological and related sciences,Biotechnology,TU889,456,8,Technological University Dublin,False,2025
Business and administration,Business (General Entry),TU902,218,8,Technological University Dublin,False,2025
Business and administration,Business and Management,TU903,455,8,Technological University Dublin,False,2025
Business and administration,Business and Law,TU904,455,8,Technological University Dublin,False,2025
Social and behavioural sciences,Economics and Finance,TU905,436,8,Technological University Dublin,False,2025
Business and administration,Human Resource Management,TU906,340,8,Technological University Dublin,False,2025
Business and administration,Logistics and Supply Chain Management,TU907,260,8,Technological University Dublin,False,2025
Business and administration,Accounting,TU910,380,8,Technological University Dublin,False,2025
Information and Communication Technologies (ICTs),Business Analytics,TU912,338,8,Technological University Dublin,False,2025
Information and Communication Technologies (ICTs),Business Computing,TU914,306,8,Technological University Dublin,False,2025
Law,Law (LL.B.) with a Language,TU917,357,8,Technological University Dublin,False,2025
Law,Law (LL.B.),TU918,420,8,Technological University Dublin,False,2025
Business and administration,Advertising and Marketing Communications,TU919,218,8,Technological University Dublin,False,2025
Business and administration,Digital Marketing,TU920,273,8,Technological University Dublin,False,2025
Business and administration,Digital Marketing Technologies,TU921,218,8,Technological University Dublin,False,2025
Business and administration,Marketing,TU922,380,8,Technological University Dublin,False,2025
Business and administration,E-Commerce in Retailing,TU924,251,8,Technological University Dublin,False,2025
Business and administration,Fashion and Retail Business,TU925,307,8,Technological University Dublin,False,2025
Business and administration,Business (General Entry),TU932,209,8,Technological University Dublin,False,2025
Business and administration,Accounting and Finance,TU933,261,8,Technological University Dublin,False,2025
Personal services,Sports Management and Coaching,TU935,301,8,Technological University Dublin,False,2025
Biological and related sciences,Sports Science and Health,TU936,465,8,Technological University Dublin,False,2025
Personal services,Culinary Arts,TU942,211,8,Technological University Dublin,False,2025
Personal services,International Hospitality and Tourism Management,TU951,246,8,Technological University Dublin,False,2025
Personal services,International Hospitality Management,TU952,255,8,Technological University Dublin,False,2025
Personal services,Tourism and Digital Marketing,TU953,246,8,Technological University Dublin,False,2025
Personal services,Event Management,TU954,300,8,Technological University Dublin,False,2025
Personal services,Sports and Leisure Management,TU955,301,8,Technological University Dublin,False,2025
Arts,Commercial Modern Music (BIMM - audition),TU961,585,8,Technological University Dublin,False,2025
Arts,Drama (Performance - audition),TU962,449,8,Technological University Dublin,False,2025
Languages,International Business and Languages,TU965,290,8,Technological University Dublin,False,2025
Arts,Design - Visual Communication (portfolio),TU973,654,8,Technological University Dublin,False,2025
Arts,Fine Art (portfolio),TU974,701,8,Technological University Dublin,False,2025
Arts,Interior Design (portfolio),TU975,862,8,Technological University Dublin,False,2025
Arts,Photography,TU976,301,8,Technological University Dublin,False,2025
Arts,Creative Industries and Visual Culture,TU978,273,8,Technological University Dublin,False,2025
Arts,Creative Digital Media,TU981,280,8,Technological University Dublin,False,2025
Arts,Media Production and Digital Arts,TU982,283,8,Technological University Dublin,False,2025
Arts,Film and Broadcasting,TU983,430,8,Technological University Dublin,False,2025
Information and Communication Technologies (ICTs),Game Design,TU984,402,8,Technological University Dublin,False,2025
Journalism and information,Journalism,TU985,328,8,Technological University Dublin,False,2025
Welfare,Early Childhood Education and Care (Campus Options),TU989,262,8,Technological University Dublin,False,2025
Welfare,Applied Social Studies in Social Care,TU991,300,8,Technological University Dublin,False,2025
Social and behavioural sciences,Community Development and Youth Work,TU992,244,8,Technological University Dublin,False,2025
Education,Early Childhood Education,TU995,307,8,Technological University Dublin,False,2025
Welfare,Social Care,TU996,350,8,Technological University Dublin,False,2025
Welfare,Applied Social Care,TU997,280,8,Technological University Dublin,False,2025
Business and administration,Accounting and Finance,US610,229,6,Technological University of the Shannon,False,2025
Business and administration,Business Studies (Marketing and Management),US612,216,6,Technological University of the Shannon,False,2025
Personal services,Culinary Arts,US630,147,6,Technological University of the Shannon,False,2025
Personal services,Culinary Arts,US631,201,6,Technological University of the Shannon,False,2025
Personal services,Sports Development and Coaching,US640,161,6,Technological University of the Shannon,False,2025
Engineering and engineering trades,Agricultural Mechanisation (in Year 1 students - four days at Pallaskenry Ag College and one day at TUS Limerick),US651,257,6,Technological University of the Shannon,False,2025
Health,Pharmacy Technician,US660,226,6,Technological University of the Shannon,False,2025
Health,Dental Nursing,US661,289,6,Technological University of the Shannon,False,2025
Arts,Graphic Design (portfolio),US700,830,7,Technological University of the Shannon,False,2025
Arts,Creative Broadcast and Film Production,US702,241,7,Technological University of the Shannon,False,2025
Arts,Music Production and Technology,US703,246,7,Technological University of the Shannon,False,2025
Arts,Music and Sound Engineering,US704,206,7,Technological University of the Shannon,False,2025
Information and Communication Technologies (ICTs),Computing  - Mobile and Web,US710,200,7,Technological University of the Shannon,False,2025
Information and Communication Technologies (ICTs),Computer Engineering with Network Infrastructure,US711,279,7,Technological University of the Shannon,False,2025
Information and Communication Technologies (ICTs),Software Design with Artificial Intelligence for Cloud Computing,US712,250,7,Technological University of the Shannon,False,2025
Information and Communication Technologies (ICTs),Software Design with Virtual Reality and Gaming,US713,244,7,Technological University of the Shannon,False,2025
Information and Communication Technologies (ICTs),Computer Engineering,US714,207,7,Technological University of the Shannon,False,2025
Information and Communication Technologies (ICTs),Software Design with Digitalisation,US715,252,7,Technological University of the Shannon,False,2025
Business and administration,Business,US720,171,7,Technological University of the Shannon,False,2025
Business and administration,Business,US721,196,7,Technological University of the Shannon,False,2025
Business and administration,Enterprise and Innovation,US723,192,7,Technological University of the Shannon,False,2025
Business and administration,Digital Marketing,US724,190,7,Technological University of the Shannon,False,2025
Biological and related sciences,Applied Biology,US730,288,7,Technological University of the Shannon,False,2025
Biological and related sciences,Biotechnology,US731,225,7,Technological University of the Shannon,False,2025
Physical sciences,Forensic and Pharmaceutical Sciences,US732,309,7,Technological University of the Shannon,False,2025
Physical sciences,Pharmaceutical Sciences (Drug Development and Analysis),US733,223,7,Technological University of the Shannon,False,2025
Health,Medical Technology,US735,317,7,Technological University of the Shannon,False,2025
Veterinary,Veterinary Nursing,US738,430,7,Technological University of the Shannon,False,2025
"Interdisciplinary programmes and qualifications involving agriculture, forestry and veterinary",Agricultural Science and Sustainability,US740,225,7,Technological University of the Shannon,False,2025
Engineering and engineering trades,Electrical Engineering,US750,250,7,Technological University of the Shannon,False,2025
Engineering and engineering trades,Electronic Engineering with Computer Systems,US751,217,7,Technological University of the Shannon,False,2025
Engineering and engineering trades,Renewable and Electrical Energy Engineering,US752,270,7,Technological University of the Shannon,False,2025
Engineering and engineering trades,Robotics and Automation Engineering,US753,215,7,Technological University of the Shannon,False,2025
Architecture and construction,Civil Engineering,US760,206,7,Technological University of the Shannon,False,2025
Architecture and construction,Civil Engineering,US761,242,7,Technological University of the Shannon,False,2025
Engineering and engineering trades,Agricultural Engineering,US769,311,7,Technological University of the Shannon,False,2025
Engineering and engineering trades,Mechanical Engineering,US771,301,7,Technological University of the Shannon,False,2025
Engineering and engineering trades,Engineering (Common Entry),US773,223,7,Technological University of the Shannon,False,2025
Arts,Animation and Illustration (portfolio),US778,623,7,Technological University of the Shannon,False,2025
Information and Communication Technologies (ICTs),Engineering Technology Management,US779,246,7,Technological University of the Shannon,False,2025
Welfare,Early Childhood Education and Care,US780,243,7,Technological University of the Shannon,False,2025
Welfare,Social Care Work,US781,206,7,Technological University of the Shannon,False,2025
Welfare,Applied Social Studies in Social Care,US782,180,7,Technological University of the Shannon,False,2025
Welfare,Early Childhood Education and Care,US783,205,7,Technological University of the Shannon,False,2025
Personal services,Applied Sports Science with Sport and Exercise Nutrition,US784,206,7,Technological University of the Shannon,False,2025
Personal services,Sports Development and Performance,US785,207,7,Technological University of the Shannon,False,2025
Personal services,Applied Sport Science Strength and Conditioning,US786,235,7,Technological University of the Shannon,False,2025
Business and administration,Business Studies with Sports Management,US787,207,7,Technological University of the Shannon,False,2025
Personal services,Exercise and Health Science,US788,208,7,Technological University of the Shannon,False,2025
Biological and related sciences,Applied Sport Science with Performance Technology,US789,231,7,Technological University of the Shannon,False,2025
Business and administration,Business Studies with Event Management,US791,188,7,Technological University of the Shannon,False,2025
Personal services,Business Studies with Beauty and Spa Management,US792,171,7,Technological University of the Shannon,False,2025
Business and administration,Business Studies with Event Mangement,US793,241,7,Technological University of the Shannon,False,2025
Personal services,Culinary Arts,US795,205,7,Technological University of the Shannon,False,2025
Arts,Art and Design (Common Entry - portfolio),US800,837,8,Technological University of the Shannon,False,2025
Education,B Ed Art and Design (Offered jointly by TUS and UL - portfolio),US801,949,8,Technological University of the Shannon,False,2025
Arts,Animation and Illustration (portfolio),US802,733,8,Technological University of the Shannon,False,2025
Arts,Graphic and Digital Design (portfolio),US803,839,8,Technological University of the Shannon,False,2025
Arts,Digital Animation (portfolio),US805,789,8,Technological University of the Shannon,False,2025
Arts,Game Art and Design (portfolio),US806,844,8,Technological University of the Shannon,False,2025
Arts,Creative Broadcast and Film Production,US807,307,8,Technological University of the Shannon,False,2025
Arts,Music Production and Technology,US808,288,8,Technological University of the Shannon,False,2025
Arts,Music and Sound Engineering,US809,297,8,Technological University of the Shannon,False,2025
Arts,"Visual Effects for Film, TV and Animation (portfolio)",US810,920,8,Technological University of the Shannon,False,2025
Arts,Interior Design (portfolio),US811,846,8,Technological University of the Shannon,False,2025
Manufacturing and processing,Design Engineering,US812,319,8,Technological University of the Shannon,False,2025
Information and Communication Technologies (ICTs),Software Development with Cyber Security,US819,234,8,Technological University of the Shannon,False,2025
Information and Communication Technologies (ICTs),Software Development,US820,252,8,Technological University of the Shannon,False,2025
Information and Communication Technologies (ICTs),Software Design with Virtual Reality and Gaming,US821,280,8,Technological University of the Shannon,False,2025
Information and Communication Technologies (ICTs),Software Design with Artificial Intelligence for Cloud Computing,US822,342,8,Technological University of the Shannon,False,2025
Information and Communication Technologies (ICTs),Software Design with Digitalisation,US823,299,8,Technological University of the Shannon,False,2025
Information and Communication Technologies (ICTs),Computer Engineering with Network Infrastructure,US824,315,8,Technological University of the Shannon,False,2025
Information and Communication Technologies (ICTs),Immersive Digital Media,US825,291,8,Technological University of the Shannon,False,2025
Information and Communication Technologies (ICTs),Computing - Mobile and  Web,US826,280,8,Technological University of the Shannon,False,2025
Information and Communication Technologies (ICTs),Computer Networks and Cyber Security,US827,244,8,Technological University of the Shannon,False,2025
Information and Communication Technologies (ICTs),Software Development with Games Programming,US828,230,8,Technological University of the Shannon,False,2025
Business and administration,Business Studies (AI for Enterprise),US836,347,8,Technological University of the Shannon,False,2025
Law,Law,US837,328,8,Technological University of the Shannon,False,2025
Business and administration,Business and Law,US838,295,8,Technological University of the Shannon,False,2025
Business and administration,Business,US840,278,8,Technological University of the Shannon,False,2025
Business and administration,Business,US841,316,8,Technological University of the Shannon,False,2025
Business and administration,Business,US842,253,8,Technological University of the Shannon,False,2025
Business and administration,Business Studies (Digital Marketing),US843,279,8,Technological University of the Shannon,False,2025
Business and administration,Digital Marketing,US844,270,8,Technological University of the Shannon,False,2025
Business and administration,Accounting and Finance,US845,357,8,Technological University of the Shannon,False,2025
Business and administration,Accounting with Finance,US846,358,8,Technological University of the Shannon,False,2025
Business and administration,Accounting with Finance (with Placement),US847,318,8,Technological University of the Shannon,False,2025
Law,Business and Law,US848,270,8,Technological University of the Shannon,False,2025
Law,Law,US850,327,8,Technological University of the Shannon,False,2025
Business and administration,Business Studies (Marketing and Management),US851,244,8,Technological University of the Shannon,False,2025
Business and administration,Business Studies (Enterprise and Innovation),US852,244,8,Technological University of the Shannon,False,2025
Business and administration,International Business,US853,279,8,Technological University of the Shannon,False,2025
Business and administration,International Business Studies,US854,243,8,Technological University of the Shannon,False,2025
Biological and related sciences,Biotechnology with Biopharmaceutical Science,US860,408,8,Technological University of the Shannon,False,2025
Biological and related sciences,Biotechnology,US861,336,8,Technological University of the Shannon,False,2025
Biological and related sciences,Microbiology,US862,320,8,Technological University of the Shannon,False,2025
Physical sciences,Forensic and Pharmaceutical Sciences,US863,429,8,Technological University of the Shannon,False,2025
Biological and related sciences,Drug and Medicinal Product Analysis,US864,306,8,Technological University of the Shannon,False,2025
Biological and related sciences,Pharmacology,US865,252,8,Technological University of the Shannon,False,2025
Physical sciences,Pharmaceutical Sciences,US866,300,8,Technological University of the Shannon,False,2025
Biological and related sciences,Bioveterinary Science,US867,290,8,Technological University of the Shannon,False,2025
Health,Medical Technology,US869,381,8,Technological University of the Shannon,False,2025
"Interdisciplinary programmes and qualifications involving agriculture, forestry and veterinary",Agricultural Science and Sustainability,US870,300,8,Technological University of the Shannon,False,2025
Health,General Nursing,US877,389,8,Technological University of the Shannon,False,2025
Health,Mental Health Nursing,US878,327,8,Technological University of the Shannon,False,2025
Architecture and construction,Quantity Surveying,US880,288,8,Technological University of the Shannon,False,2025
Architecture and construction,Quantity Surveying,US881,327,8,Technological University of the Shannon,False,2025
Architecture and construction,Property Valuation and Management,US882,270,8,Technological University of the Shannon,False,2025
Architecture and construction,Built Environment (Common Entry),US883,315,8,Technological University of the Shannon,False,2025
Architecture and construction,Construction Management,US884,243,8,Technological University of the Shannon,False,2025
Architecture and construction,Construction Management,US885,270,8,Technological University of the Shannon,False,2025
Architecture and construction,Civil Engineering Management,US886,327,8,Technological University of the Shannon,False,2025
Architecture and construction,Civil Engineering,US887,410,8,Technological University of the Shannon,False,2025
Architecture and construction,Built Environment (Common Entry),US888,313,8,Technological University of the Shannon,False,2025
Engineering and engineering trades,Electrical Engineering,US900,348,8,Technological University of the Shannon,False,2025
Engineering and engineering trades,Renewable and Electrical Energy Engineering,US901,336,8,Technological University of the Shannon,False,2025
Engineering and engineering trades,Robotics and Automation Engineering,US902,301,8,Technological University of the Shannon,False,2025
Engineering and engineering trades,Electronic Engineering with Computer Systems,US903,279,8,Technological University of the Shannon,False,2025
Information and Communication Technologies (ICTs),Engineering Technology Management,US909,329,8,Technological University of the Shannon,False,2025
Engineering and engineering trades,Mechanical Engineering,US910,278,8,Technological University of the Shannon,False,2025
Engineering and engineering trades,Mechanical Engineering,US911,337,8,Technological University of the Shannon,False,2025
Engineering and engineering trades,Mechanical Engineering with Energy,US912,308,8,Technological University of the Shannon,False,2025
Manufacturing and processing,Polymer and Mechanical  Engineering,US913,302,8,Technological University of the Shannon,False,2025
Engineering and engineering trades,Precision Engineering,US914,245,8,Technological University of the Shannon,False,2025
Engineering and engineering trades,Automotive Engineering and Transport Management,US915,255,8,Technological University of the Shannon,False,2025
Engineering and engineering trades,Automation and Robotics,US916,251,8,Technological University of the Shannon,False,2025
Information and Communication Technologies (ICTs),Computer Engineering,US917,260,8,Technological University of the Shannon,False,2025
Information and Communication Technologies (ICTs),International Software Design (with International Placement),US918,252,8,Technological University of the Shannon,False,2025
Welfare,Social Care Work,US920,327,8,Technological University of the Shannon,False,2025
Welfare,Social Care Practice,US921,260,8,Technological University of the Shannon,False,2025
Welfare,Social Care Work,US922,264,8,Technological University of the Shannon,False,2025
Welfare,Social Care Work,US923,236,8,Technological University of the Shannon,False,2025
Social and behavioural sciences,Applied Psychology,US924,424,8,Technological University of the Shannon,False,2025
Social and behavioural sciences,Applied Psychology,US925,420,8,Technological University of the Shannon,False,2025
Welfare,Early Childhood Education and Care,US926,251,8,Technological University of the Shannon,False,2025
Welfare,Early Childhood Education and Care,US927,270,8,Technological University of the Shannon,False,2025
Social and behavioural sciences,Community and Addiction Studies,US928,264,8,Technological University of the Shannon,False,2025
Personal services,Culinary Entrepreneurship,US931,254,8,Technological University of the Shannon,False,2025
Personal services,Hospitality Management (with International Placement),US932,241,8,Technological University of the Shannon,False,2025
Personal services,Physical Education Studies,US933,350,8,Technological University of the Shannon,False,2025
Personal services,Physical Education with Business,US934,366,8,Technological University of the Shannon,False,2025
Personal services,Business Studies with Event Management,US941,243,8,Technological University of the Shannon,False,2025
Business and administration,Business Studies with Event Management,US942,297,8,Technological University of the Shannon,False,2025
Personal services,Business Studies with Beauty and Spa Management,US946,269,8,Technological University of the Shannon,False,2025
Health,Nutrition and Health Science,US950,336,8,Technological University of the Shannon,False,2025
Health,Sports Science with Exercise Physiology,US951,420,8,Technological University of the Shannon,False,2025
Personal services,Sports Management (with International Placement),US952,234,8,Technological University of the Shannon,False,2025
Business and administration,Business Studies with Sports Management,US953,253,8,Technological University of the Shannon,False,2025
Personal services,Sports Development and Performance,US954,279,8,Technological University of the Shannon,False,2025
Health,Athletic and Rehabilitation Therapy,US956,488,8,Technological University of the Shannon,False,2025
Health,Physical Activity and Health Science,US957,273,8,Technological University of the Shannon,False,2025
Biological and related sciences,Applied Sports Science with Strength and Conditioning,US958,254,8,Technological University of the Shannon,False,2025
Biological and related sciences,Applied Sports Science with Performance Technology,US959,246,8,Technological University of the Shannon,False,2025
Personal services,Applied Sports Science with Sport and Exercise Nutrition,US961,236,8,Technological University of the Shannon,False,2025
