Course Title,Course Code,R1 Points,HE Institution,AQA,Year,Points,Course Level,Category
Art and Design (Common Entry) [Portfolio] [Limerick],US800,816,Technological University of the Shannon,FALSE,2026,816,8,Arts
Art and Design (Offered jointly by TUS and UL) [Portfolio] [Limerick],US801,948,Technological University of the Shannon,FALSE,2026,948,8,Education
Animation and Illustration [Portfolio] [Athlone],US802,944,Technological University of the Shannon,FALSE,2026,944,8,Arts
Graphic and Digital Design [Portfolio] [Athlone],US803,792,Technological University of the Shannon,FALSE,2026,792,8,Arts
Digital Animation [Portfolio] [Clonmel],US805,691,Technological University of the Shannon,FALSE,2026,691,8,Arts
Game Art and Design [Portfolio] [Clonmel],US806,846,Technological University of the Shannon,FALSE,2026,846,8,Arts
Creative Broadcast and Film Production [Limerick],US807,308,Technological University of the Shannon,FALSE,2026,308,8,Arts
Music Production and Technology [Limerick],US808,356,Technological University of the Shannon,FALSE,2026,356,8,Arts
Music and Sound Engineering [Athlone],US809,316,Technological University of the Shannon,FALSE,2026,316,8,Arts
"Visual Effects for Film, TV and Animation [Portfolio] [Clonmel]",US810,,Technological University of the Shannon,FALSE,2026,,8,Arts
Interior Design [Portfolio] [Limerick],US811,919,Technological University of the Shannon,FALSE,2026,919,8,Arts
Music and the Live Events Industry [Athlone],US813,287,Technological University of the Shannon,FALSE,2026,287,8,Arts
Software Development with Cyber Security [Thurles],US819,272,Technological University of the Shannon,FALSE,2026,272,8,Information and Communication Technologies (ICTs)
Software Development [Limerick],US820,307,Technological University of the Shannon,FALSE,2026,307,8,Information and Communication Technologies (ICTs)
Software Design with Virtual Reality and Gaming [Athlone],US821,289,Technological University of the Shannon,FALSE,2026,289,8,Information and Communication Technologies (ICTs)
Software Design with Artificial Intelligence for Cloud Computing [Athlon,US822,306,Technological University of the Shannon,FALSE,2026,306,8,Information and Communication Technologies (ICTs)
Software Design with Digitalisation [Athlone],US823,283,Technological University of the Shannon,FALSE,2026,283,8,Information and Communication Technologies (ICTs)
Computer Engineering with Network Infrastructure [Athlone],US824,302,Technological University of the Shannon,FALSE,2026,302,8,Information and Communication Technologies (ICTs)
Creative Digital Computing [Limerick],US825,280,Technological University of the Shannon,FALSE,2026,280,8,Information and Communication Technologies (ICTs)
Computing with AI [Limerick],US826,270,Technological University of the Shannon,FALSE,2026,270,8,Information and Communication Technologies (ICTs)
Computer Networks and Cyber Security [Limerick],US827,269,Technological University of the Shannon,FALSE,2026,269,8,Information and Communication Technologies (ICTs)
Software Development with Games Programming [Thurles],US828,270,Technological University of the Shannon,FALSE,2026,270,8,Information and Communication Technologies (ICTs)
Business Studies (AI for Enterprise) [Athlone],US835,302,Technological University of the Shannon,FALSE,2026,302,8,Business and administration
Business Studies (AI for Enterprise) [Limerick],US836,413,Technological University of the Shannon,FALSE,2026,413,8,Business and administration
Law [Limerick],US837,377,Technological University of the Shannon,FALSE,2026,377,8,Law
Business and Law [Limerick],US838,298,Technological University of the Shannon,FALSE,2026,298,8,Business and administration
Business [Athlone],US840,280,Technological University of the Shannon,FALSE,2026,280,8,Business and administration
Business [Limerick],US841,328,Technological University of the Shannon,FALSE,2026,328,8,Business and administration
Business [Thurles],US842,253,Technological University of the Shannon,FALSE,2026,253,8,Business and administration
Business Studies (Digital Marketing) [Limerick],US843,308,Technological University of the Shannon,FALSE,2026,308,8,Business and administration
Digital Marketing [Athlone],US844,271,Technological University of the Shannon,FALSE,2026,271,8,Business and administration
Accounting and Finance [Limerick],US845,410,Technological University of the Shannon,FALSE,2026,410,8,Business and administration
Accounting with Finance (with Placement) [Athlone],US847,307,Technological University of the Shannon,FALSE,2026,307,8,Business and administration
Business and Law [Athlone],US848,262,Technological University of the Shannon,FALSE,2026,262,8,Law
Law [Athlone],US850,320,Technological University of the Shannon,FALSE,2026,320,8,Law
Business Studies (Marketing and Management) [Limerick],US851,288,Technological University of the Shannon,FALSE,2026,288,8,Business and administration
Business Studies (Enterprise and Innovation) [Limerick],US852,251,Technological University of the Shannon,FALSE,2026,251,8,Business and administration
International Business [Athlone],US853,327,Technological University of the Shannon,FALSE,2026,327,8,Business and administration
International Business Studies [Limerick],US854,251,Technological University of the Shannon,FALSE,2026,251,8,Business and administration
Biotechnology with Biopharmaceutical Science [Limerick],US860,465,Technological University of the Shannon,FALSE,2026,465,8,Biological and related sciences
Biotechnology [Athlone],US861,410,Technological University of the Shannon,FALSE,2026,410,8,Biological and related sciences
Microbiology [Athlone],US862,367,Technological University of the Shannon,FALSE,2026,367,8,Biological and related sciences
Forensic and Pharmaceutical Sciences [Limerick],US863,467,Technological University of the Shannon,FALSE,2026,467,8,Physical sciences
Drug and Medicinal Product Analysis [Limerick],US864,318,Technological University of the Shannon,FALSE,2026,318,8,Biological and related sciences
Pharmacology [Athlone],US865,319,Technological University of the Shannon,FALSE,2026,319,8,Biological and related sciences
Pharmaceutical Sciences [Athlone],US866,346,Technological University of the Shannon,FALSE,2026,346,8,Physical sciences
Bioveterinary Science [Athlone],US867,290,Technological University of the Shannon,FALSE,2026,290,8,Biological and related sciences
Medical Technology [Limerick],US869,423,Technological University of the Shannon,FALSE,2026,423,8,Health
Agricultural Science and Sustainability [Thurles],US870,317,Technological University of the Shannon,FALSE,2026,317,8,"Interdisciplinary programmes and qualifications involving agriculture, forestry and veterinary"
General Nursing [Athlone],US877,419,Technological University of the Shannon,FALSE,2026,419,8,Health
Mental Health Nursing [Athlone],US878,353,Technological University of the Shannon,FALSE,2026,353,8,Health
Quantity Surveying [Athlone],US880,338,Technological University of the Shannon,FALSE,2026,338,8,Architecture and construction
Quantity Surveying [Limerick],US881,319,Technological University of the Shannon,FALSE,2026,319,8,Architecture and construction
Property Valuation and Management [Limerick],US882,316,Technological University of the Shannon,FALSE,2026,316,8,Architecture and construction
Built Environment (Common Entry) [Limerick],US883,300,Technological University of the Shannon,FALSE,2026,300,8,Architecture and construction
Construction Management [Athlone],US884,281,Technological University of the Shannon,FALSE,2026,281,8,Architecture and construction
Construction Management [Limerick],US885,293,Technological University of the Shannon,FALSE,2026,293,8,Architecture and construction
Civil Engineering Management [Limerick],US886,339,Technological University of the Shannon,FALSE,2026,339,8,Architecture and construction
Civil Engineering [Athlone],US887,403,Technological University of the Shannon,FALSE,2026,403,8,Architecture and construction
Built Environment (Common Entry) [Athlone],US888,299,Technological University of the Shannon,FALSE,2026,299,8,Architecture and construction
Electrical Engineering [Limerick],US900,358,Technological University of the Shannon,FALSE,2026,358,8,Engineering and engineering trades
Renewable and Electrical Energy Engineering [Limerick],US901,341,Technological University of the Shannon,FALSE,2026,341,8,Engineering and engineering trades
Robotics and Automation Engineering [Limerick],US902,390,Technological University of the Shannon,FALSE,2026,390,8,Engineering and engineering trades
Electronic Engineering with Computer Systems [Limerick],US903,351,Technological University of the Shannon,FALSE,2026,351,8,Engineering and engineering trades
Engineering (common entry) [Limerick],US904,372,Technological University of the Shannon,FALSE,2026,372,8,Engineering and engineering trades
Engineering Technology Management [Limerick],US909,309,Technological University of the Shannon,FALSE,2026,309,8,Information and Communication Technologies (ICTs)
Mechanical Engineering [Athlone],US910,388,Technological University of the Shannon,FALSE,2026,388,8,Engineering and engineering trades
Mechanical Engineering [Limerick],US911,339,Technological University of the Shannon,FALSE,2026,339,8,Engineering and engineering trades
Mechanical Engineering with Energy [Athlone],US912,389,Technological University of the Shannon,FALSE,2026,389,8,Engineering and engineering trades
Polymer and Mechanical  Engineering [Athlone],US913,413,Technological University of the Shannon,FALSE,2026,413,8,Manufacturing and processing
Precision Engineering [Limerick],US914,266,Technological University of the Shannon,FALSE,2026,266,8,Engineering and engineering trades
Automotive Engineering and Transport Management [Limerick],US915,302,Technological University of the Shannon,FALSE,2026,302,8,Engineering and engineering trades
Automation and Robotics [Athlone],US916,379,Technological University of the Shannon,FALSE,2026,379,8,Engineering and engineering trades
Computer Engineering [Athlone],US917,303,Technological University of the Shannon,FALSE,2026,303,8,Information and Communication Technologies (ICTs)
Social Care Work [Limerick],US920,358,Technological University of the Shannon,FALSE,2026,358,8,Welfare
Social Care Practice [Athlone],US921,288,Technological University of the Shannon,FALSE,2026,288,8,Welfare
Social Care Work [Thurles],US922,298,Technological University of the Shannon,FALSE,2026,298,8,Welfare
Social Care Work [Ennis],US923,356,Technological University of the Shannon,FALSE,2026,356,8,Welfare
Applied Psychology [Limerick],US924,388,Technological University of the Shannon,FALSE,2026,388,8,Social and behavioural sciences
Applied Psychology [Athlone],US925,478,Technological University of the Shannon,FALSE,2026,478,8,Social and behavioural sciences
Early Childhood Education and Care [Athlone],US926,319,Technological University of the Shannon,FALSE,2026,319,8,Welfare
Early Childhood Education and Care [Limerick],US927,317,Technological University of the Shannon,FALSE,2026,317,8,Welfare
Applied Addiction Recovery [Limerick],US928,260,Technological University of the Shannon,FALSE,2026,260,8,Social and behavioural sciences
Youth Work and Community Development [Limerick],US929,262,Technological University of the Shannon,FALSE,2026,262,8,Welfare
Culinary Entrepreneurship [Limerick],US931,299,Technological University of the Shannon,FALSE,2026,299,8,Personal services
Hospitality Management (with International Placement) [Athlone],US932,255,Technological University of the Shannon,FALSE,2026,255,8,Personal services
Physical Education Studies [Athlone],US933,381,Technological University of the Shannon,FALSE,2026,381,8,Personal services
Physical Education with Business [Limerick],US934,368,Technological University of the Shannon,FALSE,2026,368,8,Personal services
Physical Education with Business [Thurles],US935,361,Technological University of the Shannon,FALSE,2026,361,8,Education
Business Studies with Event Management [Limerick],US941,245,Technological University of the Shannon,FALSE,2026,245,8,Personal services
Business Studies with Event Management [Athlone],US942,310,Technological University of the Shannon,FALSE,2026,310,8,Business and administration
Business Studies with Beauty and Spa Management [Limerick],US946,260,Technological University of the Shannon,FALSE,2026,260,8,Personal services
Business with Fashion Management [Limerick],US947,297,Technological University of the Shannon,FALSE,2026,297,8,Business and administration
Nutrition and Health Science [Athlone],US950,408,Technological University of the Shannon,FALSE,2026,408,8,Health
Sports Science with Exercise Physiology [Athlone],US951,426,Technological University of the Shannon,FALSE,2026,426,8,Health
Business Studies with Sports Management [Limerick],US953,252,Technological University of the Shannon,FALSE,2026,252,8,Business and administration
Sports Development and Performance [Limerick],US954,296,Technological University of the Shannon,FALSE,2026,296,8,Personal services
Athletic and Rehabilitation Therapy [Athlone],US956,453,Technological University of the Shannon,FALSE,2026,453,8,Health
Physical Activity and Health Science [Athlone],US957,289,Technological University of the Shannon,FALSE,2026,289,8,Health
Applied Sports Science with Strength and Conditioning [Thurles],US958,260,Technological University of the Shannon,FALSE,2026,260,8,Biological and related sciences
Applied Sports Science with Performance Technology [Thurles],US959,271,Technological University of the Shannon,FALSE,2026,271,8,Biological and related sciences
Applied Sports Science with Sport and Exercise Nutrition [Thurles],US961,243,Technological University of the Shannon,FALSE,2026,243,8,Personal services
Arts [Waterford],SE200,208,South East Technological University,FALSE,2026,208,8,Arts
Design (Visual Communications) [Waterford - College Street],SE201,314,South East Technological University,FALSE,2026,314,8,Arts
Product Design Innovation [Carlow],SE202,252,South East Technological University,FALSE,2026,252,8,Arts
Visual Art [Waterford - College Street],SE203,279,South East Technological University,FALSE,2026,279,8,Arts
Visual Communications and Design [Wexford],SE204,290,South East Technological University,FALSE,2026,290,8,Arts
Psychology [Waterford],SE205,433,South East Technological University,FALSE,2026,433,8,Social and behavioural sciences
Music [Audition] [Waterford - College Street],SE206,338,South East Technological University,FALSE,2026,338,8,Arts
Art [Portfolio] [Wexford - Hill Street],SE207,700,South East Technological University,FALSE,2026,700,8,Arts
TV and Media Production [Carlow],SE208,320,South East Technological University,FALSE,2026,320,8,Arts
Home Economics [Waterford],SE214,369,South East Technological University,FALSE,2026,369,8,Education
Content Creation and Social Media [Carlow],SE300,316,South East Technological University,FALSE,2026,316,8,Information and Communication Technologies (ICTs)
Business - with/without a language [Waterford],SE400,273,South East Technological University,FALSE,2026,273,8,Business and administration
Business [Carlow],SE401,261,South East Technological University,FALSE,2026,261,8,Business and administration
Business [Wexford],SE402,269,South East Technological University,FALSE,2026,269,8,Business and administration
Business with Law [Carlow],SE403,274,South East Technological University,FALSE,2026,274,8,Business and administration
Law (LLB) [Waterford - College Street],SE404,319,South East Technological University,FALSE,2026,319,8,Law
Law (LLB) [Carlow],SE405,301,South East Technological University,FALSE,2026,301,8,Law
Criminal Justice Studies [Waterford - College Street],SE406,288,South East Technological University,FALSE,2026,288,8,Law
Accounting [Carlow],SE407,318,South East Technological University,FALSE,2026,318,8,Business and administration
Accounting [Waterford],SE408,309,South East Technological University,FALSE,2026,309,8,Business and administration
Public Relations and Media [Carlow],SE409,281,South East Technological University,FALSE,2026,281,8,Business and administration
Marketing and Digital Media [Waterford],SE410,306,South East Technological University,FALSE,2026,306,8,Business and administration
Digital Marketing with Analytics [Carlow],SE411,302,South East Technological University,FALSE,2026,302,8,Business and administration
International Business [Waterford],SE412,290,South East Technological University,FALSE,2026,290,8,Business and administration
Business Information Systems [Waterford],SE413,305,South East Technological University,FALSE,2026,305,8,Business and administration
Science [Carlow],SE500,297,South East Technological University,FALSE,2026,297,8,Biological and related sciences
Science [Waterford],SE501,308,South East Technological University,FALSE,2026,308,8,Biological and related sciences
Agricultural Science [Waterford],SE502,368,South East Technological University,FALSE,2026,368,8,Agriculture
Sustainable Farm Management and Agribusiness [Wexford],SE503,292,South East Technological University,FALSE,2026,292,8,Agriculture
Pharmaceutical Science [Waterford],SE504,300,South East Technological University,FALSE,2026,300,8,Physical sciences
Applied Microbiology [Carlow],SE519,327,South East Technological University,FALSE,2026,327,8,Biological and related sciences
Brewing and Distilling [Carlow],SE521,357,South East Technological University,FALSE,2026,357,8,Manufacturing and processing
Pharmacy [Waterford],SE525,544,South East Technological University,FALSE,2026,544,8,Health
Veterinary Medicine Portfolio [Waterford],SE526,566,South East Technological University,FALSE,2026,566,8,Veterinary
Forestry [Waterford],SE527,301,South East Technological University,FALSE,2026,301,8,Forestry
Horticulture [Waterford],SE528,310,South East Technological University,FALSE,2026,310,8,Agriculture
Agriculture [Waterford],SE529,337,South East Technological University,FALSE,2026,337,8,Agriculture
Computer Science [Waterford],SE600,306,South East Technological University,FALSE,2026,306,8,Information and Communication Technologies (ICTs)
Information Technology Management [Carlow],SE601,325,South East Technological University,FALSE,2026,325,8,Information and Communication Technologies (ICTs)
Computer Forensics and Security [Waterford],SE602,328,South East Technological University,FALSE,2026,328,8,Information and Communication Technologies (ICTs)
Software Development [Carlow],SE603,328,South East Technological University,FALSE,2026,328,8,Information and Communication Technologies (ICTs)
Software Systems Development [Waterford],SE604,323,South East Technological University,FALSE,2026,323,8,Information and Communication Technologies (ICTs)
Creative Computing [Waterford],SE605,342,South East Technological University,FALSE,2026,342,8,Information and Communication Technologies (ICTs)
Cyber Crime and IT Security [Carlow],SE606,312,South East Technological University,FALSE,2026,312,8,Information and Communication Technologies (ICTs)
Computer Games Development [Carlow],SE607,304,South East Technological University,FALSE,2026,304,8,Information and Communication Technologies (ICTs)
Computing in Interactive Digital Art and Design [Carlow],SE608,330,South East Technological University,FALSE,2026,330,8,Arts
Engineering [Waterford],SE700,309,South East Technological University,FALSE,2026,309,8,Engineering and engineering trades
Architecture [Waterford - Granary],SE701,420,South East Technological University,FALSE,2026,420,8,Architecture and construction
Architectural Technology [Carlow],SE702,332,South East Technological University,FALSE,2026,332,8,Architecture and construction
Architectural and Building Information Modelling Technology [Waterford -,SE703,317,South East Technological University,FALSE,2026,317,8,Architecture and construction
Quantity Surveying [Waterford],SE704,291,South East Technological University,FALSE,2026,291,8,Architecture and construction
Quantity Surveying [Carlow],SE705,328,South East Technological University,FALSE,2026,328,8,Architecture and construction
Construction Management [Carlow],SE706,310,South East Technological University,FALSE,2026,310,8,Architecture and construction
Construction Management and Engineering [Waterford],SE707,281,South East Technological University,FALSE,2026,281,8,Architecture and construction
Electronic Engineering [Carlow],SE708,334,South East Technological University,FALSE,2026,334,8,Engineering and engineering trades
Biomedical Electronics [Carlow],SE709,289,South East Technological University,FALSE,2026,289,8,Engineering and engineering trades
Robotics and Automated Systems [Carlow],SE710,350,South East Technological University,FALSE,2026,350,8,Engineering and engineering trades
Mechanical Engineering [Carlow],SE711,465,South East Technological University,FALSE,2026,465,8,Engineering and engineering trades
Mechanical and Manufacturing Engineering [Waterford],SE712,272,South East Technological University,FALSE,2026,272,8,Engineering and engineering trades
Civil Engineering [Carlow],SE713,415,South East Technological University,FALSE,2026,415,8,Architecture and construction
Aerospace Engineering [Carlow],SE714,485,South East Technological University,FALSE,2026,485,8,Engineering and engineering trades
Health Sciences [Waterford],SE900,308,South East Technological University,FALSE,2026,308,8,Health
Sport Rehabilitation and Athletic Therapy [Carlow],SE901,500,South East Technological University,FALSE,2026,500,8,Health
Exercise Sciences [Waterford],SE902,281,South East Technological University,FALSE,2026,281,8,Personal services
Strength and Conditioning [Carlow],SE903,356,South East Technological University,FALSE,2026,356,8,Health
Sports Coaching and Performance [Waterford],SE904,280,South East Technological University,FALSE,2026,280,8,Personal services
Sport and Exercise Science [Carlow],SE905,436,South East Technological University,FALSE,2026,436,8,Personal services
Recreation and Sport Management [Waterford],SE906,291,South East Technological University,FALSE,2026,291,8,Personal services
Sports Management and Coaching (Gaelic Games) [Portfolio] [Carlow],SE907,700,South East Technological University,FALSE,2026,700,8,Personal services
Sports Management and Coaching (Rugby) [Portfolio] [Carlow],SE908,700,South East Technological University,FALSE,2026,700,8,Personal services
Sports Management and Coaching (Football) [Portfolio] [Carlow],SE909,700,South East Technological University,FALSE,2026,700,8,Personal services
"Sport, Business and Coaching [Carlow]",SE910,306,South East Technological University,FALSE,2026,306,8,Personal services
Early Childhood Care and Education [Waterford - College Street],SE911,270,South East Technological University,FALSE,2026,270,8,Welfare
Early Childhood Education and Practice [Wexford],SE912,228,South East Technological University,FALSE,2026,228,8,Welfare
Early Childhood Education and Practice [Carlow],SE913,308,South East Technological University,FALSE,2026,308,8,Welfare
Psychiatric Nursing [Waterford],SE914,356,South East Technological University,FALSE,2026,356,8,Health
General Nursing [Waterford],SE915,409,South East Technological University,FALSE,2026,409,8,Health
Intellectual Disability Nursing [Waterford],SE916,308,South East Technological University,FALSE,2026,308,8,Health
Applied Social Studies in Professional Social Care [Wexford],SE917,288,South East Technological University,FALSE,2026,288,8,Welfare
Professional Social Care Practice [Carlow],SE918,261,South East Technological University,FALSE,2026,261,8,Welfare
Social Care Practice [Waterford - College Street],SE919,260,South East Technological University,FALSE,2026,260,8,Welfare
Social Science [Waterford],SE920,309,South East Technological University,FALSE,2026,309,8,Welfare
Hospitality Management [Waterford],SE921,303,South East Technological University,FALSE,2026,303,8,Personal services
Tourism and Event Management [Wexford],SE922,228,South East Technological University,FALSE,2026,228,8,Personal services
Culinary Arts [Waterford],SE923,236,South East Technological University,FALSE,2026,236,8,Personal services
Software Development [Cork],MT800,420,Munster Technological University,FALSE,2026,420,8,Information and Communication Technologies (ICTs)
Computer Systems [Cork],MT802,341,Munster Technological University,FALSE,2026,341,8,Information and Communication Technologies (ICTs)
Computing (Common Entry) [Kerry],MT803,317,Munster Technological University,FALSE,2026,317,8,Information and Communication Technologies (ICTs)
IT Management and Cybersecurity [Cork],MT805,357,Munster Technological University,FALSE,2026,357,8,Information and Communication Technologies (ICTs)
Animation and Visual Storytelling (Portfolio) [Kerry],MT811,400,Munster Technological University,FALSE,2026,400,8,Arts
"Contemporary Applied Art (Ceramics, Glass, Textiles ) [Portfolio] [CCAD",MT820,300,Munster Technological University,FALSE,2026,300,8,Arts
Fine Art [Portfolio] [CCAD Sharman Crawford Street],MT821,300,Munster Technological University,FALSE,2026,300,8,Arts
Photography with New Media [CCAD Envision Centre],MT822,264,Munster Technological University,FALSE,2026,264,8,Arts
Visual Communications [Portfolio] [CCAD Cork],MT823,240,Munster Technological University,FALSE,2026,240,8,Arts
Creative Digital Media [CCAD Cork],MT824,346,Munster Technological University,FALSE,2026,346,8,Arts
Engineering (Common Entry) [Cork],MT830,499,Munster Technological University,FALSE,2026,499,8,Engineering and engineering trades
Structural Engineering [Cork],MT831,412,Munster Technological University,FALSE,2026,412,8,Architecture and construction
Civil Engineering [Kerry],MT832,356,Munster Technological University,FALSE,2026,356,8,Architecture and construction
Instrument Engineering [Cork],MT833,347,Munster Technological University,FALSE,2026,347,8,Physical sciences
Mechanical and Manufacturing Engineering [Portfolio] [Kerry],MT834,748,Munster Technological University,FALSE,2026,748,8,Engineering and engineering trades
Mechanical Engineering [Cork],MT836,465,Munster Technological University,FALSE,2026,465,8,Engineering and engineering trades
Sustainable Energy Engineering [Cork],MT837,409,Munster Technological University,FALSE,2026,409,8,Environment
Chemical and Biopharmaceutical Engineering [Cork],MT838,487,Munster Technological University,FALSE,2026,487,8,Engineering and engineering trades
Biomedical Engineering [Cork],MT839,465,Munster Technological University,FALSE,2026,465,8,Health
Smart Product Engineering [Cork],MT844,392,Munster Technological University,FALSE,2026,392,8,Engineering and engineering trades
Electrical Engineering [Cork],MT845,392,Munster Technological University,FALSE,2026,392,8,Engineering and engineering trades
Electronic Engineering [Cork],MT846,350,Munster Technological University,FALSE,2026,350,8,Engineering and engineering trades
Automotive Business Management and Technology [Cork],MT847,328,Munster Technological University,FALSE,2026,328,8,Transport services
Construction Management [Cork],MT856,390,Munster Technological University,FALSE,2026,390,8,Architecture and construction
Quantity Surveying [Cork],MT857,425,Munster Technological University,FALSE,2026,425,8,Architecture and construction
Architectural Technology [Cork],MT859,378,Munster Technological University,FALSE,2026,378,8,Architecture and construction
Interior Architecture [Cork],MT860,400,Munster Technological University,FALSE,2026,400,8,Architecture and construction
Physical Sciences (Common Entry) [Cork],MT870,336,Munster Technological University,FALSE,2026,336,8,Physical sciences
Biomedical Science (offered jointly MTU Cork Campus and UCC) [Cork and U,MT871,555,Munster Technological University,FALSE,2026,555,8,Biological and related sciences
Pharmaceutical Science (Degree Award option: Biopharmaceutics) [Kerry],MT872,328,Munster Technological University,FALSE,2026,328,8,Physical sciences
Pharmaceutical Biotechnology [Cork],MT873,441,Munster Technological University,FALSE,2026,441,8,Biological and related sciences
Analytical Chemistry with Quality Assurance [Cork],MT874,351,Munster Technological University,FALSE,2026,351,8,Physical sciences
Biological Sciences (Common Entry) [Cork],MT875,444,Munster Technological University,FALSE,2026,444,8,Biological and related sciences
Nutrition and Health Science [Cork],MT876,389,Munster Technological University,FALSE,2026,389,8,Health
Agricultural Science [Kerry],MT877,308,Munster Technological University,FALSE,2026,308,8,Biological and related sciences
Environmental Science and Sustainable Technology [Cork],MT878,317,Munster Technological University,FALSE,2026,317,8,Environment
Agri-Biosciences [Cork],MT879,350,Munster Technological University,FALSE,2026,350,8,"Interdisciplinary programmes and qualifications involving agriculture, forestry and veterinary"
Wildlife Biology [Kerry],MT880,375,Munster Technological University,FALSE,2026,375,8,Environment
Veterinary Bioscience [Kerry],MT881,326,Munster Technological University,FALSE,2026,326,8,Veterinary
Physical Education Studies with Business [Kerry],MT906,369,Munster Technological University,FALSE,2026,369,8,Education
Sport and Exercise Management [Cork],MT910,387,Munster Technological University,FALSE,2026,387,8,Personal services
"Health, Sport and Exercise Sciences [Kerry]",MT911,317,Munster Technological University,FALSE,2026,317,8,Personal services
Health and Exercise Sciences with Massage Therapy [Kerry],MT912,318,Munster Technological University,FALSE,2026,318,8,Personal services
Coaching Science and Sports Pedagogy [Cork],MT915,388,Munster Technological University,FALSE,2026,388,8,Personal services
Counselling with Addiction (Mature applicants only - Delivered in Galile   #,MT925,,Munster Technological University,FALSE,2026,,8,Welfare
General Nursing [Kerry],MT926,390,Munster Technological University,FALSE,2026,390,8,Health
Mental Health Nursing [Kerry],MT927,347,Munster Technological University,FALSE,2026,347,8,Health
Food Business [Cork],MT929,339,Munster Technological University,FALSE,2026,339,8,Business and administration
Home Economics and Business (First three years in MTU; Final two years i,MT930,456,Munster Technological University,FALSE,2026,456,8,Education
Popular Music - Electric Guitar (entrance assessment) [Cork School of Mu,MT931,379,Munster Technological University,FALSE,2026,379,8,Arts
Popular Music - Electric Bass (entrance assessment) [Cork School of Musi,MT932,452,Munster Technological University,FALSE,2026,452,8,Arts
Popular Music - Keyboards (entrance assessment) [Cork School of Music],MT933,407,Munster Technological University,FALSE,2026,407,8,Arts
Popular Music - Drums (entrance assessment) [Cork School of Music],MT934,402,Munster Technological University,FALSE,2026,402,8,Arts
Popular Music - Voice (entrance assessment) [Cork School of Music],MT935,448,Munster Technological University,FALSE,2026,448,8,Arts
Music (entrance assessment) [Cork School of Music],MT936,372,Munster Technological University,FALSE,2026,372,8,Arts
Musical Theatre (entrance assessment) [Cork School of Music],MT938,417,Munster Technological University,FALSE,2026,417,8,Arts
Theatre and Drama Studies (entrance assessment) [Cork School of Music],MT939,402,Munster Technological University,FALSE,2026,402,8,Arts
Event Management (3 Year Programme) [Kerry],MT940,289,Munster Technological University,FALSE,2026,289,8,Personal services
Business (Common Entry) [Kerry],MT941,301,Munster Technological University,FALSE,2026,301,8,Business and administration
Accounting [Cork],MT942,307,Munster Technological University,FALSE,2026,307,8,Business and administration
Marketing [Cork],MT943,319,Munster Technological University,FALSE,2026,319,8,Business and administration
Business Information Systems [Cork],MT944,359,Munster Technological University,FALSE,2026,359,8,Business and administration
International Business with Language [Cork],MT945,347,Munster Technological University,FALSE,2026,347,8,Business and administration
Global Business and Pilot Studies [Cork],MT946,346,Munster Technological University,FALSE,2026,346,8,Business and administration
Tourism Management [Cork],MT947,260,Munster Technological University,FALSE,2026,260,8,Personal services
Hospitality Management [Cork],MT948,302,Munster Technological University,FALSE,2026,302,8,Personal services
Culinary Leadership and Management [Cork],MT949,306,Munster Technological University,FALSE,2026,306,8,Business and administration
Business Technology and Communications [Cork],MT951,300,Munster Technological University,FALSE,2026,300,8,Business and administration
Montessori Education [Cork],MT970,347,Munster Technological University,FALSE,2026,347,8,Education
Early Childhood Education and Care [Kerry],MT971,307,Munster Technological University,FALSE,2026,307,8,Welfare
Early Childhood Education and Care [Cork],MT972,348,Munster Technological University,FALSE,2026,348,8,Welfare
Social Care [Kerry],MT974,308,Munster Technological University,FALSE,2026,308,8,Welfare
Sustainability,CK010,404,University College Cork (NUI),FALSE,2026,404,8,Environment
Arts - 3 years,CK101,300,University College Cork (NUI),FALSE,2026,300,8,Arts
Social Science - 3 years or 4 years (International Pathway),CK102,429,University College Cork (NUI),FALSE,2026,429,8,Social and behavioural sciences
Arts - Music - 3 years or 4 years  (BMus or Chinese/European/Internation,CK104,367,University College Cork (NUI),FALSE,2026,367,8,Arts
Film and Screen Media - 3 years or 4 years (International Pathway),CK105,382,University College Cork (NUI),FALSE,2026,382,8,Arts
Arts International - 4 years,CK108,390,University College Cork (NUI),FALSE,2026,390,8,Languages
English - 3 years or 4 years (International Pathway),CK109,353,University College Cork (NUI),FALSE,2026,353,8,Languages
World Languages,CK110,404,University College Cork (NUI),FALSE,2026,404,8,Languages
Early Years and Childhood Studies,CK111,387,University College Cork (NUI),FALSE,2026,387,8,Welfare
Theatre and Performative Practices - 3 years or 4 years (International P,CK112,363,University College Cork (NUI),FALSE,2026,363,8,Arts
Criminology - 3 years or 4 years (International Pathway),CK113,418,University College Cork (NUI),FALSE,2026,418,8,Social and behavioural sciences
Social Science (Youth and Community Work) [Interview],CK114,300,University College Cork (NUI),FALSE,2026,300,8,Welfare
Social Work - Mature Applicants only,CK115,,University College Cork (NUI),FALSE,2026,,8,Welfare
Digital Humanities and Information Technology - 3 years or 4 years (Work,CK118,328,University College Cork (NUI),FALSE,2026,328,8,Arts
Applied Psychology,CK120,543,University College Cork (NUI),FALSE,2026,543,8,Social and behavioural sciences
Psychology and Computing - 3 years or 4 years (Work Experience Pathway),CK121,474,University College Cork (NUI),FALSE,2026,474,8,Social and behavioural sciences
Government and Political Science,CK122,426,University College Cork (NUI),FALSE,2026,426,8,Social and behavioural sciences
Anthropology - 3 years or 4 years (International Pathway),CK123,320,University College Cork (NUI),FALSE,2026,320,8,Humanities (except languages)
Education - Gaeilge,CK124,462,University College Cork (NUI),FALSE,2026,462,8,Education
"Physical Education, Sports Studies and Arts",CK125,532,University College Cork (NUI),FALSE,2026,532,8,Education
Commerce,CK201,510,University College Cork (NUI),FALSE,2026,510,8,Business and administration
Accounting,CK202,520,University College Cork (NUI),FALSE,2026,520,8,Business and administration
Business Information Systems,CK203,462,University College Cork (NUI),FALSE,2026,462,8,Information and Communication Technologies (ICTs)
Finance,CK204,577,University College Cork (NUI),FALSE,2026,577,8,Business and administration
Applied Economics,CK212,489,University College Cork (NUI),FALSE,2026,489,8,Social and behavioural sciences
Food Marketing and Entrepreneurship,CK213,445,University College Cork (NUI),FALSE,2026,445,8,Business and administration
International Business with Languages,CK215,445,University College Cork (NUI),FALSE,2026,445,8,Business and administration
Law (Pathways) - 3 years or 4 years,CK301,534,University College Cork (NUI),FALSE,2026,534,8,Law
Law and French,CK302,532,University College Cork (NUI),FALSE,2026,532,8,Law
Law and Irish,CK304,545,University College Cork (NUI),FALSE,2026,545,8,Law
Law and Business,CK307,565,University College Cork (NUI),FALSE,2026,565,8,Law
Computer Science,CK401,384,University College Cork (NUI),FALSE,2026,384,8,Information and Communication Technologies (ICTs)
Biological and Chemical Sciences,CK402,531,University College Cork (NUI),FALSE,2026,531,8,Biological and related sciences
"Biological, Environmental and Geological Sciences",CK404,462,University College Cork (NUI),FALSE,2026,462,8,Biological and related sciences
Genetics,CK405,521,University College Cork (NUI),FALSE,2026,521,8,Biological and related sciences
Chemical Sciences,CK406,510,University College Cork (NUI),FALSE,2026,510,8,Physical sciences
Mathematical Sciences,CK407,589,University College Cork (NUI),FALSE,2026,589,8,Mathematics and statistics
Physics and Astrophysics,CK408,582,University College Cork (NUI),FALSE,2026,582,8,Physical sciences
Data Science and Artificial Intelligence,CK411,456,University College Cork (NUI),FALSE,2026,456,8,Information and Communication Technologies (ICTs)
Agricultural Science,CK412,478,University College Cork (NUI),FALSE,2026,478,8,"Interdisciplinary programmes and qualifications involving agriculture, forestry and veterinary"
Science Education,CK413,474,University College Cork (NUI),FALSE,2026,474,8,Education
Nutritional Sciences,CK504,522,University College Cork (NUI),FALSE,2026,522,8,Biological and related sciences
Food Science,CK505,456,University College Cork (NUI),FALSE,2026,456,8,Manufacturing and processing
Engineering,CK600,540,University College Cork (NUI),FALSE,2026,540,8,Engineering and engineering trades
Architecture - Offered jointly by UCC and MTU,CK606,544,University College Cork (NUI),FALSE,2026,544,8,Architecture and construction
Medicine - Undergraduate Entry [HPAT required],CK701,735,University College Cork (NUI),FALSE,2026,735,8,Health
Dentistry,CK702,625,University College Cork (NUI),FALSE,2026,625,8,Health
Pharmacy,CK703,590,University College Cork (NUI),FALSE,2026,590,8,Health
Occupational Therapy,CK704,566,University College Cork (NUI),FALSE,2026,566,8,Health
Speech and Language Therapy,CK705,555,University College Cork (NUI),FALSE,2026,555,8,Health
Public Health Sciences,CK706,476,University College Cork (NUI),FALSE,2026,476,8,Health
Medical and Health Sciences,CK707,512,University College Cork (NUI),FALSE,2026,512,8,Health
Paramedicine,CK708,499,University College Cork (NUI),FALSE,2026,499,8,Health
General Nursing,CK710,463,University College Cork (NUI),FALSE,2026,463,8,Health
Children`s and General Nursing (Integrated),CK712,523,University College Cork (NUI),FALSE,2026,523,8,Health
Mental Health Nursing,CK720,412,University College Cork (NUI),FALSE,2026,412,8,Health
Intellectual Disability Nursing,CK730,387,University College Cork (NUI),FALSE,2026,387,8,Health
Midwifery,CK740,451,University College Cork (NUI),FALSE,2026,451,8,Health
Medicine (Graduate Entry) [GAMSAT required],CK791,58,University College Cork (NUI),FALSE,2026,58,8,Health
Business - Accounting [Letterkenny],AU300,307,Atlantic Technological University,FALSE,2026,307,8,Business and administration
Business [Letterkenny],AU301,287,Atlantic Technological University,FALSE,2026,287,8,Business and administration
Marketing [Letterkenny],AU302,280,Atlantic Technological University,FALSE,2026,280,8,Business and administration
LLB (Law) [Letterkenny],AU310,301,Atlantic Technological University,FALSE,2026,301,8,Law
Corporate Law [Letterkenny],AU311,307,Atlantic Technological University,FALSE,2026,307,8,Law
Communications with English [Letterkenny],AU312,308,Atlantic Technological University,FALSE,2026,308,8,Arts
Sports and Exercise - Common Entry [Letterkenny],AU320,310,Atlantic Technological University,FALSE,2026,310,8,Personal services
Athletic Therapy and Exercise Rehabilitation [Letterkenny],AU321,388,Atlantic Technological University,FALSE,2026,388,8,Personal services
Hospitality Management [Letterkenny],AU322,307,Atlantic Technological University,FALSE,2026,307,8,Personal services
Animation [Portfolio] [Letterkenny],AU331,302,Atlantic Technological University,FALSE,2026,302,8,Arts
Film and Media Production [Letterkenny],AU332,301,Atlantic Technological University,FALSE,2026,301,8,Arts
Graphic Design and Illustration [Letterkenny],AU333,367,Atlantic Technological University,FALSE,2026,367,8,Arts
Fashion Design with Promotion [Letterkenny],AU334,308,Atlantic Technological University,FALSE,2026,308,8,Arts
Fire Safety Engineering [Letterkenny],AU340,307,Atlantic Technological University,FALSE,2026,307,8,Architecture and construction
Quantity Surveying [Letterkenny],AU341,352,Atlantic Technological University,FALSE,2026,352,8,Architecture and construction
Construction Management [Letterkenny],AU342,300,Atlantic Technological University,FALSE,2026,300,8,Architecture and construction
Architectural Technology [Letterkenny],AU343,333,Atlantic Technological University,FALSE,2026,333,8,Architecture and construction
Mechanical Engineering [Letterkenny],AU350,352,Atlantic Technological University,FALSE,2026,352,8,Engineering and engineering trades
Electronic Engineering [Letterkenny],AU351,312,Atlantic Technological University,FALSE,2026,312,8,Engineering and engineering trades
Electric Vehicle Engineering [Letterkenny],AU354,,Atlantic Technological University,FALSE,2026,,8,Engineering and engineering trades
Applied Computing [Letterkenny],AU360,316,Atlantic Technological University,FALSE,2026,316,8,Information and Communication Technologies (ICTs)
Computer Science [Letterkenny],AU361,309,Atlantic Technological University,FALSE,2026,309,8,Information and Communication Technologies (ICTs)
Cyberpsychology [Letterkenny],AU362,347,Atlantic Technological University,FALSE,2026,347,8,Information and Communication Technologies (ICTs)
Computing and Artificial Intelligence [Letterkenny],AU363,318,Atlantic Technological University,FALSE,2026,318,8,Information and Communication Technologies (ICTs)
Food Science and Nutrition [Letterkenny],AU370,319,Atlantic Technological University,FALSE,2026,319,8,Biological and related sciences
Agriculture - Common Entry [Letterkenny],AU371,320,Atlantic Technological University,FALSE,2026,320,8,Agriculture
Bioanalytical Science [Letterkenny],AU372,341,Atlantic Technological University,FALSE,2026,341,8,Biological and related sciences
Pharmaceutical and Medicinal Science [Letterkenny],AU373,317,Atlantic Technological University,FALSE,2026,317,8,Biological and related sciences
Physiotherapy [Letterkenny],AU374,532,Atlantic Technological University,FALSE,2026,532,8,Health
Veterinary Medicine and Surgery [Letterkenny],AU375,647,Atlantic Technological University,FALSE,2026,647,8,Veterinary
General Nursing [Letterkenny],AU380,372,Atlantic Technological University,FALSE,2026,372,8,Health
Mental Health Nursing [Letterkenny],AU381,278,Atlantic Technological University,FALSE,2026,278,8,Health
Intellectual Disability Nursing [Letterkenny],AU382,272,Atlantic Technological University,FALSE,2026,272,8,Health
"Early Childhood Care, Health and Education [Letterkenny]",AU390,302,Atlantic Technological University,FALSE,2026,302,8,Welfare
Health and Social Care [Letterkenny],AU391,300,Atlantic Technological University,FALSE,2026,300,8,Welfare
Special and Inclusive Education [Letterkenny],AU392,321,Atlantic Technological University,FALSE,2026,321,8,Education
Accounting [Galway],AU600,307,Atlantic Technological University,FALSE,2026,307,8,Business and administration
Business [Galway],AU601,280,Atlantic Technological University,FALSE,2026,280,8,Business and administration
Business Information Systems [Galway],AU602,297,Atlantic Technological University,FALSE,2026,297,8,Information and Communication Technologies (ICTs)
Marketing and Sales [Galway],AU603,307,Atlantic Technological University,FALSE,2026,307,8,Business and administration
Finance and Economics [Galway],AU604,306,Atlantic Technological University,FALSE,2026,306,8,Business and administration
Business with Entrepreneurship [Galway],AU605,300,Atlantic Technological University,FALSE,2026,300,8,Business and administration
Agri-Business Management [Mountbellew],AU606,308,Atlantic Technological University,FALSE,2026,308,8,Agriculture
Digital Accounting [Galway],AU607,323,Atlantic Technological University,FALSE,2026,323,8,Business and administration
Film and Documentary [Galway],AU615,308,Atlantic Technological University,FALSE,2026,308,8,Arts
Communications and Media [Galway],AU616,316,Atlantic Technological University,FALSE,2026,316,8,Arts
Animation and Game Design [Galway],AU617,367,Atlantic Technological University,FALSE,2026,367,8,Arts
Art [Portfolio] [Galway],AU618,489,Atlantic Technological University,FALSE,2026,489,8,Arts
Education (Art and Design and Communication Graphics) [Galway],AU620,400,Atlantic Technological University,FALSE,2026,400,8,Education
Textile and Fashion Design [Galway],AU621,315,Atlantic Technological University,FALSE,2026,315,8,Arts
Interior Design [Galway],AU622,313,Atlantic Technological University,FALSE,2026,313,8,Arts
Graphic Design and Illustration [Galway],AU623,308,Atlantic Technological University,FALSE,2026,308,8,Arts
Product Design [Galway],AU624,300,Atlantic Technological University,FALSE,2026,300,8,Arts
Heritage [Galway],AU625,327,Atlantic Technological University,FALSE,2026,327,8,Social and behavioural sciences
International Tourism Management [Galway],AU628,318,Atlantic Technological University,FALSE,2026,318,8,Personal services
Event Management with Public Relations [Galway],AU629,307,Atlantic Technological University,FALSE,2026,307,8,Personal services
International Hotel and Hospitality Management [Galway],AU630,300,Atlantic Technological University,FALSE,2026,300,8,Personal services
Gastronomy Science and Food Innovation [Galway],AU631,282,Atlantic Technological University,FALSE,2026,282,8,Manufacturing and processing
Construction Management [Galway],AU635,387,Atlantic Technological University,FALSE,2026,387,8,Architecture and construction
Quantity Surveying and Construction Economics [Galway],AU636,390,Atlantic Technological University,FALSE,2026,390,8,Architecture and construction
Architectural Technology [Galway],AU637,372,Atlantic Technological University,FALSE,2026,372,8,Architecture and construction
Civil Engineering [Galway],AU638,451,Atlantic Technological University,FALSE,2026,451,8,Architecture and construction
Software and Electronic Engineering [Galway],AU642,300,Atlantic Technological University,FALSE,2026,300,8,Engineering and engineering trades
Mechanical Engineering [Galway],AU645,462,Atlantic Technological University,FALSE,2026,462,8,Engineering and engineering trades
Energy Engineering [Galway],AU646,360,Atlantic Technological University,FALSE,2026,360,8,Engineering and engineering trades
Biomedical Engineering [Galway],AU647,440,Atlantic Technological University,FALSE,2026,440,8,Engineering and engineering trades
Agricultural Engineering [Galway],AU648,371,Atlantic Technological University,FALSE,2026,371,8,Engineering and engineering trades
Engineering - Common Entry [Galway],AU649,487,Atlantic Technological University,FALSE,2026,487,8,Engineering and engineering trades
Manufacturing Engineering Design [Galway],AU650,313,Atlantic Technological University,FALSE,2026,313,8,Manufacturing and processing
Applied Freshwater and Marine Biology [Galway],AU655,410,Atlantic Technological University,FALSE,2026,410,8,Biological and related sciences
Science - Common Entry [Galway],AU656,370,Atlantic Technological University,FALSE,2026,370,8,Biological and related sciences
Agriculture and Environmental Management [Mountbellew],AU657,320,Atlantic Technological University,FALSE,2026,320,8,Agriculture
Sport and Exercise Science [Galway],AU662,420,Atlantic Technological University,FALSE,2026,420,8,Personal services
Public Health Nutrition [Galway],AU663,357,Atlantic Technological University,FALSE,2026,357,8,Biological and related sciences
Sports Coaching [Galway],AU664,310,Atlantic Technological University,FALSE,2026,310,8,Education
Chemical and Pharmaceutical Science [Galway],AU668,384,Atlantic Technological University,FALSE,2026,384,8,Environment
Forensic Science and Analysis [Galway],AU669,401,Atlantic Technological University,FALSE,2026,401,8,Physical sciences
Applied Biology and Biopharmaceutical Science [Galway],AU670,400,Atlantic Technological University,FALSE,2026,400,8,Biological and related sciences
Medical Science [Galway],AU671,499,Atlantic Technological University,FALSE,2026,499,8,Health
Physics and Instrumentation [Galway],AU675,327,Atlantic Technological University,FALSE,2026,327,8,Physical sciences
Computing in Software Development [Galway],AU676,300,Atlantic Technological University,FALSE,2026,300,8,Information and Communication Technologies (ICTs)
Computing and Digital Media [Galway],AU677,318,Atlantic Technological University,FALSE,2026,318,8,Information and Communication Technologies (ICTs)
"Education (Design, Graphics and Construction) [Letterfrack]",AU680,401,Atlantic Technological University,FALSE,2026,401,8,Education
Furniture Design and Manufacture [Letterfrack],AU681,400,Atlantic Technological University,FALSE,2026,400,8,Arts
Furniture Making and Architectural Woodworking [Letterfrack],AU682,398,Atlantic Technological University,FALSE,2026,398,8,Arts
Furniture Design Making and Technology - Common Entry [Letterfrack],AU683,399,Atlantic Technological University,FALSE,2026,399,8,Arts
General Nursing [Castlebar],AU690,362,Atlantic Technological University,FALSE,2026,362,8,Health
Mental Health Nursing [Castlebar],AU691,270,Atlantic Technological University,FALSE,2026,270,8,Health
Geography and Outdoor Education [Castlebar],AU693,318,Atlantic Technological University,FALSE,2026,318,8,Humanities (except languages)
History and Geography [Castlebar],AU694,306,Atlantic Technological University,FALSE,2026,306,8,Humanities (except languages)
Early Childhood Education and Care [Castlebar],AU695,306,Atlantic Technological University,FALSE,2026,306,8,Education
Applied Social Care [Castlebar],AU696,300,Atlantic Technological University,FALSE,2026,300,8,Welfare
Psychology [Castlebar],AU698,356,Atlantic Technological University,FALSE,2026,356,8,Social and behavioural sciences
Outdoor and Environmental Education - Common Entry [Castlebar],AU699,357,Atlantic Technological University,FALSE,2026,357,8,Personal services
Business [Sligo],AU900,285,Atlantic Technological University,FALSE,2026,285,8,Business and administration
Business and ICT [Sligo],AU901,307,Atlantic Technological University,FALSE,2026,307,8,Business and administration
Accounting [Sligo],AU902,316,Atlantic Technological University,FALSE,2026,316,8,Business and administration
Sport with Business [Sligo],AU903,307,Atlantic Technological University,FALSE,2026,307,8,Personal services
Marketing [Sligo],AU904,307,Atlantic Technological University,FALSE,2026,307,8,Business and administration
Tourism and Event Management [Sligo],AU905,300,Atlantic Technological University,FALSE,2026,300,8,Personal services
Business and Irish [Sligo and St Angela`s],AU906,,Atlantic Technological University,FALSE,2026,,8,Languages
Law and Business [Sligo],AU915,307,Atlantic Technological University,FALSE,2026,307,8,Law
Sociology and Politics [Sligo],AU916,306,Atlantic Technological University,FALSE,2026,306,8,Social and behavioural sciences
English and Psychology - Common Entry [Sligo],AU917,351,Atlantic Technological University,FALSE,2026,351,8,Social and behavioural sciences
Social Care Practice [Sligo],AU918,300,Atlantic Technological University,FALSE,2026,300,8,Welfare
Early Education and Care [Sligo],AU919,304,Atlantic Technological University,FALSE,2026,304,8,Welfare
Architecture [Sligo],AU925,410,Atlantic Technological University,FALSE,2026,410,8,Architecture and construction
Interior Architecture and Design [Sligo],AU926,400,Atlantic Technological University,FALSE,2026,400,8,Architecture and construction
Creative Design [Sligo],AU927,300,Atlantic Technological University,FALSE,2026,300,8,Arts
Fine Art [Portfolio] [Sligo],AU928,357,Atlantic Technological University,FALSE,2026,357,8,Arts
Writing and Literature [Sligo],AU929,306,Atlantic Technological University,FALSE,2026,306,8,Languages
Writing and Literature (online) [Sligo],AU930,326,Atlantic Technological University,FALSE,2026,326,8,Languages
Performing Arts [Sligo],AU931,327,Atlantic Technological University,FALSE,2026,327,8,Arts
Engineering - Common  Entry [Sligo],AU940,401,Atlantic Technological University,FALSE,2026,401,8,Engineering and engineering trades
Mechanical Engineering [Sligo],AU943,356,Atlantic Technological University,FALSE,2026,356,8,Engineering and engineering trades
Civil Engineering [Sligo],AU944,444,Atlantic Technological University,FALSE,2026,444,8,Architecture and construction
Quantity Surveying [Sligo],AU945,353,Atlantic Technological University,FALSE,2026,353,8,Architecture and construction
Construction Project Management and Applied Technology [Sligo],AU946,300,Atlantic Technological University,FALSE,2026,300,8,Architecture and construction
Computing - Common Entry [Sligo],AU955,304,Atlantic Technological University,FALSE,2026,304,8,Information and Communication Technologies (ICTs)
Computer Networks and Cyber Security [Sligo],AU956,300,Atlantic Technological University,FALSE,2026,300,8,Information and Communication Technologies (ICTs)
Software Development [Sligo],AU957,329,Atlantic Technological University,FALSE,2026,329,8,Information and Communication Technologies (ICTs)
Science - Common Entry [Sligo],AU965,367,Atlantic Technological University,FALSE,2026,367,8,Biological and related sciences
Environmental Science with Ecology [Sligo],AU966,322,Atlantic Technological University,FALSE,2026,322,8,Environment
Occupational Safety and Health [Sligo],AU967,316,Atlantic Technological University,FALSE,2026,316,8,Hygiene and occupational health services
Biomedical Science [Sligo],AU969,341,Atlantic Technological University,FALSE,2026,341,8,Health
Forensic Investigation and Analysis [Sligo],AU970,311,Atlantic Technological University,FALSE,2026,311,8,Biological and related sciences
Health Science and Physical Activity [Sligo],AU971,361,Atlantic Technological University,FALSE,2026,361,8,Health
Human Nutrition [Sligo],AU972,356,Atlantic Technological University,FALSE,2026,356,8,Health
Clinical Measurement Physiology [Sligo],AU973,498,Atlantic Technological University,FALSE,2026,498,8,Health
Pharmacy [Sligo],AU975,544,Atlantic Technological University,FALSE,2026,544,8,Health
Pharmaceutical Science with Drug Development [Sligo],AU976,337,Atlantic Technological University,FALSE,2026,337,8,Health
"Education, Home Economics and Biology - with concurrent Teacher Educatio",AU985,465,Atlantic Technological University,FALSE,2026,465,8,Education
"Education, Home Economics and Religious Ed - with concurrent Teacher Edu",AU986,400,Atlantic Technological University,FALSE,2026,400,8,Education
"Education, Home Economics and Irish - with concurrent Teacher Education",AU987,400,Atlantic Technological University,FALSE,2026,400,8,Education
"Education, Home Economics - with concurrent Teacher Education [Sligo, St",AU988,414,Atlantic Technological University,FALSE,2026,414,8,Education
"Nutrition, Food and Business Management [Sligo, St Angela`s]",AU989,336,Atlantic Technological University,FALSE,2026,336,8,Business and administration
"Home Economics [Sligo, St Angela`s]",AU990,318,Atlantic Technological University,FALSE,2026,318,8,Biological and related sciences
"General Nursing [Sligo, St Angela`s]",AU991,382,Atlantic Technological University,FALSE,2026,382,8,Health
"Intellectual Disability Nursing [Sligo, St Angela`s]",AU992,280,Atlantic Technological University,FALSE,2026,280,8,Health
International Business,AC120,280,American College,FALSE,2026,280,8,Business and administration
Liberal Arts,AC137,279,American College,FALSE,2026,279,8,Humanities (except languages)
Computing and IT,CT125,252,CCT College Dublin,FALSE,2026,252,8,Information and Communication Technologies (ICTs)
Business,CT325,299,CCT College Dublin,FALSE,2026,299,8,Business and administration
Education - Primary Teaching,CM001,462,Marino Institute of Education,FALSE,2026,462,8,Education
Education - Primary Teaching - Gaeltacht Applicants,CM002,432,Marino Institute of Education,FALSE,2026,432,8,Education
Oideachas - Bunmh inteoireacht - Tr  Mhe n na Gaeilge (TEG),CM003,503,Marino Institute of Education,FALSE,2026,503,8,Education
Oideachas - Bunmh inteoireacht - Tr  Mhe n na Gaeilge (dalta  Gaeltachta,CM004,470,Marino Institute of Education,FALSE,2026,470,8,Education
Education Studies,CM010,316,Marino Institute of Education,FALSE,2026,316,8,Education
Early Childhood Education,CM020,346,Marino Institute of Education,FALSE,2026,346,8,Education
Computing,DB500,244,Dublin Business School,FALSE,2026,244,8,Information and Communication Technologies (ICTs)
Audio Production and Music Project Management,DB510,228,Dublin Business School,FALSE,2026,228,8,Arts
Business Studies,DB512,263,Dublin Business School,FALSE,2026,263,8,Business and administration
Business Studies (Law),DB514,279,Dublin Business School,FALSE,2026,279,8,Business and administration
Business Studies (Human Resource Management),DB515,251,Dublin Business School,FALSE,2026,251,8,Business and administration
Business (Supply Chain Management),DB516,,Dublin Business School,FALSE,2026,,8,Business and administration
Marketing (Event Management),DB517,260,Dublin Business School,FALSE,2026,260,8,Business and administration
Marketing (Digital Marketing),DB518,261,Dublin Business School,FALSE,2026,261,8,Business and administration
Global Business,DB520,240,Dublin Business School,FALSE,2026,240,8,Business and administration
Accounting and Finance,DB521,244,Dublin Business School,FALSE,2026,244,8,Business and administration
Business (Information Systems),DB524,279,Dublin Business School,FALSE,2026,279,8,Information and Communication Technologies (ICTs)
Marketing,DB531,327,Dublin Business School,FALSE,2026,327,8,Business and administration
Sustainability,DB535,389,Dublin Business School,FALSE,2026,389,8,Environment
Psychology,DB562,245,Dublin Business School,FALSE,2026,245,8,Social and behavioural sciences
Social Science,DB566,246,Dublin Business School,FALSE,2026,246,8,Social and behavioural sciences
Film and Creative Media,DB567,271,Dublin Business School,FALSE,2026,271,8,Arts
Law,DB568,244,Dublin Business School,FALSE,2026,244,8,Law
Business (Psychology),DB569,262,Dublin Business School,FALSE,2026,262,8,Business and administration
Education in Early Childhood,DC001,410,Dublin City University,FALSE,2026,410,8,Education
Education - Primary Teaching,DC002,473,Dublin City University,FALSE,2026,473,8,Education
Education - Primary Teaching - Gaeltacht Applicants [Interview],DC003,420,Dublin City University,FALSE,2026,420,8,Education
Education - Primary Teaching - CIC (Church of Ireland Centre formerly CI,DC004,404,Dublin City University,FALSE,2026,404,8,Education
Arts: Joint Honours (Humanities),DC009,390,Dublin City University,FALSE,2026,390,8,Arts
Post Primary Teacher Education - Religious Education and English,DC010,410,Dublin City University,FALSE,2026,410,8,Education
Post Primary Teacher Education - Religious Education and History,DC011,420,Dublin City University,FALSE,2026,420,8,Education
Post Primary Teacher Education - Religious Education and Music,DC012,440,Dublin City University,FALSE,2026,440,8,Education
"Post Primary Teacher Education - Gaeilge and French, German or Spanish",DC013,423,Dublin City University,FALSE,2026,423,8,Education
Jazz and Contemporary Music Performance [Audition],DC014,367,Dublin City University,FALSE,2026,367,8,Arts
"Post Primary Teacher Education -  Technology, Engineering and Graphics",DC015,420,Dublin City University,FALSE,2026,420,8,Education
Post Primary Teaching - Home Economics and Technology,DC016,421,Dublin City University,FALSE,2026,421,8,Education
Business Studies International,DC110,477,Dublin City University,FALSE,2026,477,8,Business and administration
Business Studies,DC111,497,Dublin City University,FALSE,2026,497,8,Business and administration
Global Business (France),DC112,500,Dublin City University,FALSE,2026,500,8,Business and administration
Global Business (Germany),DC113,435,Dublin City University,FALSE,2026,435,8,Business and administration
Global Business (Spain),DC114,543,Dublin City University,FALSE,2026,543,8,Business and administration
Accounting and Finance,DC115,509,Dublin City University,FALSE,2026,509,8,Business and administration
Global Business (USA),DC116,602,Dublin City University,FALSE,2026,602,8,Business and administration
Aviation Management / Aviation Management with Pilot Studies/Aviation Ma,DC117,466,Dublin City University,FALSE,2026,466,8,Business and administration
Gn  agus Gaeilge / Business and Irish,DC118,381,Dublin City University,FALSE,2026,381,8,Business and administration
Global Business (Canada),DC119,544,Dublin City University,FALSE,2026,544,8,Business and administration
Computing for Business,DC120,354,Dublin City University,FALSE,2026,354,8,Information and Communication Technologies (ICTs)
Computer Science,DC121,443,Dublin City University,FALSE,2026,443,8,Information and Communication Technologies (ICTs)
Data Science and Artificial Intelligence,DC123,489,Dublin City University,FALSE,2026,489,8,Information and Communication Technologies (ICTs)
Actuarial Mathematics,DC126,578,Dublin City University,FALSE,2026,578,8,Mathematics and statistics
Common Entry into Actuarial and Financial Mathematics,DC127,543,Dublin City University,FALSE,2026,543,8,Mathematics and statistics
Communication Studies,DC131,378,Dublin City University,FALSE,2026,378,8,Journalism and information
Journalism,DC132,410,Dublin City University,FALSE,2026,410,8,Journalism and information
Multimedia,DC133,348,Dublin City University,FALSE,2026,348,8,Arts
Applied Language and Translation Studies,DC155,358,Dublin City University,FALSE,2026,358,8,Languages
Chemistry with Artificial Intelligence,DC160,413,Dublin City University,FALSE,2026,413,8,Physical sciences
Analytical Science,DC161,440,Dublin City University,FALSE,2026,440,8,Physical sciences
Chemical and Pharmaceutical Sciences,DC162,500,Dublin City University,FALSE,2026,500,8,Physical sciences
Chemical Sciences (General Entry),DC163,409,Dublin City University,FALSE,2026,409,8,Physical sciences
Environmental Science and Technology,DC166,434,Dublin City University,FALSE,2026,434,8,Environment
Genetics and Cell Biology,DC168,509,Dublin City University,FALSE,2026,509,8,Biological and related sciences
Physics (General Entry),DC175,440,Dublin City University,FALSE,2026,440,8,Physical sciences
Biological Sciences (General Entry),DC180,477,Dublin City University,FALSE,2026,477,8,Biological and related sciences
Biotechnology,DC181,510,Dublin City University,FALSE,2026,510,8,Biological and related sciences
Electronic and Computer Engineering,DC190,544,Dublin City University,FALSE,2026,544,8,Engineering and engineering trades
Mechatronic Engineering,DC193,543,Dublin City University,FALSE,2026,543,8,Engineering and engineering trades
Mechanical and Sustainability Engineering,DC194,542,Dublin City University,FALSE,2026,542,8,Environment
Mechanical and Manufacturing Engineering,DC195,552,Dublin City University,FALSE,2026,552,8,Engineering and engineering trades
Biomedical Engineering,DC197,543,Dublin City University,FALSE,2026,543,8,Manufacturing and processing
Common Entry into Engineering (Undenominated Entry),DC200,555,Dublin City University,FALSE,2026,555,8,Engineering and engineering trades
Sport Science and Health,DC202,519,Dublin City University,FALSE,2026,519,8,Health
Science and Mathematics Education,DC203,467,Dublin City University,FALSE,2026,467,8,Education
Athletic Therapy and Training,DC204,544,Dublin City University,FALSE,2026,544,8,Health
Physical Education with Biology,DC205,532,Dublin City University,FALSE,2026,532,8,Education
Physical Education with Mathematics,DC206,509,Dublin City University,FALSE,2026,509,8,Education
Psychology and Mathematics,DC207,498,Dublin City University,FALSE,2026,498,8,Social and behavioural sciences
Psychology,DC208,532,Dublin City University,FALSE,2026,532,8,Social and behavioural sciences
Health and Society,DC209,465,Dublin City University,FALSE,2026,465,8,Health
Psychology and Disruptive Technologies,DC210,487,Dublin City University,FALSE,2026,487,8,Social and behavioural sciences
General Nursing,DC215,440,Dublin City University,FALSE,2026,440,8,Health
Mental Health Nursing,DC216,388,Dublin City University,FALSE,2026,388,8,Health
Intellectual Disability Nursing,DC217,362,Dublin City University,FALSE,2026,362,8,Health
Children`s and General Nursing (Integrated),DC218,498,Dublin City University,FALSE,2026,498,8,Health
"Economics, Politics and Law",DC230,462,Dublin City University,FALSE,2026,462,8,Social and behavioural sciences
International Relations,DC231,415,Dublin City University,FALSE,2026,415,8,Social and behavioural sciences
Civil Law (BCL),DC232,496,Dublin City University,FALSE,2026,496,8,Law
Education and Training,DC235,347,Dublin City University,FALSE,2026,347,8,Education
Social Sciences and Cultural Innovation,DC238,342,Dublin City University,FALSE,2026,342,8,Humanities (except languages)
"Marketing, Innovation and Technology",DC240,465,Dublin City University,FALSE,2026,465,8,Business and administration
Digital Business and Innovation,DC241,452,Dublin City University,FALSE,2026,452,8,Business and administration
Arts: Joint Honours (Media Studies),DC291,362,Dublin City University,FALSE,2026,362,8,Arts
Arts: Joint Honours (Law),DC292,413,Dublin City University,FALSE,2026,413,8,Arts
Arts: Joint Honours (International Languages),DC293,347,Dublin City University,FALSE,2026,347,8,Arts
Climate and Environmental Sustainability,DC294,400,Dublin City University,FALSE,2026,400,8,Environment
Arts: Joint Honours (Politics),DC295,387,Dublin City University,FALSE,2026,387,8,Arts
Arts Management,DL822,194,Dun Laoghaire Institute of Art  Design and Technology,FALSE,2026,194,8,Business and administration
Business Management,DL823,217,Dun Laoghaire Institute of Art  Design and Technology,FALSE,2026,217,8,Business and administration
Applied Psychology,DL825,400,Dun Laoghaire Institute of Art  Design and Technology,FALSE,2026,400,8,Social and behavioural sciences
Graphic Design [Portfolio],DL826,573,Dun Laoghaire Institute of Art  Design and Technology,FALSE,2026,573,8,Arts
Art [Portfolio],DL827,501,Dun Laoghaire Institute of Art  Design and Technology,FALSE,2026,501,8,Arts
Animation [Portfolio],DL832,932,Dun Laoghaire Institute of Art  Design and Technology,FALSE,2026,932,8,Arts
Photography and Visual Media [Portfolio],DL833,744,Dun Laoghaire Institute of Art  Design and Technology,FALSE,2026,744,8,Arts
Creative Computing,DL836,237,Dun Laoghaire Institute of Art  Design and Technology,FALSE,2026,237,8,Information and Communication Technologies (ICTs)
New Media Studies,DL837,222,Dun Laoghaire Institute of Art  Design and Technology,FALSE,2026,222,8,Arts
Creative Music Production [Audition],DL838,671,Dun Laoghaire Institute of Art  Design and Technology,FALSE,2026,671,8,Arts
Digital Marketing,DL840,252,Dun Laoghaire Institute of Art  Design and Technology,FALSE,2026,252,8,Business and administration
Film [Portfolio],DL843,913,Dun Laoghaire Institute of Art  Design and Technology,FALSE,2026,913,8,Arts
Television [Portfolio],DL844,702,Dun Laoghaire Institute of Art  Design and Technology,FALSE,2026,702,8,Arts
Design for Film [Portfolio],DL845,783,Dun Laoghaire Institute of Art  Design and Technology,FALSE,2026,783,8,Arts
3D Animation [Portfolio],DL847,693,Dun Laoghaire Institute of Art  Design and Technology,FALSE,2026,693,8,Arts
Business and Digital Technology,DL848,210,Dun Laoghaire Institute of Art  Design and Technology,FALSE,2026,210,8,Business and administration
English and Media Studies,DL849,241,Dun Laoghaire Institute of Art  Design and Technology,FALSE,2026,241,8,Arts
Game Design,DL854,408,Dun Laoghaire Institute of Art  Design and Technology,FALSE,2026,408,8,Information and Communication Technologies (ICTs)
Film: Pathfinder Joint International Programme (Ireland) [Portfolio],DL857,750,Dun Laoghaire Institute of Art  Design and Technology,FALSE,2026,750,8,Arts
Film: Pathfinder Joint International Programme (Belgium) [Portfolio],DL858,800,Dun Laoghaire Institute of Art  Design and Technology,FALSE,2026,800,8,Arts
Film: Pathfinder Joint International Programme (Portugal) [Portfolio],DL859,775,Dun Laoghaire Institute of Art  Design and Technology,FALSE,2026,775,8,Arts
Film: Pathfinder Joint International Programme (Bulgaria) [Portfolio],DL860,600,Dun Laoghaire Institute of Art  Design and Technology,FALSE,2026,600,8,Arts
Film Studies,DL864,337,Dun Laoghaire Institute of Art  Design and Technology,FALSE,2026,337,8,Arts
Psychology - Environmental and Social,DL866,280,Dun Laoghaire Institute of Art  Design and Technology,FALSE,2026,280,8,Social and behavioural sciences
Business [Cork],GC200,245,Griffith College,FALSE,2026,245,8,Business and administration
Accounting and Finance [Cork],GC201,321,Griffith College,FALSE,2026,321,8,Business and administration
Accounting [Cork],GC212,,Griffith College,FALSE,2026,,8,Business and administration
Finance [Cork],GC213,,Griffith College,TRUE,2026,,8,Business and administration
Procurement and Supply Chain Management [Cork],GC222,246,Griffith College,FALSE,2026,246,8,Business and administration
Computing Science [Cork],GC230,291,Griffith College,FALSE,2026,291,8,Information and Communication Technologies (ICTs)
Business [Dublin],GC400,270,Griffith College,FALSE,2026,270,8,Business and administration
Accounting and Finance [Dublin],GC401,270,Griffith College,FALSE,2026,270,8,Business and administration
Business (HRM) [Dublin],GC402,260,Griffith College,FALSE,2026,260,8,Business and administration
Law [Dublin],GC403,253,Griffith College,FALSE,2026,253,8,Law
Business (Marketing) [Dublin],GC407,272,Griffith College,FALSE,2026,272,8,Business and administration
Psychology [Dublin],GC409,270,Griffith College,FALSE,2026,270,8,Social and behavioural sciences
Accounting [Dublin],GC412,312,Griffith College,FALSE,2026,312,8,Business and administration
Finance [Dublin],GC413,244,Griffith College,FALSE,2026,244,8,Business and administration
Law - Criminal Justice [Dublin],GC418,252,Griffith College,FALSE,2026,252,8,Law
Law - Commercial Law [Dublin],GC419,306,Griffith College,FALSE,2026,306,8,Law
Computing Science [Dublin],GC430,283,Griffith College,FALSE,2026,283,8,Information and Communication Technologies (ICTs)
Communications and Media Production [Dublin],GC450,264,Griffith College,FALSE,2026,264,8,Journalism and information
"Film, TV and Screen Media Production [Dublin]",GC456,261,Griffith College,FALSE,2026,261,8,Arts
"Graphic Communication Design [Portfolio,Interview] [Dublin]                #",GC462,,Griffith College,FALSE,2026,,8,Arts
"Interior Architecture [Portfolio,Interview] [Dublin]",GC489,293,Griffith College,FALSE,2026,293,8,Arts
"Fashion Design [Portfolio,Interview] [Dublin]",GC494,358,Griffith College,FALSE,2026,358,8,Arts
Business [Dublin],BY001,233,IBAT College Dublin,FALSE,2026,233,8,Business and administration
Accounting and Finance,ID001,,ICD Business School,FALSE,2026,,8,Business and administration
Business Studies,ID002,,ICD Business School,FALSE,2026,,8,Business and administration
First Year Art and Design ( Common Entry) [Portfolio],AD101,533,National College of Art and Design,FALSE,2026,533,8,Arts
Graphic Design and Moving Image Design [Portfolio],AD102,621,National College of Art and Design,FALSE,2026,621,8,Arts
Textile & Surface Design and Jewellery & Objects [Portfolio],AD103,503,National College of Art and Design,FALSE,2026,503,8,Arts
Fine Art and Applied Art [Portfolio],AD104,691,National College of Art and Design,FALSE,2026,691,8,Arts
Education and Art or Design (Second Level Teaching) [Portfolio],AD202,633,National College of Art and Design,FALSE,2026,633,8,Education
Fashion Design [Portfolio],AD211,721,National College of Art and Design,FALSE,2026,721,8,Arts
Product Design (Portfolio Optional),AD212,531,National College of Art and Design,FALSE,2026,531,8,Arts
Visual Culture,AD215,353,National College of Art and Design,FALSE,2026,353,8,Arts
Illustration [Portfolio],AD217,603,National College of Art and Design,FALSE,2026,603,8,Arts
Interaction Design (Portfolio Optional),AD222,391,National College of Art and Design,FALSE,2026,391,8,Information and Communication Technologies (ICTs)
Computing,NC003,265,National College of Ireland (NCI),FALSE,2026,265,8,Information and Communication Technologies (ICTs)
Human Resource Management,NC005,270,National College of Ireland (NCI),FALSE,2026,270,8,Business and administration
Business,NC009,271,National College of Ireland (NCI),FALSE,2026,271,8,Business and administration
Psychology,NC010,370,National College of Ireland (NCI),FALSE,2026,370,8,Social and behavioural sciences
Marketing Practice,NC020,,National College of Ireland (NCI),TRUE,2026,,8,Business and administration
Accounting and Finance,NC022,333,National College of Ireland (NCI),FALSE,2026,333,8,Business and administration
Data Science,NC025,,National College of Ireland (NCI),TRUE,2026,,8,Information and Communication Technologies (ICTs)
Early Childhood Education and Care,NC030,,National College of Ireland (NCI),TRUE,2026,,8,Education
Medicine - Undergraduate Entry [HPAT required],RC001,734,RCSI University of Medicine & Health Sciences,FALSE,2026,734,8,Health
Physiotherapy,RC004,555,RCSI University of Medicine & Health Sciences,FALSE,2026,555,8,Health
Pharmacy    4 year BPharm or 5 year MPharm,RC005,578,RCSI University of Medicine & Health Sciences,FALSE,2026,578,8,Health
Advanced Therapeutic Technologies,RC006,498,RCSI University of Medicine & Health Sciences,FALSE,2026,498,8,Health
Dentistry,RC007,613,RCSI University of Medicine & Health Sciences,FALSE,2026,613,8,Health
Medicine - Graduate Entry [GAMSAT required],RC101,,RCSI University of Medicine & Health Sciences,FALSE,2026,,8,Health
Sustainable Energy Engineering [Tallaght],TU801,234,Technological University Dublin,FALSE,2026,234,8,Engineering and engineering trades
Electrical Services and Energy Management [Grangegorman],TU802,316,Technological University Dublin,FALSE,2026,316,8,Engineering and engineering trades
Engineering (General Entry) [Blanchardstown],TU804,330,Technological University Dublin,FALSE,2026,330,8,Engineering and engineering trades
Engineering (General Entry) [Bolton St AND Grangegorman],TU805,510,Technological University Dublin,FALSE,2026,510,8,Engineering and engineering trades
Computer Engineering in Mobile Systems [Blanchardstown],TU807,242,Technological University Dublin,FALSE,2026,242,8,Engineering and engineering trades
Mechatronic Engineering [Blanchardstown],TU810,316,Technological University Dublin,FALSE,2026,316,8,Engineering and engineering trades
Product Design [Aungier Street AND Bolton St A],TU811,462,Technological University Dublin,FALSE,2026,462,8,Arts
Mechanical Engineering (General Entry) [Tallaght],TU828,358,Technological University Dublin,FALSE,2026,358,8,Engineering and engineering trades
Electronic Engineering and Engineering Software (General Entry) [Tallagh,TU829,233,Technological University Dublin,FALSE,2026,233,8,Engineering and engineering trades
Architectural Technology [Bolton Street],TU831,455,Technological University Dublin,FALSE,2026,455,8,Architecture and construction
Architecture [Portfolio] [Bolton Street],TU832,635,Technological University Dublin,FALSE,2026,635,8,Architecture and construction
Construction Management [Bolton Street],TU833,451,Technological University Dublin,FALSE,2026,451,8,Architecture and construction
Spatial Planning and Environmental Management [Bolton Street],TU835,381,Technological University Dublin,FALSE,2026,381,8,Architecture and construction
Property Economics (Valuation Surveying) [Bolton Street],TU836,441,Technological University Dublin,FALSE,2026,441,8,Architecture and construction
Quantity Surveying and Construction Economics [Bolton Street],TU837,466,Technological University Dublin,FALSE,2026,466,8,Architecture and construction
Biomedical Design [Tallaght],TU841,301,Technological University Dublin,FALSE,2026,301,8,Engineering and engineering trades
Information Systems with Digital Transformation [Tallaght],TU842,234,Technological University Dublin,FALSE,2026,234,8,Information and Communication Technologies (ICTs)
Health Informatics [Blanchardstown],TU848,252,Technological University Dublin,FALSE,2026,252,8,Health
Data Science and Artificial Intelligence [Grangegorman],TU850,424,Technological University Dublin,FALSE,2026,424,8,Information and Communication Technologies (ICTs)
Analytical Chemistry (Environmental Forensic and Pharmaceutical) [Grange,TU851,317,Technological University Dublin,FALSE,2026,317,8,Physical sciences
Chemical Sciences with Medicinal Chemistry [Grangegorman],TU852,444,Technological University Dublin,FALSE,2026,444,8,Physical sciences
Science (General Entry) [Grangegorman],TU854,474,Technological University Dublin,FALSE,2026,474,8,Biological and related sciences
Science with Nanotechnology [Grangegorman],TU855,328,Technological University Dublin,FALSE,2026,328,8,Physical sciences
Computer Science [Grangegorman],TU856,423,Technological University Dublin,FALSE,2026,423,8,Information and Communication Technologies (ICTs)
Computer Science (Infrastructure) [Grangegorman],TU857,351,Technological University Dublin,FALSE,2026,351,8,Information and Communication Technologies (ICTs)
Computer Science (International) [Grangegorman],TU858,351,Technological University Dublin,FALSE,2026,351,8,Information and Communication Technologies (ICTs)
Computing (General Entry) [Tallaght],TU859,,Technological University Dublin,TRUE,2026,,8,Information and Communication Technologies (ICTs)
Computing (Information Technology) [Blanchardstown],TU860,245,Technological University Dublin,FALSE,2026,245,8,Information and Communication Technologies (ICTs)
Computing with Machine Learning and Artificial Intelligence [Tallaght],TU862,269,Technological University Dublin,FALSE,2026,269,8,Information and Communication Technologies (ICTs)
Digital Forensics and Cyber Security [Blanchardstown],TU863,300,Technological University Dublin,FALSE,2026,300,8,Information and Communication Technologies (ICTs)
DNA and Forensic Analysis [Tallaght],TU864,425,Technological University Dublin,FALSE,2026,425,8,Biological and related sciences
Cloud Computing [Tallaght],TU865,256,Technological University Dublin,FALSE,2026,256,8,Information and Communication Technologies (ICTs)
Biomedical and Molecular Diagnostics [Grangegorman],TU866,500,Technological University Dublin,FALSE,2026,500,8,Mathematics and statistics
Medical Science [Grangegorman],TU867,532,Technological University Dublin,FALSE,2026,532,8,Health
Clinical Measurement Physiology [Grangegorman],TU868,511,Technological University Dublin,FALSE,2026,511,8,Health
Environmental Health [Grangegorman],TU869,308,Technological University Dublin,FALSE,2026,308,8,Hygiene and occupational health services
Human Nutrition and Dietetics [Grangegorman],TU870,510,Technological University Dublin,FALSE,2026,510,8,Health
Optometry [Grangegorman],TU871,566,Technological University Dublin,FALSE,2026,566,8,Health
Public Health Nutrition [Grangegorman],TU872,422,Technological University Dublin,FALSE,2026,422,8,Biological and related sciences
Mathematics and Statistics [Grangegorman],TU874,321,Technological University Dublin,FALSE,2026,321,8,Mathematics and statistics
Pharmaceutical Healthcare [Grangegorman],TU875,410,Technological University Dublin,FALSE,2026,410,8,Health
Pharmaceutical Science [Tallaght],TU876,391,Technological University Dublin,FALSE,2026,391,8,Biological and related sciences
Physics Technology [Grangegorman],TU877,342,Technological University Dublin,FALSE,2026,342,8,Physical sciences
Physics with Energy and Environment [Grangegorman],TU878,392,Technological University Dublin,FALSE,2026,392,8,Information and Communication Technologies (ICTs)
Physics with Medical Physics and Bioengineering [Grangegorman],TU879,301,Technological University Dublin,FALSE,2026,301,8,Health
Physics with Data Science [Grangegorman],TU880,333,Technological University Dublin,FALSE,2026,333,8,Physical sciences
Food Science [Grangegorman],TU881,390,Technological University Dublin,FALSE,2026,390,8,Arts
Nutraceuticals in Health and Nutrition [Grangegorman],TU882,361,Technological University Dublin,FALSE,2026,361,8,Biological and related sciences
Biotechnology [Grangegorman],TU889,466,Technological University Dublin,FALSE,2026,466,8,Biological and related sciences
Business (General Entry) [Blanchardstown],TU902,211,Technological University Dublin,FALSE,2026,211,8,Business and administration
Business and Management [Aungier Street],TU903,455,Technological University Dublin,FALSE,2026,455,8,Business and administration
Business and Law [Aungier St AND Grangegorman],TU904,455,Technological University Dublin,FALSE,2026,455,8,Business and administration
Economics and Finance [Aungier Street],TU905,444,Technological University Dublin,FALSE,2026,444,8,Social and behavioural sciences
Human Resource Management [Aungier Street],TU906,350,Technological University Dublin,FALSE,2026,350,8,Business and administration
Logistics and Supply Chain Management [Aungier Street],TU907,302,Technological University Dublin,FALSE,2026,302,8,Business and administration
Accounting [Aungier Street],TU910,380,Technological University Dublin,FALSE,2026,380,8,Business and administration
Business Analytics [Aungier Street],TU912,338,Technological University Dublin,FALSE,2026,338,8,Information and Communication Technologies (ICTs)
Business Information Systems [Blanchardstown],TU913,252,Technological University Dublin,FALSE,2026,252,8,Information and Communication Technologies (ICTs)
Business Computing [Aungier Street],TU914,306,Technological University Dublin,FALSE,2026,306,8,Information and Communication Technologies (ICTs)
Law (LL.B.) with a Language [Grangegorman],TU917,376,Technological University Dublin,FALSE,2026,376,8,Law
Law (LL.B.) [Grangegorman],TU918,430,Technological University Dublin,FALSE,2026,430,8,Law
Advertising and Marketing Communications [Tallaght],TU919,230,Technological University Dublin,FALSE,2026,230,8,Business and administration
Digital Marketing (Campus Options) [Blanchardstown OR Tallaght],TU920,261,Technological University Dublin,FALSE,2026,261,8,Business and administration
Marketing [Aungier Street],TU922,380,Technological University Dublin,FALSE,2026,380,8,Business and administration
E-Commerce in Retailing [Aungier Street],TU924,234,Technological University Dublin,FALSE,2026,234,8,Business and administration
Fashion and Retail Business [Aungier Street],TU925,300,Technological University Dublin,FALSE,2026,300,8,Business and administration
Business (General Entry) [Tallaght],TU932,227,Technological University Dublin,FALSE,2026,227,8,Business and administration
Accounting and Finance (Campus Options) [Blanchardstown OR Tallaght],TU933,311,Technological University Dublin,FALSE,2026,311,8,Business and administration
Sports Management and Coaching [Blanchardstown],TU935,290,Technological University Dublin,FALSE,2026,290,8,Personal services
Sports Science and Health [Tallaght],TU936,476,Technological University Dublin,FALSE,2026,476,8,Biological and related sciences
Culinary Arts [Grangegorman],TU942,306,Technological University Dublin,FALSE,2026,306,8,Personal services
International Hospitality and Tourism Management [Tallaght],TU951,232,Technological University Dublin,FALSE,2026,232,8,Personal services
International Hospitality Management [Grangegorman],TU952,244,Technological University Dublin,FALSE,2026,244,8,Personal services
Tourism and Digital Marketing [Grangegorman],TU953,251,Technological University Dublin,FALSE,2026,251,8,Personal services
Event Management [Grangegorman],TU954,306,Technological University Dublin,FALSE,2026,306,8,Personal services
Sports and Leisure Management [Grangegorman],TU955,301,Technological University Dublin,FALSE,2026,301,8,Personal services
Commercial Modern Music (BIMM) Audition [Francis Street],TU961,468,Technological University Dublin,FALSE,2026,468,8,Arts
Drama (Performance) Audition [Grangegorman],TU962,407,Technological University Dublin,FALSE,2026,407,8,Arts
International Business and Languages [Aungier St AND Grangegorman],TU965,279,Technological University Dublin,FALSE,2026,279,8,Languages
Design - Visual Communication [Portfolio] [Grangegorman],TU973,674,Technological University Dublin,FALSE,2026,674,8,Arts
Fine Art [Portfolio] [Grangegorman],TU974,689,Technological University Dublin,FALSE,2026,689,8,Arts
Interior Design [Portfolio] [Grangegorman],TU975,630,Technological University Dublin,FALSE,2026,630,8,Arts
Photography [Grangegorman],TU976,300,Technological University Dublin,FALSE,2026,300,8,Arts
Creative Industries and Visual Culture [Grangegorman],TU978,263,Technological University Dublin,FALSE,2026,263,8,Arts
Arts (Major/Minor Options Available) [Aungier Street AND Bolton St A],TU980,389,Technological University Dublin,FALSE,2026,389,8,Arts
Creative Digital Media [Blanchardstown],TU981,275,Technological University Dublin,FALSE,2026,275,8,Arts
Media Production and Digital Arts [Tallaght],TU982,261,Technological University Dublin,FALSE,2026,261,8,Arts
Film and Broadcasting [Grangegorman],TU983,469,Technological University Dublin,FALSE,2026,469,8,Arts
Game Design [Grangegorman],TU984,435,Technological University Dublin,FALSE,2026,435,8,Information and Communication Technologies (ICTs)
Journalism [Grangegorman],TU985,367,Technological University Dublin,FALSE,2026,367,8,Journalism and information
Early Childhood Education and Care (Campus Options) [Blanchardstown OR T,TU989,251,Technological University Dublin,FALSE,2026,251,8,Welfare
Applied Social Studies in Social Care [Blanchardstown],TU991,301,Technological University Dublin,FALSE,2026,301,8,Welfare
Community Development and Youth Work [Blanchardstown],TU992,244,Technological University Dublin,FALSE,2026,244,8,Social and behavioural sciences
Early Childhood Education [Grangegorman],TU995,346,Technological University Dublin,FALSE,2026,346,8,Education
Social Care [Grangegorman],TU996,390,Technological University Dublin,FALSE,2026,390,8,Welfare
Applied Social Care [Tallaght],TU997,307,Technological University Dublin,FALSE,2026,307,8,Welfare
Architecture,DN100,554,University College Dublin (NUI),FALSE,2026,554,8,Architecture and construction
Landscape Architecture,DN120,478,University College Dublin (NUI),FALSE,2026,478,8,Architecture and construction
City Planning and Environmental Policy,DN130,474,University College Dublin (NUI),FALSE,2026,474,8,Architecture and construction
Engineering,DN150,577,University College Dublin (NUI),FALSE,2026,577,8,Engineering and engineering trades
Science,DN200,540,University College Dublin (NUI),FALSE,2026,540,8,"Interdisciplinary programmes and qualifications involving natural sciences, Mathematics and statistics"
Computer Science,DN201,510,University College Dublin (NUI),FALSE,2026,510,8,Information and Communication Technologies (ICTs)
Actuarial & Financial Studies,DN230,602,University College Dublin (NUI),FALSE,2026,602,8,Mathematics and statistics
Sustainability,DN240,529,University College Dublin (NUI),FALSE,2026,529,8,Environment
Agricultural Science,DN250,417,University College Dublin (NUI),FALSE,2026,417,8,"Interdisciplinary programmes and qualifications involving agriculture, forestry and veterinary"
Food Science,DN261,479,University College Dublin (NUI),FALSE,2026,479,8,Agriculture
Human Nutrition,DN262,532,University College Dublin (NUI),FALSE,2026,532,8,Health
Veterinary Medicine - Undergraduate Entry (practical experience required,DN300,589,University College Dublin (NUI),FALSE,2026,589,8,Veterinary
Veterinary Medicine - Graduate Entry [GAMSAT required],DN301,,University College Dublin (NUI),FALSE,2026,,8,Veterinary
Veterinary Nursing,DN310,484,University College Dublin (NUI),FALSE,2026,484,8,Veterinary
Medicine - Undergraduate Entry [HPAT required],DN400,738,University College Dublin (NUI),FALSE,2026,738,8,Health
Medicine - Graduate Entry [GAMSAT required],DN401,,University College Dublin (NUI),FALSE,2026,,8,Health
Radiography,DN410,543,University College Dublin (NUI),FALSE,2026,543,8,Health
Diagnostic Radiography - Graduate Entry,DN411,,University College Dublin (NUI),FALSE,2026,,8,Health
Physiotherapy,DN420,578,University College Dublin (NUI),FALSE,2026,578,8,Health
"Sport, Health and Exercise Science",DN425,532,University College Dublin (NUI),FALSE,2026,532,8,Health
Sport and Exercise Management,DN430,477,University College Dublin (NUI),FALSE,2026,477,8,Business and administration
"Biomedical, Health and Life Sciences",DN440,579,University College Dublin (NUI),FALSE,2026,579,8,Biological and related sciences
General Nursing,DN450,434,University College Dublin (NUI),FALSE,2026,434,8,Health
Children`s and General Nursing (Integrated),DN451,510,University College Dublin (NUI),FALSE,2026,510,8,Health
Midwifery,DN452,495,University College Dublin (NUI),FALSE,2026,495,8,Health
Mental Health Nursing,DN453,410,University College Dublin (NUI),FALSE,2026,410,8,Health
Joint Honours,DN520,422,University College Dublin (NUI),FALSE,2026,422,8,Arts
Humanities,DN530,465,University College Dublin (NUI),FALSE,2026,465,8,Humanities (except languages)
Modern Languages,DN541,400,University College Dublin (NUI),FALSE,2026,400,8,Languages
Law,DN600,559,University College Dublin (NUI),FALSE,2026,559,8,Law
Business and Law,DN610,555,University College Dublin (NUI),FALSE,2026,555,8,Business and administration
Criminology with Psychology,DN620,510,University College Dublin (NUI),FALSE,2026,510,8,Law
Commerce,DN650,554,University College Dublin (NUI),FALSE,2026,554,8,Business and administration
Commerce International,DN660,543,University College Dublin (NUI),FALSE,2026,543,8,Business and administration
Economics and Finance,DN670,625,University College Dublin (NUI),FALSE,2026,625,8,Business and administration
Social Sciences,DN700,498,University College Dublin (NUI),FALSE,2026,498,8,Social and behavioural sciences
Economics,DN710,544,University College Dublin (NUI),FALSE,2026,544,8,Social and behavioural sciences
Psychology,DN720,548,University College Dublin (NUI),FALSE,2026,548,8,Social and behavioural sciences
Social Policy and Sociology,DN750,440,University College Dublin (NUI),FALSE,2026,440,8,Social and behavioural sciences
Education,DN760,422,University College Dublin (NUI),FALSE,2026,422,8,Education
International Business with Digitalisation,DK801,261,Dundalk Institute of Technology,FALSE,2026,261,8,Information and Communication Technologies (ICTs)
Business with Management,DK802,200,Dundalk Institute of Technology,FALSE,2026,200,8,Business and administration
Accounting and Finance,DK810,195,Dundalk Institute of Technology,FALSE,2026,195,8,Business and administration
Business Studies,DK816,209,Dundalk Institute of Technology,FALSE,2026,209,8,Business and administration
Digital Marketing and Strategic Communication,DK818,263,Dundalk Institute of Technology,FALSE,2026,263,8,Business and administration
Computing in Games Development,DK820,234,Dundalk Institute of Technology,FALSE,2026,234,8,Information and Communication Technologies (ICTs)
Computing in Software Development,DK821,235,Dundalk Institute of Technology,FALSE,2026,235,8,Information and Communication Technologies (ICTs)
Computing in Data Science and AI,DK823,308,Dundalk Institute of Technology,FALSE,2026,308,8,Information and Communication Technologies (ICTs)
Computing in Development and Operations Engineering,DK824,261,Dundalk Institute of Technology,FALSE,2026,261,8,Information and Communication Technologies (ICTs)
Computing in Cybersecurity and Computing Infrastructure,DK825,264,Dundalk Institute of Technology,FALSE,2026,264,8,Information and Communication Technologies (ICTs)
Building Surveying,DK830,318,Dundalk Institute of Technology,FALSE,2026,318,8,Architecture and construction
Architectural Technology,DK831,331,Dundalk Institute of Technology,FALSE,2026,331,8,Architecture and construction
Construction Management,DK832,318,Dundalk Institute of Technology,FALSE,2026,318,8,Architecture and construction
Quantity Surveying,DK834,331,Dundalk Institute of Technology,FALSE,2026,331,8,Architecture and construction
Engineering (Common Entry),DK843,275,Dundalk Institute of Technology,FALSE,2026,275,8,Engineering and engineering trades
Mechanical Engineering,DK844,287,Dundalk Institute of Technology,FALSE,2026,287,8,Engineering and engineering trades
Electrical and Electronic Engineering,DK845,299,Dundalk Institute of Technology,FALSE,2026,299,8,Engineering and engineering trades
Civil Engineering,DK846,269,Dundalk Institute of Technology,FALSE,2026,269,8,Architecture and construction
International Tourism Management,DK850,316,Dundalk Institute of Technology,FALSE,2026,316,8,Personal services
Hospitality Management with Business,DK851,327,Dundalk Institute of Technology,FALSE,2026,327,8,Personal services
Event Management with Marketing,DK852,269,Dundalk Institute of Technology,FALSE,2026,269,8,Personal services
Marketing and International Tourism Management,DK853,306,Dundalk Institute of Technology,FALSE,2026,306,8,Business and administration
Arts,DK861,237,Dundalk Institute of Technology,FALSE,2026,237,8,Social and behavioural sciences
Social Care,DK862,281,Dundalk Institute of Technology,FALSE,2026,281,8,Welfare
Creative Media,DK863,279,Dundalk Institute of Technology,FALSE,2026,279,8,Arts
Film and Television Production,DK864,246,Dundalk Institute of Technology,FALSE,2026,246,8,Arts
Audio and Music Production,DK865,219,Dundalk Institute of Technology,FALSE,2026,219,8,Arts
Applied Youth Work [Interview],DK866,240,Dundalk Institute of Technology,FALSE,2026,240,8,Welfare
Sport and Exercise with Business,DK867,184,Dundalk Institute of Technology,FALSE,2026,184,8,Personal services
"Drama, Theatre and Film",DK868,244,Dundalk Institute of Technology,FALSE,2026,244,8,Arts
Musical Theatre (Audition),DK869,471,Dundalk Institute of Technology,FALSE,2026,471,8,Arts
General Nursing,DK870,403,Dundalk Institute of Technology,FALSE,2026,403,8,Health
Intellectual Disability Nursing,DK872,297,Dundalk Institute of Technology,FALSE,2026,297,8,Health
Mental Health Nursing,DK874,366,Dundalk Institute of Technology,FALSE,2026,366,8,Health
Early Childhood Education,DK876,327,Dundalk Institute of Technology,FALSE,2026,327,8,Welfare
Midwifery,DK877,449,Dundalk Institute of Technology,FALSE,2026,449,8,Health
Health and Physical Activity,DK880,226,Dundalk Institute of Technology,FALSE,2026,226,8,Health
Sustainable Agriculture,DK882,373,Dundalk Institute of Technology,FALSE,2026,373,8,"Interdisciplinary programmes and qualifications involving agriculture, forestry and veterinary"
Biopharmaceutical Science,DK883,247,Dundalk Institute of Technology,FALSE,2026,247,8,"Interdisciplinary programmes and qualifications involving natural sciences, Mathematics and statistics"
Nutrition and Health,DK888,262,Dundalk Institute of Technology,FALSE,2026,262,8,Health
Music and Performance Technologies,DK892,260,Dundalk Institute of Technology,FALSE,2026,260,8,Arts
Arts (Joint-Honours),GY101,337,University of Galway,FALSE,2026,337,8,Arts
Psychology,GY104,534,University of Galway,FALSE,2026,534,8,Social and behavioural sciences
Arts (History),GY105,343,University of Galway,FALSE,2026,343,8,Humanities (except languages)
Arts (Mathematics and Education),GY109,371,University of Galway,FALSE,2026,371,8,Education
Arts (Children and Youth Studies),GY110,389,University of Galway,FALSE,2026,389,8,Social and behavioural sciences
Arts (English and Creative Writing),GY111,413,University of Galway,FALSE,2026,413,8,Arts
Arts with Human Rights,GY113,380,University of Galway,FALSE,2026,380,8,Social and behavioural sciences
"Arts (Drama, Theatre and Performance Studies)",GY118,404,University of Galway,FALSE,2026,404,8,Arts
Arts (Journalism),GY119,367,University of Galway,FALSE,2026,367,8,Journalism and information
Na D na (Cumars id agus Gaeilge),GY122,357,University of Galway,FALSE,2026,357,8,Arts
Social Sciences and Sustainability,GY123,341,University of Galway,FALSE,2026,341,8,Social and behavioural sciences
Arts (Film and Digital Media),GY127,379,University of Galway,FALSE,2026,379,8,Arts
Arts (Global Languages),GY128,356,University of Galway,FALSE,2026,356,8,Languages
Arts (Global Experience),GY129,401,University of Galway,FALSE,2026,401,8,Arts
Arts (Music),GY130,413,University of Galway,FALSE,2026,413,8,Arts
"Government (Politics, Economics and Law)",GY132,402,University of Galway,FALSE,2026,402,8,Social and behavioural sciences
Education (Computer Science and Mathematical Studies),GY133,413,University of Galway,FALSE,2026,413,8,Education
Geography and Geosystems,GY134,357,University of Galway,FALSE,2026,357,8,Environment
Arts (Global Media),GY135,342,University of Galway,FALSE,2026,342,8,Arts
Na D na (Gaeilge agus L ann an Aistri ch in),GY136,405,University of Galway,FALSE,2026,405,8,Languages
"Arts (Child, Youth and Family: Policy and Practice)",GY137,339,University of Galway,FALSE,2026,339,8,Welfare
Commerce,GY201,451,University of Galway,FALSE,2026,451,8,Business and administration
Commerce (International) with French,GY202,510,University of Galway,FALSE,2026,510,8,Business and administration
Commerce (International) with German,GY203,467,University of Galway,FALSE,2026,467,8,Business and administration
Commerce (International) with Spanish,GY204,506,University of Galway,FALSE,2026,506,8,Business and administration
Business Information Systems,GY206,474,University of Galway,FALSE,2026,474,8,Business and administration
Commerce (Accounting),GY207,509,University of Galway,FALSE,2026,509,8,Business and administration
Commerce (Gaeilge),GY208,488,University of Galway,FALSE,2026,488,8,Business and administration
Commerce (Global Experience),GY209,530,University of Galway,FALSE,2026,530,8,Business and administration
Law (BCL) and Business,GY250,509,University of Galway,FALSE,2026,509,8,Law
Law (BCL),GY251,509,University of Galway,FALSE,2026,509,8,Law
Law (BCL) and Human Rights,GY252,508,University of Galway,FALSE,2026,508,8,Law
"Law (BCL), Criminology and Criminal Justice",GY254,507,University of Galway,FALSE,2026,507,8,Law
Business Studies (International Hotel Management) [Interview] [Shannon C,GY261,468,University of Galway,FALSE,2026,468,8,Business and administration
Commerce (International Hotel Management) [Interview] [Shannon College],GY262,706,University of Galway,FALSE,2026,706,8,Business and administration
Science,GY301,455,University of Galway,FALSE,2026,455,8,Biological and related sciences
Biomedical Science,GY303,544,University of Galway,FALSE,2026,544,8,Biological and related sciences
Biotechnology,GY304,511,University of Galway,FALSE,2026,511,8,Engineering and engineering trades
Environmental Science,GY308,434,University of Galway,FALSE,2026,434,8,Environment
Financial Mathematics and Economics,GY309,520,University of Galway,FALSE,2026,520,8,Mathematics and statistics
Marine Science,GY310,443,University of Galway,FALSE,2026,443,8,Physical sciences
Occupational Health and Safety Management,GY313,410,University of Galway,FALSE,2026,410,8,Hygiene and occupational health services
Earth and Ocean Sciences,GY314,432,University of Galway,FALSE,2026,432,8,Physical sciences
Biopharmaceutical Chemistry,GY318,532,University of Galway,FALSE,2026,532,8,Biological and related sciences
Mathematical Science,GY319,531,University of Galway,FALSE,2026,531,8,Mathematics and statistics
Physics,GY320,444,University of Galway,FALSE,2026,444,8,Physical sciences
Genetics and Genomics,GY321,463,University of Galway,FALSE,2026,463,8,Biological and related sciences
Agricultural Science,GY322,410,University of Galway,FALSE,2026,410,8,Agriculture
Zoology,GY323,473,University of Galway,FALSE,2026,473,8,Biological and related sciences
Computer Science and Information Technology,GY350,440,University of Galway,FALSE,2026,440,8,Information and Communication Technologies (ICTs)
Engineering (Undenominated),GY401,543,University of Galway,FALSE,2026,543,8,Engineering and engineering trades
Civil Engineering,GY402,521,University of Galway,FALSE,2026,521,8,Architecture and construction
Mechanical Engineering,GY405,554,University of Galway,FALSE,2026,554,8,Engineering and engineering trades
Electronic and Computer Engineering,GY406,510,University of Galway,FALSE,2026,510,8,Engineering and engineering trades
Biomedical Engineering,GY408,555,University of Galway,FALSE,2026,555,8,Engineering and engineering trades
Project and Construction Management,GY410,510,University of Galway,FALSE,2026,510,8,Architecture and construction
Energy Systems Engineering,GY413,543,University of Galway,FALSE,2026,543,8,Engineering and engineering trades
Electrical and Electronic Engineering,GY414,520,University of Galway,FALSE,2026,520,8,Engineering and engineering trades
Medicine - Undergraduate Entry [HPAT required],GY501,730,University of Galway,FALSE,2026,730,8,Health
Occupational Therapy,GY502,542,University of Galway,FALSE,2026,542,8,Health
Speech and Language Therapy,GY503,542,University of Galway,FALSE,2026,542,8,Health
Podiatric Medicine,GY504,476,University of Galway,FALSE,2026,476,8,Health
Pharmacy,GY505,589,University of Galway,FALSE,2026,589,8,Health
General Nursing,GY515,451,University of Galway,FALSE,2026,451,8,Health
Mental Health Nursing,GY516,403,University of Galway,FALSE,2026,403,8,Health
Midwifery,GY517,498,University of Galway,FALSE,2026,498,8,Health
Enterprise Management,GB002,193,Galway Business School,FALSE,2026,193,8,Business and administration
Arts [Limerick],MI002,280,Mary Immaculate College,FALSE,2026,280,8,Arts
Psychology [Limerick],MI003,443,Mary Immaculate College,FALSE,2026,443,8,Social and behavioural sciences
Education - Primary Teaching - International [Limerick],MI004,462,Mary Immaculate College,FALSE,2026,462,8,Education
Education - Primary Teaching [Limerick],MI005,475,Mary Immaculate College,FALSE,2026,475,8,Education
Education - Primary Teaching - Gaeltacht Applicants [Limerick],MI006,441,Mary Immaculate College,FALSE,2026,441,8,Education
Early Childhood Care and Education [Limerick],MI007,388,Mary Immaculate College,FALSE,2026,388,8,Education
Education and Psychology - Primary Teaching [Limerick],MI008,554,Mary Immaculate College,FALSE,2026,554,8,Education
Drama and English [Limerick],MI010,308,Mary Immaculate College,FALSE,2026,308,8,Arts
"Education, Business Studies and Accounting [Thurles]",MI016,378,Mary Immaculate College,FALSE,2026,378,8,Education
"Education, Business Studies and Religious Studies [Thurles]",MI017,337,Mary Immaculate College,FALSE,2026,337,8,Education
"Education, Gaeilge and Religious Studies [Thurles]",MI018,400,Mary Immaculate College,FALSE,2026,400,8,Education
"Education, Gaeilge and Business Studies [Thurles]",MI019,402,Mary Immaculate College,FALSE,2026,402,8,Education
"Education, Mathematics and Gaeilge [Thurles]",MI020,433,Mary Immaculate College,FALSE,2026,433,8,Education
"Education, Mathematics and Business Studies [Thurles]",MI021,402,Mary Immaculate College,FALSE,2026,402,8,Education
"Education, Home Economics and Business Studies [Thurles]",MI022,478,Mary Immaculate College,FALSE,2026,478,8,Education
Arts,LM002,317,University of Limerick,FALSE,2026,317,8,Humanities (except languages)
Social Sciences,LM019,430,University of Limerick,FALSE,2026,430,8,Social and behavioural sciences
Law and Accounting,LM020,454,University of Limerick,FALSE,2026,454,8,Law
Common and Civil Law,LM027,542,University of Limerick,FALSE,2026,542,8,Law
Criminal Justice,LM028,391,University of Limerick,FALSE,2026,391,8,Law
Law Plus,LM029,500,University of Limerick,FALSE,2026,500,8,Law
Global Politics,LM030,360,University of Limerick,FALSE,2026,360,8,Social and behavioural sciences
LLB Law and Cyber Security,LM032,510,University of Limerick,FALSE,2026,510,8,Law
Psychology and Sociology,LM038,486,University of Limerick,FALSE,2026,486,8,Social and behavioural sciences
Journalism and Digital Communication,LM039,388,University of Limerick,FALSE,2026,388,8,Journalism and information
European Studies,LM040,377,University of Limerick,FALSE,2026,377,8,Humanities (except languages)
Applied Languages,LM044,349,University of Limerick,FALSE,2026,349,8,Languages
Business Studies (options),LM050,442,University of Limerick,FALSE,2026,442,8,Business and administration
International Business,LM056,532,University of Limerick,FALSE,2026,532,8,Business and administration
Financial Mathematics,LM058,445,University of Limerick,FALSE,2026,445,8,Mathematics and statistics
Technology Management,LM063,400,University of Limerick,FALSE,2026,400,8,Information and Communication Technologies (ICTs)
Environmental Science,LM066,403,University of Limerick,FALSE,2026,403,8,Environment
Food Science and Health,LM068,424,University of Limerick,FALSE,2026,424,8,Manufacturing and processing
Product Design and Technology [Portfolio],LM076,451,University of Limerick,FALSE,2026,451,8,Manufacturing and processing
Aeronautical Engineering,LM077,544,University of Limerick,FALSE,2026,544,8,Engineering and engineering trades
Construction Management and Engineering,LM082,467,University of Limerick,FALSE,2026,467,8,Architecture and construction
Sport and Exercise Sciences,LM089,507,University of Limerick,FALSE,2026,507,8,Personal services
Physical Education-concurrent Teacher Education,LM090,521,University of Limerick,FALSE,2026,521,8,Education
Languages-concurrent Teacher Education,LM091,451,University of Limerick,FALSE,2026,451,8,Education
Biology with Chemistry/Physics/Agricultural Science-Teacher Education,LM092,480,University of Limerick,FALSE,2026,480,8,Education
Equine Science,LM093,340,University of Limerick,FALSE,2026,340,8,Biological and related sciences
Graphics and Construction Technology-concurrent Teacher Education,LM094,477,University of Limerick,FALSE,2026,477,8,Education
"Graphics, Engineering and Technology-concurrent Teacher Education",LM095,421,University of Limerick,FALSE,2026,421,8,Education
Physical Science with Chemistry and Physics-concurrent Teacher Education,LM096,438,University of Limerick,FALSE,2026,438,8,Education
Mathematics and Computer Science-concurrent Teacher Education,LM097,433,University of Limerick,FALSE,2026,433,8,Education
Architecture [Portfolio],LM099,625,University of Limerick,FALSE,2026,625,8,Architecture and construction
Physiotherapy,LM100,579,University of Limerick,FALSE,2026,579,8,Health
Medicine - Graduate Entry [GAMSAT required],LM101,56,University of Limerick,FALSE,2026,56,8,Health
Psychology,LM102,500,University of Limerick,FALSE,2026,500,8,Social and behavioural sciences
Paramedic Studies Clean Driving Licence required (Full B and minimum Pro,LM103,389,University of Limerick,FALSE,2026,389,8,Health
Occupational Therapy,LM104,542,University of Limerick,FALSE,2026,542,8,Health
Exercise and Health Fitness Management,LM105,430,University of Limerick,FALSE,2026,430,8,Personal services
Speech and Language Therapy,LM106,544,University of Limerick,FALSE,2026,544,8,Health
Interaction Design,LM113,357,University of Limerick,FALSE,2026,357,8,Information and Communication Technologies (ICTs)
"Music, Media and Performance Technology",LM114,381,University of Limerick,FALSE,2026,381,8,Information and Communication Technologies (ICTs)
Chemical and Biochemical Engineering,LM115,509,University of Limerick,FALSE,2026,509,8,Physical sciences
Engineering,LM116,531,University of Limerick,FALSE,2026,531,8,Engineering and engineering trades
Electronic and Computer Engineering,LM118,465,University of Limerick,FALSE,2026,465,8,Engineering and engineering trades
Computer Science,LM121,362,University of Limerick,FALSE,2026,362,8,Information and Communication Technologies (ICTs)
Biological and Chemical Sciences,LM123,474,University of Limerick,FALSE,2026,474,8,Biological and related sciences
Mathematics,LM124,455,University of Limerick,FALSE,2026,455,8,Mathematics and statistics
Physics,LM125,433,University of Limerick,FALSE,2026,433,8,Physical sciences
Electrical Engineering,LM126,477,University of Limerick,FALSE,2026,477,8,Engineering and engineering trades
Irish Music Audition,LM131,520,University of Limerick,FALSE,2026,520,8,Arts
Irish Dance Audition,LM132,425,University of Limerick,FALSE,2026,425,8,Arts
Contemporary Dance Audition,LM133,416,University of Limerick,FALSE,2026,416,8,Arts
Voice Audition,LM134,422,University of Limerick,FALSE,2026,422,8,Arts
Music Audition,LM135,399,University of Limerick,FALSE,2026,399,8,Arts
General Nursing,LM150,433,University of Limerick,FALSE,2026,433,8,Health
Mental Health Nursing,LM152,399,University of Limerick,FALSE,2026,399,8,Health
Intellectual Disability Nursing,LM154,357,University of Limerick,FALSE,2026,357,8,Health
Midwifery,LM156,452,University of Limerick,FALSE,2026,452,8,Health
Immersive Software Engineering [Portfolio],LM173,652,University of Limerick,FALSE,2026,652,8,Information and Communication Technologies (ICTs)
Artificial Intelligence and Machine Learning,LM174,456,University of Limerick,FALSE,2026,456,8,Information and Communication Technologies (ICTs)
Immersive Bioscience & Biotherapeutics [Portfolio],LM175,655,University of Limerick,FALSE,2026,655,8,Biological and related sciences
Medicine - Undergraduate Entry [HPAT required],LM301,730,University of Limerick,FALSE,2026,730,8,Health
Theology and Arts (jointly awarded with Maynooth University),MU001,312,St Patrick`s Pontifical University  Maynooth,FALSE,2026,312,8,Humanities (except languages)
Theology,MU002,321,St Patrick`s Pontifical University  Maynooth,FALSE,2026,321,8,Humanities (except languages)
Philosophy,MU004,326,St Patrick`s Pontifical University  Maynooth,FALSE,2026,326,8,Humanities (except languages)
Education - Primary Teaching (Froebel),MH001,495,Maynooth University,FALSE,2026,495,8,Education
Education - Primary Teaching - Gaeltacht  Applicants (Froebel)             #,MH002,,Maynooth University,FALSE,2026,,8,Education
Early Childhood - Teaching and Learning (full-time),MH003,366,Maynooth University,FALSE,2026,366,8,Education
Arts,MH101,300,Maynooth University,FALSE,2026,300,8,Humanities (except languages)
Music Audition                                                             #,MH103,,Maynooth University,TRUE,2026,,8,Arts
Psychology (through Arts),MH106,481,Maynooth University,FALSE,2026,481,8,Social and behavioural sciences
Social Science,MH107,326,Maynooth University,FALSE,2026,326,8,Social and behavioural sciences
Media Studies,MH109,337,Maynooth University,FALSE,2026,337,8,Arts
Creative Writing and English,MH111,356,Maynooth University,FALSE,2026,356,8,Humanities (except languages)
Community and Youth Work (full-time) [Interview]                           #,MH116,,Maynooth University,TRUE,2026,,8,Welfare
Science,MH201,346,Maynooth University,FALSE,2026,346,8,"Interdisciplinary programmes and qualifications involving natural sciences, Mathematics and statistics"
Biotechnology,MH202,423,Maynooth University,FALSE,2026,423,8,Biological and related sciences
Biological and Geographical Sciences,MH203,401,Maynooth University,FALSE,2026,401,8,Biological and related sciences
Physics with Astrophysics,MH204,401,Maynooth University,FALSE,2026,401,8,Physical sciences
Biomedical Science,MH205,451,Maynooth University,FALSE,2026,451,8,Biological and related sciences
Theoretical Physics and Mathematics,MH206,500,Maynooth University,FALSE,2026,500,8,Mathematics and statistics
Data Science,MH207,413,Maynooth University,FALSE,2026,413,8,Information and Communication Technologies (ICTs)
Psychology (through Science),MH209,498,Maynooth University,FALSE,2026,498,8,Social and behavioural sciences
Pharmaceutical and Biomedical Chemistry,MH210,430,Maynooth University,FALSE,2026,430,8,Physical sciences
Science (with Education) or Mathematics and Computer Science (with Educa,MH212,422,Maynooth University,FALSE,2026,422,8,"Interdisciplinary programmes and qualifications involving natural sciences, Mathematics and statistics"
Sport Science and Health,MH221,441,Maynooth University,FALSE,2026,441,8,Biological and related sciences
Food Science and Human Nutrition,MH222,422,Maynooth University,FALSE,2026,422,8,Biological and related sciences
Engineering,MH304,363,Maynooth University,FALSE,2026,363,8,Engineering and engineering trades
Product Design and Innovation,MH305,326,Maynooth University,FALSE,2026,326,8,Engineering and engineering trades
Robotics and Intelligent Devices,MH306,353,Maynooth University,FALSE,2026,353,8,Engineering and engineering trades
Quantitative Finance,MH402,465,Maynooth University,FALSE,2026,465,8,Business and administration
Accounting and Finance,MH403,411,Maynooth University,FALSE,2026,411,8,Business and administration
Business,MH404,400,Maynooth University,FALSE,2026,400,8,Business and administration
Business and Accounting,MH407,401,Maynooth University,FALSE,2026,401,8,Business and administration
Business and Languages,MH409,401,Maynooth University,FALSE,2026,401,8,Business and administration
Finance,MH410,400,Maynooth University,FALSE,2026,400,8,Business and administration
Entrepreneurship,MH411,360,Maynooth University,FALSE,2026,360,8,Business and administration
Business with Sport Science,MH412,451,Maynooth University,FALSE,2026,451,8,Business and administration
Economics - option of an integrated MSc Economics,MH415,422,Maynooth University,FALSE,2026,422,8,Social and behavioural sciences
International Economics,MH416,402,Maynooth University,FALSE,2026,402,8,Social and behavioural sciences
LLB Law,MH501,453,Maynooth University,FALSE,2026,453,8,Law
BCL Law,MH502,400,Maynooth University,FALSE,2026,400,8,Law
BCL Law and Languages,MH503,400,Maynooth University,FALSE,2026,400,8,Law
Criminology,MH504,380,Maynooth University,FALSE,2026,380,8,Law
Computer Science through Arts,MH601,347,Maynooth University,FALSE,2026,347,8,Information and Communication Technologies (ICTs)
Computer Science through Science,MH602,343,Maynooth University,FALSE,2026,343,8,Information and Communication Technologies (ICTs)
Computational Thinking,MH603,,Maynooth University,FALSE,2026,,8,Information and Communication Technologies (ICTs)
General Nursing,MH701,430,Maynooth University,FALSE,2026,430,8,Health
"Arts (part-time, flexible learning)                                        #",MH804,,Maynooth University,FALSE,2026,,8,Arts
Strength and Conditioning,SC801,261,Setanta College,FALSE,2026,261,8,Personal services
Accounting and Finance [Limerick],US610,241,Technological University of the Shannon,FALSE,2026,241,6,Business and administration
Business Studies (Marketing and Management) [Limerick],US612,225,Technological University of the Shannon,FALSE,2026,225,6,Business and administration
Culinary Arts [Athlone],US630,186,Technological University of the Shannon,FALSE,2026,186,6,Personal services
Sports Development and Coaching [Limerick],US640,170,Technological University of the Shannon,FALSE,2026,170,6,Personal services
Agricultural Mechanisation (in Year 1 students - four days at Pallaskenr,US651,226,Technological University of the Shannon,FALSE,2026,226,6,Engineering and engineering trades
Pharmacy Technician [Athlone],US660,387,Technological University of the Shannon,FALSE,2026,387,6,Health
Dental Nursing [Athlone],US661,347,Technological University of the Shannon,FALSE,2026,347,6,Health
Graphic Design [Portfolio] [Athlone],US700,862,Technological University of the Shannon,FALSE,2026,862,7,Arts
Digital Animation [Portfolio] [Clonmel],US701,707,Technological University of the Shannon,FALSE,2026,707,7,Arts
Creative Broadcast and Film Production [Limerick],US702,243,Technological University of the Shannon,FALSE,2026,243,7,Arts
Music Production and Technology [Limerick],US703,246,Technological University of the Shannon,FALSE,2026,246,7,Arts
Music and Sound Engineering [Athlone],US704,290,Technological University of the Shannon,FALSE,2026,290,7,Arts
Music and the Live Events Industry [Athlone],US705,244,Technological University of the Shannon,FALSE,2026,244,7,Arts
Game Art and Design [Portfolio] [Clonmel],US706,846,Technological University of the Shannon,FALSE,2026,846,7,Arts
"Visual Effects for Film, TV and Animation [Portfolio] [Clonmel]",US707,,Technological University of the Shannon,FALSE,2026,,7,Arts
Computing [Limerick],US710,197,Technological University of the Shannon,FALSE,2026,197,7,Information and Communication Technologies (ICTs)
Computer Engineering with Network Infrastructure [Athlone],US711,283,Technological University of the Shannon,FALSE,2026,283,7,Information and Communication Technologies (ICTs)
Software Design with Artificial Intelligence for Cloud Computing [Athlon,US712,250,Technological University of the Shannon,FALSE,2026,250,7,Information and Communication Technologies (ICTs)
Software Design with Virtual Reality and Gaming [Athlone],US713,271,Technological University of the Shannon,FALSE,2026,271,7,Information and Communication Technologies (ICTs)
Computer Engineering [Athlone],US714,205,Technological University of the Shannon,FALSE,2026,205,7,Information and Communication Technologies (ICTs)
Software Design with Digitalisation [Athlone],US715,252,Technological University of the Shannon,FALSE,2026,252,7,Information and Communication Technologies (ICTs)
Business [Athlone],US720,297,Technological University of the Shannon,FALSE,2026,297,7,Business and administration
Business [Thurles],US721,170,Technological University of the Shannon,FALSE,2026,170,7,Business and administration
Enterprise and Innovation [Limerick],US723,188,Technological University of the Shannon,FALSE,2026,188,7,Business and administration
Digital Marketing [Athlone],US724,187,Technological University of the Shannon,FALSE,2026,187,7,Business and administration
Applied Biology [Limerick],US730,368,Technological University of the Shannon,FALSE,2026,368,7,Biological and related sciences
Biotechnology [Athlone],US731,252,Technological University of the Shannon,FALSE,2026,252,7,Biological and related sciences
Forensic and Pharmaceutical Sciences [Limerick],US732,357,Technological University of the Shannon,FALSE,2026,357,7,Physical sciences
Pharmaceutical Sciences (Drug Development and Analysis) [Athlone],US733,260,Technological University of the Shannon,FALSE,2026,260,7,Physical sciences
Medical Technology [Limerick],US735,402,Technological University of the Shannon,FALSE,2026,402,7,Health
Veterinary Nursing [Athlone],US738,409,Technological University of the Shannon,FALSE,2026,409,7,Veterinary
Agricultural Science and Sustainability [Thurles],US740,300,Technological University of the Shannon,FALSE,2026,300,7,"Interdisciplinary programmes and qualifications involving agriculture, forestry and veterinary"
Electrical Engineering [Limerick],US750,251,Technological University of the Shannon,FALSE,2026,251,7,Engineering and engineering trades
Electronic Engineering with Computer Systems [Limerick],US751,339,Technological University of the Shannon,FALSE,2026,339,7,Engineering and engineering trades
Renewable and Electrical Energy Engineering [Limerick],US752,270,Technological University of the Shannon,FALSE,2026,270,7,Engineering and engineering trades
Robotics and Automation Engineering [Limerick],US753,244,Technological University of the Shannon,FALSE,2026,244,7,Engineering and engineering trades
Civil Engineering [Limerick],US760,190,Technological University of the Shannon,FALSE,2026,190,7,Architecture and construction
Civil Engineering [Athlone],US761,234,Technological University of the Shannon,FALSE,2026,234,7,Architecture and construction
Agricultural Engineering [Limerick],US769,272,Technological University of the Shannon,FALSE,2026,272,7,Engineering and engineering trades
Mechanical Engineering [Limerick],US771,289,Technological University of the Shannon,FALSE,2026,289,7,Engineering and engineering trades
Engineering (Common Entry) [Athlone],US773,336,Technological University of the Shannon,FALSE,2026,336,7,Engineering and engineering trades
Animation and Illustration [Portfolio] [Athlone],US778,665,Technological University of the Shannon,FALSE,2026,665,7,Arts
Engineering Technology Management [Limerick],US779,232,Technological University of the Shannon,FALSE,2026,232,7,Information and Communication Technologies (ICTs)
Early Childhood Education and Care [Athlone],US780,306,Technological University of the Shannon,FALSE,2026,306,7,Welfare
Social Care Work [Ennis],US781,339,Technological University of the Shannon,FALSE,2026,339,7,Welfare
Applied Social Studies in Social Care [Athlone],US782,214,Technological University of the Shannon,FALSE,2026,214,7,Welfare
Early Childhood Education and Care [Limerick],US783,273,Technological University of the Shannon,FALSE,2026,273,7,Welfare
Applied Sports Science with Sport and Exercise Nutrition [Thurles],US784,219,Technological University of the Shannon,FALSE,2026,219,7,Personal services
Sports Development and Performance [Limerick],US785,209,Technological University of the Shannon,FALSE,2026,209,7,Personal services
Applied Sport Science Strength and Conditioning [Thurles],US786,242,Technological University of the Shannon,FALSE,2026,242,7,Personal services
Business Studies with Sports Management [Limerick],US787,225,Technological University of the Shannon,FALSE,2026,225,7,Business and administration
Exercise and Health Science [Athlone],US788,210,Technological University of the Shannon,FALSE,2026,210,7,Personal services
Applied Sport Science with Performance Technology [Thurles],US789,233,Technological University of the Shannon,FALSE,2026,233,7,Biological and related sciences
Business Studies with Event Management [Limerick],US791,189,Technological University of the Shannon,FALSE,2026,189,7,Business and administration
Business Studies with Beauty and Spa Management [Limerick],US792,173,Technological University of the Shannon,FALSE,2026,173,7,Personal services
Business Studies with Event Mangement [Athlone],US793,242,Technological University of the Shannon,FALSE,2026,242,7,Business and administration
Business with Fashion Management [Limerick],US794,217,Technological University of the Shannon,FALSE,2026,217,7,Business and administration
Culinary Arts [Limerick],US795,222,Technological University of the Shannon,FALSE,2026,222,7,Personal services
Design [Carlow],SE209,250,South East Technological University,FALSE,2026,250,7,Arts
Visual Communications and Design [Wexford],SE210,245,South East Technological University,FALSE,2026,245,7,Arts
Art [Portfolio] [Wexford - Hill Street],SE211,700,South East Technological University,FALSE,2026,700,7,Arts
TV and Media Production [Carlow],SE212,272,South East Technological University,FALSE,2026,272,7,Arts
Content Creation and Social Media [Carlow],SE301,244,South East Technological University,FALSE,2026,244,7,Information and Communication Technologies (ICTs)
Business [Carlow],SE414,214,South East Technological University,FALSE,2026,214,7,Business and administration
Business [Waterford],SE415,211,South East Technological University,FALSE,2026,211,7,Business and administration
Business [Wexford],SE416,198,South East Technological University,FALSE,2026,198,7,Business and administration
Public Relations and Media [Carlow],SE417,207,South East Technological University,FALSE,2026,207,7,Journalism and information
Digital Marketing with Analytics [Carlow],SE418,227,South East Technological University,FALSE,2026,227,7,Business and administration
Fashion Buying and Retail Management [Waterford],SE419,210,South East Technological University,FALSE,2026,210,7,Business and administration
Business (Campus Options) [Carlow or Waterford or Wexford],SE420,,South East Technological University,TRUE,2026,,6,Business and administration
Business with Law [Carlow],SE421,250,South East Technological University,FALSE,2026,250,6,Business and administration
Legal Studies [Waterford],SE422,216,South East Technological University,FALSE,2026,216,6,Law
Legal Studies [Carlow],SE423,215,South East Technological University,FALSE,2026,215,6,Law
Forestry [Waterford],SE505,254,South East Technological University,FALSE,2026,254,7,Forestry 
Horticulture [Waterford - Kildalton],SE506,310,South East Technological University,FALSE,2026,310,7,Agriculture
Horticulture [Dublin - Natnl Botanic Gardens],SE507,,South East Technological University,TRUE,2026,,7,Agriculture
Agriculture [Waterford],SE508,318,South East Technological University,FALSE,2026,318,7,Agriculture
Sustainable Farm Management and Agribusiness [Wexford],SE509,167,South East Technological University,FALSE,2026,167,7,Agriculture
Food Science [Waterford],SE510,366,South East Technological University,FALSE,2026,366,7,Biological and related sciences
Pharmaceutical Science [Waterford],SE511,228,South East Technological University,FALSE,2026,228,7,Physical sciences
Science [Waterford],SE512,291,South East Technological University,FALSE,2026,291,7,Biological and related sciences
Analytical Science [Carlow],SE513,368,South East Technological University,FALSE,2026,368,7,Physical sciences
Molecular Biology with Biopharmaceutical Science [Waterford],SE514,268,South East Technological University,FALSE,2026,268,7,Biological and related sciences
Biosciences [Carlow],SE515,244,South East Technological University,FALSE,2026,244,7,Biological and related sciences
Science - Applied Biology or Applied Chemistry [Carlow],SE516,307,South East Technological University,FALSE,2026,307,6,Biological and related sciences
Applied Microbiology [Carlow],SE520,280,South East Technological University,FALSE,2026,280,7,Biological and related sciences
Software Development [Carlow],SE609,255,South East Technological University,FALSE,2026,255,7,Information and Communication Technologies (ICTs)
Software Systems Development [Waterford],SE610,242,South East Technological University,FALSE,2026,242,7,Information and Communication Technologies (ICTs)
Creative Computing [Waterford],SE611,236,South East Technological University,FALSE,2026,236,7,Information and Communication Technologies (ICTs)
Cyber Crime and IT Security [Carlow],SE612,225,South East Technological University,FALSE,2026,225,7,Information and Communication Technologies (ICTs)
Information Technology [Waterford],SE613,,South East Technological University,TRUE,2026,,7,Information and Communication Technologies (ICTs)
Information Technology Management [Carlow],SE614,,South East Technological University,TRUE,2026,,7,Information and Communication Technologies (ICTs)
Computing in Interactive Digital Art and Design [Carlow],SE615,223,South East Technological University,FALSE,2026,223,7,Arts
Computing - Applications or Programming [Carlow],SE616,269,South East Technological University,FALSE,2026,269,6,Information and Communication Technologies (ICTs)
Computer Games Programming [Carlow],SE618,309,South East Technological University,FALSE,2026,309,7,Information and Communication Technologies (ICTs)
Architectural Technology [Waterford - Granary],SE716,244,South East Technological University,FALSE,2026,244,7,Architecture and construction
Architectural Technology [Carlow],SE717,292,South East Technological University,FALSE,2026,292,7,Architecture and construction
Civil Engineering [Carlow],SE719,242,South East Technological University,FALSE,2026,242,7,Architecture and construction
Electrical Engineering [Waterford],SE720,215,South East Technological University,FALSE,2026,215,7,Engineering and engineering trades
Electronic Engineering [Waterford],SE721,224,South East Technological University,FALSE,2026,224,7,Engineering and engineering trades
Electronic Engineering [Carlow],SE722,261,South East Technological University,FALSE,2026,261,7,Engineering and engineering trades
Mechanical Engineering [Waterford],SE723,200,South East Technological University,FALSE,2026,200,7,Engineering and engineering trades
Mechanical Engineering [Carlow],SE724,407,South East Technological University,FALSE,2026,407,7,Engineering and engineering trades
Manufacturing Engineering [Waterford],SE725,330,South East Technological University,FALSE,2026,330,7,Engineering and engineering trades
Construction Management [Carlow],SE726,264,South East Technological University,FALSE,2026,264,7,Architecture and construction
Biomedical Electronics [Carlow],SE727,356,South East Technological University,FALSE,2026,356,7,Engineering and engineering trades
Robotics and Automated Systems [Carlow],SE728,290,South East Technological University,FALSE,2026,290,7,Engineering and engineering trades
Aircraft Systems [Carlow],SE729,421,South East Technological University,FALSE,2026,421,7,Engineering and engineering trades
Electronic Engineering [Waterford],SE730,487,South East Technological University,FALSE,2026,487,6,Engineering and engineering trades
Mechanical Engineering [Waterford],SE731,224,South East Technological University,FALSE,2026,224,6,Engineering and engineering trades
Tourism and Hospitality Services [Waterford],SE924,191,South East Technological University,FALSE,2026,191,7,Personal services
Tourism and Event Management [Wexford],SE925,271,South East Technological University,FALSE,2026,271,7,Personal services
Professional Social Care Practice [Carlow],SE926,193,South East Technological University,FALSE,2026,193,7,Welfare
Applied Social Care [Waterford - College Street],SE927,188,South East Technological University,FALSE,2026,188,7,Welfare
Applied Health Care [Waterford],SE928,226,South East Technological University,FALSE,2026,226,7,Health
Sport Coaching and Business Management (Gaelic Games) [Portfolio] [Carlo,SE929,700,South East Technological University,FALSE,2026,700,7,Personal services
Sport Coaching and Business Management (Rugby) [Portfolio] [Carlow],SE930,700,South East Technological University,FALSE,2026,700,7,Personal services
Sport Coaching and Business Management (Football) [Portfolio] [Carlow],SE931,700,South East Technological University,FALSE,2026,700,7,Personal services
"Sport, Business and Coaching [Carlow]",SE932,251,South East Technological University,FALSE,2026,251,7,Personal services
Recreation and Sport Management [Waterford],SE933,206,South East Technological University,FALSE,2026,206,7,Personal services
Early Childhood Education and Practice [Wexford],SE934,,South East Technological University,TRUE,2026,,7,Welfare
Early Childhood Education and Practice [Carlow],SE935,214,South East Technological University,FALSE,2026,214,7,Welfare
Physiology and Health Science [Carlow],SE936,430,South East Technological University,FALSE,2026,430,6,Health
Pharmacy Technician Studies [Carlow],SE937,210,South East Technological University,FALSE,2026,210,6,Health
Culinary Arts [Waterford],SE938,179,South East Technological University,FALSE,2026,179,6,Personal services
Recreation and Leisure Management [Cork],MT510,327,Munster Technological University,FALSE,2026,327,7,Personal services
"Health, Sport and Exercise Sciences [Kerry]",MT511,254,Munster Technological University,FALSE,2026,254,7,Personal services
Health and Exercise Sciences with Massage Therapy [Kerry],MT512,301,Munster Technological University,FALSE,2026,301,7,Personal services
Business (Common Entry) [Kerry],MT541,233,Munster Technological University,FALSE,2026,233,7,Business and administration
Business (Common Entry) [Cork],MT550,241,Munster Technological University,FALSE,2026,241,7,Business and administration
Tourism Management [Cork],MT552,215,Munster Technological University,FALSE,2026,215,7,Personal services
Hospitality Management [Cork],MT554,210,Munster Technological University,FALSE,2026,210,7,Personal services
Culinary Leadership and Management [Cork],MT558,242,Munster Technological University,FALSE,2026,242,7,Business and administration
Early Childhood Education and Care [Kerry],MT571,222,Munster Technological University,FALSE,2026,222,7,Welfare
Social Care Work [Cork],MT573,295,Munster Technological University,FALSE,2026,295,7,Welfare
Social Care [Kerry],MT574,265,Munster Technological University,FALSE,2026,265,7,Welfare
Biological and Environmental Studies [Kerry],MT680,286,Munster Technological University,FALSE,2026,286,6,Environment
Pharmacy Technician [Kerry],MT682,223,Munster Technological University,FALSE,2026,223,6,Health
Software Development [Cork],MT700,343,Munster Technological University,FALSE,2026,343,7,Information and Communication Technologies (ICTs)
Computing (Common Entry) [Kerry],MT703,240,Munster Technological University,FALSE,2026,240,7,Information and Communication Technologies (ICTs)
Information Technology and Cybersecurity [Cork],MT705,320,Munster Technological University,FALSE,2026,320,7,Information and Communication Technologies (ICTs)
Animation and Visual Storytelling (Portfolio) [Kerry],MT711,400,Munster Technological University,FALSE,2026,400,7,Arts
Civil Engineering [Cork],MT731,380,Munster Technological University,FALSE,2026,380,7,Architecture and construction
Civil Engineering [Kerry],MT732,303,Munster Technological University,FALSE,2026,303,7,Architecture and construction
Mechanical Engineering [Cork],MT736,361,Munster Technological University,FALSE,2026,361,7,Engineering and engineering trades
Biomedical Engineering [Cork],MT739,381,Munster Technological University,FALSE,2026,381,7,Health
Electrical Engineering [Cork],MT745,340,Munster Technological University,FALSE,2026,340,7,Engineering and engineering trades
Electronic Engineering [Cork],MT746,310,Munster Technological University,FALSE,2026,310,7,Engineering and engineering trades
Automotive Technology and Management [Cork],MT747,282,Munster Technological University,FALSE,2026,282,7,Transport services
Agriculture (In year one students spend two days in Clonakilty Agricultu,MT750,371,Munster Technological University,FALSE,2026,371,7,Agriculture
Construction  (Common Entry) [Cork],MT758,380,Munster Technological University,FALSE,2026,380,7,Architecture and construction
Architectural Technology [Cork],MT759,327,Munster Technological University,FALSE,2026,327,7,Architecture and construction
Interior Architecture [Cork],MT760,350,Munster Technological University,FALSE,2026,350,7,Arts
Environmental Engineering [Cork],MT761,307,Munster Technological University,FALSE,2026,307,7,Engineering and engineering trades
Marine Engineering [NMCI Ringaskiddy],MT764,242,Munster Technological University,FALSE,2026,242,7,Engineering and engineering trades
Marine Electrotechnology [NMCI Ringaskiddy],MT765,245,Munster Technological University,FALSE,2026,245,7,Engineering and engineering trades
Nautical Science [NMCI Ringaskiddy],MT766,241,Munster Technological University,FALSE,2026,241,7,Transport services
Physical Sciences (Common Entry) [Cork],MT770,356,Munster Technological University,FALSE,2026,356,7,Physical sciences
Pharmaceutical Science (Degree Award option - Biopharmaceutics) [Kerry],MT772,293,Munster Technological University,FALSE,2026,293,7,Physical sciences
Analytical and Pharmaceutical Chemistry [Cork],MT774,351,Munster Technological University,FALSE,2026,351,7,Physical sciences
Applied Biosciences [Cork],MT775,440,Munster Technological University,FALSE,2026,440,7,Biological and related sciences
Agricultural Science [Kerry],MT777,288,Munster Technological University,FALSE,2026,288,7,Biological and related sciences
Animal Bioscience [Kerry],MT781,301,Munster Technological University,FALSE,2026,301,7,Veterinary
Applied Physics and Instrumentation [Cork],MT782,347,Munster Technological University,FALSE,2026,347,7,Physical sciences
Veterinary Nursing [Kerry],MT784,391,Munster Technological University,FALSE,2026,391,7,Veterinary
Health Science with Physiotherapy Studies [Letterkenny],AU170,488,Atlantic Technological University,FALSE,2026,488,6,Health
Health Science with Occupational Therapy Studies [Letterkenny],AU171,487,Atlantic Technological University,FALSE,2026,487,6,Health
Health Science with Dietetics Studies [Letterkenny],AU172,357,Atlantic Technological University,FALSE,2026,357,6,Health
Dental Nursing [Letterkenny],AU173,274,Atlantic Technological University,FALSE,2026,274,6,Health
Pharmacy Technician [Letterkenny],AU174,233,Atlantic Technological University,FALSE,2026,233,6,Health
"Early Childhood Care, Health and Education [Letterkenny]",AU190,232,Atlantic Technological University,FALSE,2026,232,6,Welfare
Business - Common Entry [Letterkenny],AU200,188,Atlantic Technological University,FALSE,2026,188,7,Business and administration
Law with Criminal Justice [Letterkenny],AU210,231,Atlantic Technological University,FALSE,2026,231,7,Law
Culinary Arts [Killybegs],AU220,238,Atlantic Technological University,FALSE,2026,238,7,Personal services
Tourism and Hospitality Operations [Letterkenny],AU221,187,Atlantic Technological University,FALSE,2026,187,7,Personal services
Sport and Exercise [Letterkenny],AU222,261,Atlantic Technological University,FALSE,2026,261,7,Personal services
Design - Common Entry [Letterkenny],AU234,237,Atlantic Technological University,FALSE,2026,237,7,Arts
Quantity Surveying [Letterkenny],AU240,252,Atlantic Technological University,FALSE,2026,252,7,Architecture and construction
Civil Engineering [Letterkenny],AU241,290,Atlantic Technological University,FALSE,2026,290,7,Architecture and construction
Construction - Common Entry [Letterkenny],AU242,204,Atlantic Technological University,FALSE,2026,204,7,Architecture and construction
Building Engineering - Common Entry [Letterkenny],AU243,263,Atlantic Technological University,FALSE,2026,263,7,Architecture and construction
Mechanical Engineering [Letterkenny],AU251,280,Atlantic Technological University,FALSE,2026,280,7,Engineering and engineering trades
Computer Games Development [Letterkenny],AU260,245,Atlantic Technological University,FALSE,2026,245,7,Information and Communication Technologies (ICTs)
Computing [Letterkenny],AU261,168,Atlantic Technological University,FALSE,2026,168,7,Information and Communication Technologies (ICTs)
Cybersecurity and Digital Forensics [Letterkenny],AU262,244,Atlantic Technological University,FALSE,2026,244,7,Information and Communication Technologies (ICTs)
Science - Common Entry [Letterkenny],AU270,220,Atlantic Technological University,FALSE,2026,220,7,Biological and related sciences
Veterinary Nursing [Letterkenny],AU271,370,Atlantic Technological University,FALSE,2026,370,7,Veterinary
Agriculture [Letterkenny],AU272,260,Atlantic Technological University,FALSE,2026,260,7,Agriculture
Business [Galway],AU401,179,Atlantic Technological University,FALSE,2026,179,6,Business and administration
Heritage [Galway],AU425,224,Atlantic Technological University,FALSE,2026,224,6,Social and behavioural sciences
Business in Tourism [Galway],AU426,,Atlantic Technological University,FALSE,2026,,6,Personal services
Culinary Arts Professional Chef Programme [Galway],AU429,182,Atlantic Technological University,FALSE,2026,182,6,Personal services
Early Childhood Education and Care [Castlebar],AU491,185,Atlantic Technological University,FALSE,2026,185,6,Education
Business [Galway],AU501,225,Atlantic Technological University,FALSE,2026,225,7,Business and administration
Business Information Systems [Galway],AU502,225,Atlantic Technological University,FALSE,2026,225,7,Information and Communication Technologies (ICTs)
Marketing and Sales [Galway],AU503,220,Atlantic Technological University,FALSE,2026,220,7,Business and administration
Agri-Business Management [Mountbellew],AU506,231,Atlantic Technological University,FALSE,2026,231,7,Agriculture
Art [Portfolio] [Galway],AU518,423,Atlantic Technological University,FALSE,2026,423,7,Arts
Design - Common Entry [Galway],AU519,232,Atlantic Technological University,FALSE,2026,232,7,Arts
Gastronomy Science and Food Innovation [Galway],AU531,247,Atlantic Technological University,FALSE,2026,247,7,Manufacturing and processing
"Tourism, Hospitality & Event Management - Common Entry [Galway]",AU532,241,Atlantic Technological University,FALSE,2026,241,7,Personal services
Architectural Technology [Galway],AU537,302,Atlantic Technological University,FALSE,2026,302,7,Architecture and construction
Software and Electronic Engineering [Galway],AU542,251,Atlantic Technological University,FALSE,2026,251,7,Engineering and engineering trades
Mechanical Engineering [Galway],AU545,372,Atlantic Technological University,FALSE,2026,372,7,Engineering and engineering trades
Biomedical Engineering [Galway],AU547,374,Atlantic Technological University,FALSE,2026,374,7,Engineering and engineering trades
Engineering - Common Entry [Galway],AU549,371,Atlantic Technological University,FALSE,2026,371,7,Engineering and engineering trades
Applied Freshwater and Marine Biology [Galway],AU555,304,Atlantic Technological University,FALSE,2026,304,7,Biological and related sciences
Science - Common Entry [Galway],AU556,282,Atlantic Technological University,FALSE,2026,282,7,Biological and related sciences
Agriculture and Environmental Management [Mountbellew],AU557,261,Atlantic Technological University,FALSE,2026,261,7,Agriculture
Applied Biology and Biopharmaceutical Science [Galway],AU569,290,Atlantic Technological University,FALSE,2026,290,7,Biological and related sciences
Computing in Software Development [Galway],AU576,241,Atlantic Technological University,FALSE,2026,241,7,Information and Communication Technologies (ICTs)
Computing and Digital Media [Galway],AU577,243,Atlantic Technological University,FALSE,2026,243,7,Information and Communication Technologies (ICTs)
"Furniture Design, Making and Technology - Common Entry [Letterfrack]",AU583,337,Atlantic Technological University,FALSE,2026,337,7,Arts
Outdoor Education [Castlebar],AU590,208,Atlantic Technological University,FALSE,2026,208,7,Personal services
Applied Social Care [Castlebar],AU593,260,Atlantic Technological University,FALSE,2026,260,7,Welfare
Computing [Sligo],AU725,180,Atlantic Technological University,FALSE,2026,180,6,Information and Communication Technologies (ICTs)
Science [Sligo],AU730,199,Atlantic Technological University,FALSE,2026,199,6,Biological and related sciences
Business [Sligo],AU800,188,Atlantic Technological University,FALSE,2026,188,7,Business and administration
Marketing [Sligo],AU802,224,Atlantic Technological University,FALSE,2026,224,7,Business and administration
International Tourism and Event Management [Sligo],AU803,235,Atlantic Technological University,FALSE,2026,235,7,Personal services
Applied Sport with Business [Sligo],AU804,221,Atlantic Technological University,FALSE,2026,221,7,Personal services
Interior Architecture and Design [Sligo],AU820,270,Atlantic Technological University,FALSE,2026,270,7,Architecture and construction
Creative Design [Sligo],AU821,172,Atlantic Technological University,FALSE,2026,172,7,Arts
Fine Art [Portfolio] [Sligo],AU822,306,Atlantic Technological University,FALSE,2026,306,7,Arts
Performing Arts [Sligo],AU823,260,Atlantic Technological University,FALSE,2026,260,7,Arts
Engineering - Common  Entry [Sligo],AU830,280,Atlantic Technological University,FALSE,2026,280,7,Engineering and engineering trades
Mechatronic Engineering [Sligo],AU831,280,Atlantic Technological University,FALSE,2026,280,7,Engineering and engineering trades
Mechanical Engineering [Sligo],AU833,289,Atlantic Technological University,FALSE,2026,289,7,Engineering and engineering trades
Civil Engineering [Sligo],AU835,280,Atlantic Technological University,FALSE,2026,280,7,Architecture and construction
Quantity Surveying [Sligo],AU836,250,Atlantic Technological University,FALSE,2026,250,7,Architecture and construction
Advanced Wood and Sustainable Building Technology [Sligo],AU837,245,Atlantic Technological University,FALSE,2026,245,7,Architecture and construction
Computing - Common Entry [Sligo],AU845,249,Atlantic Technological University,FALSE,2026,249,7,Information and Communication Technologies (ICTs)
Games Development [Sligo],AU848,241,Atlantic Technological University,FALSE,2026,241,7,Information and Communication Technologies (ICTs)
Environmental Science with Ecology [Sligo],AU855,260,Atlantic Technological University,FALSE,2026,260,7,Environment
Occupational Safety and Health [Sligo],AU856,261,Atlantic Technological University,FALSE,2026,261,7,Hygiene and occupational health services
Pharmaceutical Science with Drug Development [Sligo],AU857,260,Atlantic Technological University,FALSE,2026,260,7,Physical sciences
Biomedical Science [Sligo],AU858,260,Atlantic Technological University,FALSE,2026,260,7,Health
Forensic Investigation and Analysis [Sligo],AU859,261,Atlantic Technological University,FALSE,2026,261,7,Biological and related sciences
Health Science and Physiology [Sligo],AU861,311,Atlantic Technological University,FALSE,2026,311,7,Health
Human Nutrition [Sligo],AU862,260,Atlantic Technological University,FALSE,2026,260,7,Health
Business,DS701,180,Dorset College,FALSE,2026,180,7,Business and administration
Computing,DS702,279,Dorset College,FALSE,2026,279,7,Information and Communication Technologies (ICTs)
Sound Engineering and Music Production,DB534,109,Dublin Business School,FALSE,2026,109,6,Arts
Business Studies,DB571,146,Dublin Business School,FALSE,2026,146,7,Business and administration
Business in Accounting,DB572,178,Dublin Business School,FALSE,2026,178,7,Business and administration
Business in Marketing,DB573,112,Dublin Business School,FALSE,2026,112,7,Business and administration
Film and Creative Media,DB576,116,Dublin Business School,FALSE,2026,116,7,Arts
Computing [Dublin],GC435,244,Griffith College,FALSE,2026,244,7,Information and Communication Technologies (ICTs)
Communications [Dublin],GC465,,Griffith College,TRUE,2026,,7,Journalism and information
Graphic Communication Design [Dublin],GC480,283,Griffith College,FALSE,2026,283,7,Arts
Interior Architecture & Design [Dublin],GC490,120,Griffith College,FALSE,2026,120,7,Arts
Fashion Design [Dublin],GC495,142,Griffith College,FALSE,2026,142,7,Arts
Business [Dublin],BY002,145,IBAT College Dublin,FALSE,2026,145,7,Business and administration
Computing,NC102,,National College of Ireland (NCI),TRUE,2026,,6,Information and Communication Technologies (ICTs)
Business,NC103,,National College of Ireland (NCI),TRUE,2026,,6,Business and administration
Data Science,NC105,,National College of Ireland (NCI),TRUE,2026,,6,Information and Communication Technologies (ICTs)
Applied Biology [Tallaght],TU651,227,Technological University Dublin,FALSE,2026,227,6,Biological and related sciences
Computing [Tallaght],TU652,,Technological University Dublin,TRUE,2026,,6,Information and Communication Technologies (ICTs)
Pharmacy Technician Studies [Grangegorman],TU654,330,Technological University Dublin,FALSE,2026,330,6,Health
Business (Campus Options) [Blanchardstown OR Tallaght],TU670,,Technological University Dublin,TRUE,2026,,6,Business and administration
Business Management [Aungier Street],TU673,250,Technological University Dublin,FALSE,2026,250,6,Business and administration
Business and Finance [Aungier Street],TU674,251,Technological University Dublin,FALSE,2026,251,6,Business and administration
Marketing [Aungier Street],TU675,250,Technological University Dublin,FALSE,2026,250,6,Business and administration
Automation Engineering and Robotics [Bolton Street],TU701,352,Technological University Dublin,FALSE,2026,352,7,Engineering and engineering trades
Building Engineering [Bolton Street],TU703,361,Technological University Dublin,FALSE,2026,361,7,Architecture and construction
Civil Engineering [Bolton Street],TU704,400,Technological University Dublin,FALSE,2026,400,7,Architecture and construction
Electrical and Control Engineering [Grangegorman],TU705,323,Technological University Dublin,FALSE,2026,323,7,Engineering and engineering trades
Electrical Services Engineering [Grangegorman],TU706,311,Technological University Dublin,FALSE,2026,311,7,Engineering and engineering trades
Engineering (General Entry) [Blanchardstown],TU708,300,Technological University Dublin,FALSE,2026,300,7,Engineering and engineering trades
Engineering (General Entry) [Bolton St AND Grangegorman],TU709,478,Technological University Dublin,FALSE,2026,478,7,Engineering and engineering trades
Computer Engineering [Blanchardstown],TU713,222,Technological University Dublin,FALSE,2026,222,7,Engineering and engineering trades
Electronics and Communications Engineering [Grangegorman],TU714,,Technological University Dublin,TRUE,2026,,7,Engineering and engineering trades
Networking Technologies [Grangegorman],TU716,205,Technological University Dublin,FALSE,2026,205,7,Engineering and engineering trades
Mechanical Engineering [Bolton Street],TU717,433,Technological University Dublin,FALSE,2026,433,7,Engineering and engineering trades
Automotive Management and Technology [Bolton Street],TU720,,Technological University Dublin,TRUE,2026,,7,Engineering and engineering trades
Aviation Technology [Bolton Street],TU721,390,Technological University Dublin,FALSE,2026,390,7,Engineering and engineering trades
Process Instrumentation and Automation (Learn and Work) [Blanchardstown],TU722,,Technological University Dublin,TRUE,2026,,7,Engineering and engineering trades
Mechanical Engineering [Tallaght],TU725,,Technological University Dublin,TRUE,2026,,7,Engineering and engineering trades
Electronic Engineering and Engineering Software (General Entry) [Tallagh,TU726,209,Technological University Dublin,FALSE,2026,209,7,Engineering and engineering trades
"Auctioneering, Valuation and Estate Agency [Bolton Street]",TU731,366,Technological University Dublin,FALSE,2026,366,7,Business and administration
Sports Management and Coaching [Blanchardstown],TU735,245,Technological University Dublin,FALSE,2026,245,7,Personal services
Sports Science and Health [Tallaght],TU736,451,Technological University Dublin,FALSE,2026,451,7,Biological and related sciences
Sports Studies [Tallaght],TU737,302,Technological University Dublin,FALSE,2026,302,7,Biological and related sciences
Baking and Pastry Arts Management [Grangegorman],TU741,,Technological University Dublin,TRUE,2026,,7,Personal services
Culinary Arts [Tallaght],TU742,,Technological University Dublin,TRUE,2026,,7,Personal services
Hospitality Management [Grangegorman],TU745,,Technological University Dublin,TRUE,2026,,7,Personal services
International Hospitality and Tourism Management [Tallaght],TU746,,Technological University Dublin,TRUE,2026,,7,Personal services
Tourism Management [Grangegorman],TU747,,Technological University Dublin,TRUE,2026,,7,Personal services
Biosciences [Grangegorman],TU751,400,Technological University Dublin,FALSE,2026,400,7,Biological and related sciences
DNA and Forensic Analysis [Tallaght],TU752,410,Technological University Dublin,FALSE,2026,410,7,Biological and related sciences
Industrial and Environmental Physics [Grangegorman],TU754,250,Technological University Dublin,FALSE,2026,250,7,Physical sciences
Science (General Entry) [Grangegorman],TU755,401,Technological University Dublin,FALSE,2026,401,7,Physical sciences
Computing (General Entry) [Tallaght],TU756,,Technological University Dublin,TRUE,2026,,7,Information and Communication Technologies (ICTs)
Computing (Information Technology) [Blanchardstown],TU757,204,Technological University Dublin,FALSE,2026,204,7,Information and Communication Technologies (ICTs)
Digital Forensics and Cyber Security [Blanchardstown],TU758,270,Technological University Dublin,FALSE,2026,270,7,Information and Communication Technologies (ICTs)
Bioanalysis [Tallaght],TU760,336,Technological University Dublin,FALSE,2026,336,7,Biological and related sciences
Dispensing Optician [Grangegorman],TU761,455,Technological University Dublin,FALSE,2026,455,7,Physical sciences
Medicinal Chemistry and Pharmaceutical Sciences [Grangegorman],TU762,380,Technological University Dublin,FALSE,2026,380,7,Physical sciences
Pharmaceutical Science [Tallaght],TU763,368,Technological University Dublin,FALSE,2026,368,7,Biological and related sciences
Secure Networking and Cloud Technologies (Learn and Work) [Blanchardstow,TU767,241,Technological University Dublin,FALSE,2026,241,7,Information and Communication Technologies (ICTs)
Business (General Entry) [Blanchardstown],TU772,,Technological University Dublin,TRUE,2026,,7,Business and administration
Digital Marketing [Blanchardstown OR Tallaght],TU782,,Technological University Dublin,TRUE,2026,,7,Business and administration
Business (General Entry) [Tallaght],TU787,,Technological University Dublin,TRUE,2026,,7,Business and administration
Accounting and Finance (Campus Options) [Blanchardstown OR Tallaght],TU788,205,Technological University Dublin,FALSE,2026,205,7,Business and administration
Early Childhood Education and Care (Campus Options) [Blanchardstown OR T,TU790,,Technological University Dublin,TRUE,2026,,7,Welfare
Applied Social Studies in Social Care [Blanchardstown],TU791,250,Technological University Dublin,FALSE,2026,250,7,Welfare
Community and Youth Development [Blanchardstown],TU792,,Technological University Dublin,TRUE,2026,,7,Social and behavioural sciences
Visual Merchandising and Display [Portfolio] [Grangegorman],TU795,748,Technological University Dublin,FALSE,2026,748,7,Arts
Creative Digital Media [Blanchardstown],TU796,232,Technological University Dublin,FALSE,2026,232,7,Arts
Dental Nursing,TR801,510,Trinity College Dublin,FALSE,2026,510,7,Health
Dental Hygiene [Interview],TR802,625,Trinity College Dublin,FALSE,2026,625,7,Health
Dental Technology [Interview],TR803,589,Trinity College Dublin,FALSE,2026,589,7,Health
Business and Management,DK710,,Dundalk Institute of Technology,TRUE,2026,,7,Business and administration
Business and Technology,DK711,200,Dundalk Institute of Technology,FALSE,2026,200,7,Business and administration
Digital Marketing and Public Relations,DK712,206,Dundalk Institute of Technology,FALSE,2026,206,7,Business and administration
Computing in Games Development,DK720,,Dundalk Institute of Technology,TRUE,2026,,7,Information and Communication Technologies (ICTs)
Computing in Data Science and AI,DK722,243,Dundalk Institute of Technology,FALSE,2026,243,7,Information and Communication Technologies (ICTs)
Computing in Development and Operations Engineering,DK723,231,Dundalk Institute of Technology,FALSE,2026,231,7,Information and Communication Technologies (ICTs)
Computing in Cybersecurity and Computing Infrastructure,DK725,217,Dundalk Institute of Technology,FALSE,2026,217,7,Information and Communication Technologies (ICTs)
Computing in Software Development,DK726,261,Dundalk Institute of Technology,FALSE,2026,261,7,Information and Communication Technologies (ICTs)
Building Surveying,DK730,270,Dundalk Institute of Technology,FALSE,2026,270,7,Architecture and construction
Architectural Technology,DK731,326,Dundalk Institute of Technology,FALSE,2026,326,7,Architecture and construction
Construction Management,DK732,300,Dundalk Institute of Technology,FALSE,2026,300,7,Architecture and construction
Quantity Surveying,DK734,299,Dundalk Institute of Technology,FALSE,2026,299,7,Architecture and construction
Engineering - Electrical and Electronic Systems,DK740,,Dundalk Institute of Technology,TRUE,2026,,7,Engineering and engineering trades
Engineering - Mechanical Engineering,DK742,165,Dundalk Institute of Technology,FALSE,2026,165,7,Engineering and engineering trades
Engineering - Civil Engineering,DK744,207,Dundalk Institute of Technology,FALSE,2026,207,7,Architecture and construction
Hospitality Management,DK750,271,Dundalk Institute of Technology,FALSE,2026,271,7,Personal services
Event Management,DK752,,Dundalk Institute of Technology,TRUE,2026,,7,Personal services
Culinary Arts,DK753,232,Dundalk Institute of Technology,FALSE,2026,232,7,Personal services
"Sport, Exercise and Enterprise",DK763,,Dundalk Institute of Technology,TRUE,2026,,7,Personal services
Film and Television Production,DK764,272,Dundalk Institute of Technology,FALSE,2026,272,7,Arts
Community Youth Work [Interview],DK767,240,Dundalk Institute of Technology,FALSE,2026,240,7,Welfare
Audio and Music Production,DK768,205,Dundalk Institute of Technology,FALSE,2026,205,7,Arts
Creative Media,DK769,174,Dundalk Institute of Technology,FALSE,2026,174,7,Arts
Drama Theatre and Film,DK770,199,Dundalk Institute of Technology,FALSE,2026,199,7,Arts
Musical Theatre (Audition),DK771,465,Dundalk Institute of Technology,FALSE,2026,465,7,Arts
Science - Bioscience,DK781,223,Dundalk Institute of Technology,FALSE,2026,223,7,Biological and related sciences
Science - Pharmaceutical Science,DK783,,Dundalk Institute of Technology,TRUE,2026,,7,Biological and related sciences
Veterinary Nursing,DK784,419,Dundalk Institute of Technology,FALSE,2026,419,7,Veterinary
Business,GB001,142,Galway Business School,FALSE,2026,142,7,Business and administration
Equine Science,LM180,317,University of Limerick,FALSE,2026,317,6,Biological and related sciences
Strength and Conditioning [Online],SC601,308,Setanta College,FALSE,2026,308,6,Personal services
Strength and Conditioning [Online],SC701,349,Setanta College,FALSE,2026,349,7,Personal services
